timeStamp,elapsed,label,responseCode,responseMessage,threadName,dataType,success,failureMessage,bytes,sentBytes,grpThreads,allThreads,URL,Latency,IdleTime,Connect
1784912409017,91,01 POST /api/auth/login,200,OK,Moderate Load - 50 users over 60s 2-1,text,true,,1486,326,1,1,http://localhost:5000/api/auth/login,88,0,20
1784912409650,3,02 GET / (index.html),200,OK,Moderate Load - 50 users over 60s 2-1,text,true,,1795,444,1,1,http://localhost:5000/,3,0,0
1784912410162,3,03 GET /assets/index.js (main bundle),200,OK,Moderate Load - 50 users over 60s 2-1,text,true,,233662,459,2,2,http://localhost:5000/assets/index.js,3,0,0
1784912410179,61,01 POST /api/auth/login,200,OK,Moderate Load - 50 users over 60s 2-2,text,true,,1486,326,2,2,http://localhost:5000/api/auth/login,61,0,1
1784912410671,2,04 GET /assets/index.css,200,OK,Moderate Load - 50 users over 60s 2-1,text,true,,29024,460,2,2,http://localhost:5000/assets/index.css,2,0,0
1784912410749,3,02 GET / (index.html),200,OK,Moderate Load - 50 users over 60s 2-2,text,true,,1795,444,2,2,http://localhost:5000/,3,0,0
1784912411175,82,05 GET /api/dashboard/stats,200,OK,Moderate Load - 50 users over 60s 2-1,text,true,,1220,463,3,3,http://localhost:5000/api/dashboard/stats,82,0,0
1784912411254,6,03 GET /assets/index.js (main bundle),200,OK,Moderate Load - 50 users over 60s 2-2,text,true,,233662,459,3,3,http://localhost:5000/assets/index.js,5,0,0
1784912411373,70,01 POST /api/auth/login,200,OK,Moderate Load - 50 users over 60s 2-3,text,true,,1486,326,3,3,http://localhost:5000/api/auth/login,70,0,1
1784912411763,3,04 GET /assets/index.css,200,OK,Moderate Load - 50 users over 60s 2-2,text,true,,29024,460,3,3,http://localhost:5000/assets/index.css,3,0,0
1784912411761,23,06 GET /api/patients (paginated list),200,OK,Moderate Load - 50 users over 60s 2-1,text,true,,10675,473,3,3,http://localhost:5000/api/patients?page=25&limit=20,23,0,0
1784912411948,3,02 GET / (index.html),200,OK,Moderate Load - 50 users over 60s 2-3,text,true,,1795,444,3,3,http://localhost:5000/,3,0,0
1784912412267,2,05 GET /api/dashboard/stats,200,OK,Moderate Load - 50 users over 60s 2-2,text,true,,1219,463,4,4,http://localhost:5000/api/dashboard/stats,2,0,0
1784912412286,5,07 GET /api/patients?search= (name search),200,OK,Moderate Load - 50 users over 60s 2-1,text,true,,1161,482,4,4,http://localhost:5000/api/patients?search=zn&page=1&limit=20,5,0,0
1784912412452,2,03 GET /assets/index.js (main bundle),200,OK,Moderate Load - 50 users over 60s 2-3,text,true,,233662,459,4,4,http://localhost:5000/assets/index.js,2,0,0
1784912412571,61,01 POST /api/auth/login,200,OK,Moderate Load - 50 users over 60s 2-4,text,true,,1486,326,4,4,http://localhost:5000/api/auth/login,61,0,1
1784912412771,24,06 GET /api/patients (paginated list),200,OK,Moderate Load - 50 users over 60s 2-2,text,true,,10808,473,4,4,http://localhost:5000/api/patients?page=21&limit=20,24,0,0
1784912412803,6,08 GET /api/patients/{id} (record with history),200,OK,Moderate Load - 50 users over 60s 2-1,text,true,,8760,459,4,4,http://localhost:5000/api/patients/35,6,0,0
1784912412958,2,04 GET /assets/index.css,200,OK,Moderate Load - 50 users over 60s 2-3,text,true,,29024,460,4,4,http://localhost:5000/assets/index.css,1,0,0
1784912413134,2,02 GET / (index.html),200,OK,Moderate Load - 50 users over 60s 2-4,text,true,,1795,444,4,4,http://localhost:5000/,2,0,0
1784912413297,5,07 GET /api/patients?search= (name search),200,OK,Moderate Load - 50 users over 60s 2-2,text,true,,1161,482,5,5,http://localhost:5000/api/patients?search=qe&page=1&limit=20,5,0,0
1784912413311,5,09 GET /api/appointments (day view),200,OK,Moderate Load - 50 users over 60s 2-1,text,true,,1807,460,5,5,http://localhost:5000/api/appointments,5,0,0
1784912413461,3,05 GET /api/dashboard/stats,200,OK,Moderate Load - 50 users over 60s 2-3,text,true,,1219,463,5,5,http://localhost:5000/api/dashboard/stats,3,0,0
1784912413637,3,03 GET /assets/index.js (main bundle),200,OK,Moderate Load - 50 users over 60s 2-4,text,true,,233662,459,5,5,http://localhost:5000/assets/index.js,3,0,0
1784912413768,61,01 POST /api/auth/login,200,OK,Moderate Load - 50 users over 60s 2-5,text,true,,1486,326,5,5,http://localhost:5000/api/auth/login,61,0,1
1784912413830,62,01 POST /api/auth/login,200,OK,Moderate Load - 50 users over 60s 2-1,text,true,,1486,543,5,5,http://localhost:5000/api/auth/login,62,0,0
1784912413814,82,08 GET /api/patients/{id} (record with history),200,OK,Moderate Load - 50 users over 60s 2-2,text,true,,11259,459,5,5,http://localhost:5000/api/patients/19,82,0,0
1784912413968,21,06 GET /api/patients (paginated list),200,OK,Moderate Load - 50 users over 60s 2-3,text,true,,10796,473,5,5,http://localhost:5000/api/patients?page=15&limit=20,21,0,0
1784912414142,2,04 GET /assets/index.css,200,OK,Moderate Load - 50 users over 60s 2-4,text,true,,29024,460,5,5,http://localhost:5000/assets/index.css,2,0,0
1784912414331,2,02 GET / (index.html),200,OK,Moderate Load - 50 users over 60s 2-5,text,true,,1795,444,5,5,http://localhost:5000/,2,0,0
1784912414394,3,02 GET / (index.html),200,OK,Moderate Load - 50 users over 60s 2-1,text,true,,1795,444,5,5,http://localhost:5000/,2,0,0
1784912414397,1,09 GET /api/appointments (day view),200,OK,Moderate Load - 50 users over 60s 2-2,text,true,,1806,460,5,5,http://localhost:5000/api/appointments,1,0,0
1784912414491,6,07 GET /api/patients?search= (name search),200,OK,Moderate Load - 50 users over 60s 2-3,text,true,,1161,482,6,6,http://localhost:5000/api/patients?search=xv&page=1&limit=20,6,0,0
1784912414645,2,05 GET /api/dashboard/stats,200,OK,Moderate Load - 50 users over 60s 2-4,text,true,,1219,463,6,6,http://localhost:5000/api/dashboard/stats,2,0,0
1784912414835,3,03 GET /assets/index.js (main bundle),200,OK,Moderate Load - 50 users over 60s 2-5,text,true,,233662,459,6,6,http://localhost:5000/assets/index.js,2,0,0
1784912414899,61,01 POST /api/auth/login,200,OK,Moderate Load - 50 users over 60s 2-2,text,true,,1486,543,6,6,http://localhost:5000/api/auth/login,61,0,0
1784912414897,64,03 GET /assets/index.js (main bundle),200,OK,Moderate Load - 50 users over 60s 2-1,text,true,,233662,459,6,6,http://localhost:5000/assets/index.js,5,0,0
1784912414977,61,01 POST /api/auth/login,200,OK,Moderate Load - 50 users over 60s 2-6,text,true,,1486,326,6,6,http://localhost:5000/api/auth/login,61,0,1
1784912415007,38,08 GET /api/patients/{id} (record with history),200,OK,Moderate Load - 50 users over 60s 2-3,text,true,,10587,459,6,6,http://localhost:5000/api/patients/47,38,0,0
1784912415148,21,06 GET /api/patients (paginated list),200,OK,Moderate Load - 50 users over 60s 2-4,text,true,,10915,473,6,6,http://localhost:5000/api/patients?page=49&limit=20,21,0,0
1784912415350,2,04 GET /assets/index.css,200,OK,Moderate Load - 50 users over 60s 2-5,text,true,,29024,460,6,6,http://localhost:5000/assets/index.css,2,0,0
1784912415474,2,04 GET /assets/index.css,200,OK,Moderate Load - 50 users over 60s 2-1,text,true,,29024,460,6,6,http://localhost:5000/assets/index.css,2,0,0
1784912415474,2,02 GET / (index.html),200,OK,Moderate Load - 50 users over 60s 2-2,text,true,,1795,444,6,6,http://localhost:5000/,2,0,0
1784912415550,3,09 GET /api/appointments (day view),200,OK,Moderate Load - 50 users over 60s 2-3,text,true,,1806,460,6,6,http://localhost:5000/api/appointments,3,0,0
1784912415550,4,02 GET / (index.html),200,OK,Moderate Load - 50 users over 60s 2-6,text,true,,1795,444,6,6,http://localhost:5000/,4,0,0
1784912415674,6,07 GET /api/patients?search= (name search),200,OK,Moderate Load - 50 users over 60s 2-4,text,true,,1161,482,7,7,http://localhost:5000/api/patients?search=dl&page=1&limit=20,6,0,0
1784912415859,3,05 GET /api/dashboard/stats,200,OK,Moderate Load - 50 users over 60s 2-5,text,true,,1219,463,7,7,http://localhost:5000/api/dashboard/stats,3,0,0
1784912415983,3,05 GET /api/dashboard/stats,200,OK,Moderate Load - 50 users over 60s 2-1,text,true,,1219,463,7,7,http://localhost:5000/api/dashboard/stats,3,0,0
1784912415983,4,03 GET /assets/index.js (main bundle),200,OK,Moderate Load - 50 users over 60s 2-2,text,true,,233662,459,7,7,http://localhost:5000/assets/index.js,3,0,0
1784912416055,64,01 POST /api/auth/login,200,OK,Moderate Load - 50 users over 60s 2-3,text,true,,1486,543,7,7,http://localhost:5000/api/auth/login,64,0,0
1784912416055,64,03 GET /assets/index.js (main bundle),200,OK,Moderate Load - 50 users over 60s 2-6,text,true,,233662,459,7,7,http://localhost:5000/assets/index.js,2,0,0
1784912416168,63,01 POST /api/auth/login,200,OK,Moderate Load - 50 users over 60s 2-7,text,true,,1486,326,7,7,http://localhost:5000/api/auth/login,63,0,1
1784912416183,54,08 GET /api/patients/{id} (record with history),200,OK,Moderate Load - 50 users over 60s 2-4,text,true,,10580,459,7,7,http://localhost:5000/api/patients/38,54,0,0
1784912416368,22,06 GET /api/patients (paginated list),200,OK,Moderate Load - 50 users over 60s 2-5,text,true,,10759,473,7,7,http://localhost:5000/api/patients?page=39&limit=20,22,0,0
1784912416493,3,04 GET /assets/index.css,200,OK,Moderate Load - 50 users over 60s 2-2,text,true,,29024,460,7,7,http://localhost:5000/assets/index.css,3,0,0
1784912416493,21,06 GET /api/patients (paginated list),200,OK,Moderate Load - 50 users over 60s 2-1,text,true,,10643,473,7,7,http://localhost:5000/api/patients?page=22&limit=20,21,0,0
1784912416632,2,02 GET / (index.html),200,OK,Moderate Load - 50 users over 60s 2-3,text,true,,1795,444,7,7,http://localhost:5000/,2,0,0
1784912416632,3,04 GET /assets/index.css,200,OK,Moderate Load - 50 users over 60s 2-6,text,true,,29024,460,7,7,http://localhost:5000/assets/index.css,3,0,0
1784912416742,3,09 GET /api/appointments (day view),200,OK,Moderate Load - 50 users over 60s 2-4,text,true,,1806,460,7,7,http://localhost:5000/api/appointments,3,0,0
1784912416742,4,02 GET / (index.html),200,OK,Moderate Load - 50 users over 60s 2-7,text,true,,1795,444,7,7,http://localhost:5000/,4,0,0
1784912416898,6,07 GET /api/patients?search= (name search),200,OK,Moderate Load - 50 users over 60s 2-5,text,true,,1161,482,8,8,http://localhost:5000/api/patients?search=oa&page=1&limit=20,5,0,0
1784912417006,3,05 GET /api/dashboard/stats,200,OK,Moderate Load - 50 users over 60s 2-2,text,true,,1219,463,8,8,http://localhost:5000/api/dashboard/stats,3,0,0
1784912417022,4,07 GET /api/patients?search= (name search),200,OK,Moderate Load - 50 users over 60s 2-1,text,true,,1161,482,8,8,http://localhost:5000/api/patients?search=hr&page=1&limit=20,4,0,0
1784912417135,3,03 GET /assets/index.js (main bundle),200,OK,Moderate Load - 50 users over 60s 2-3,text,true,,233662,459,8,8,http://localhost:5000/assets/index.js,3,0,0
1784912417138,2,05 GET /api/dashboard/stats,200,OK,Moderate Load - 50 users over 60s 2-6,text,true,,1219,463,8,8,http://localhost:5000/api/dashboard/stats,2,0,0
1784912417247,61,01 POST /api/auth/login,200,OK,Moderate Load - 50 users over 60s 2-4,text,true,,1486,543,8,8,http://localhost:5000/api/auth/login,61,0,0
1784912417247,62,03 GET /assets/index.js (main bundle),200,OK,Moderate Load - 50 users over 60s 2-7,text,true,,233662,459,8,8,http://localhost:5000/assets/index.js,62,0,0
1784912417364,62,01 POST /api/auth/login,200,OK,Moderate Load - 50 users over 60s 2-8,text,true,,1486,326,8,8,http://localhost:5000/api/auth/login,62,0,1
1784912417409,24,08 GET /api/patients/{id} (record with history),200,OK,Moderate Load - 50 users over 60s 2-5,text,true,,12438,459,8,8,http://localhost:5000/api/patients/31,24,0,0
1784912417518,23,06 GET /api/patients (paginated list),200,OK,Moderate Load - 50 users over 60s 2-2,text,true,,10554,473,8,8,http://localhost:5000/api/patients?page=34&limit=20,23,0,0
1784912417534,10,08 GET /api/patients/{id} (record with history),200,OK,Moderate Load - 50 users over 60s 2-1,text,true,,11166,458,8,8,http://localhost:5000/api/patients/8,10,0,0
1784912417641,3,06 GET /api/patients (paginated list),200,OK,Moderate Load - 50 users over 60s 2-6,text,true,,10642,473,8,8,http://localhost:5000/api/patients?page=22&limit=20,3,0,0
1784912417641,5,04 GET /assets/index.css,200,OK,Moderate Load - 50 users over 60s 2-3,text,true,,29024,460,8,8,http://localhost:5000/assets/index.css,5,0,0
1784912417813,2,04 GET /assets/index.css,200,OK,Moderate Load - 50 users over 60s 2-7,text,true,,29024,460,8,8,http://localhost:5000/assets/index.css,2,0,0
1784912417813,2,02 GET / (index.html),200,OK,Moderate Load - 50 users over 60s 2-4,text,true,,1795,444,8,8,http://localhost:5000/,2,0,0
1784912417938,2,09 GET /api/appointments (day view),200,OK,Moderate Load - 50 users over 60s 2-5,text,true,,1806,460,8,8,http://localhost:5000/api/appointments,2,0,0
1784912417938,2,02 GET / (index.html),200,OK,Moderate Load - 50 users over 60s 2-8,text,true,,1795,444,8,8,http://localhost:5000/,2,0,0
1784912418045,3,09 GET /api/appointments (day view),200,OK,Moderate Load - 50 users over 60s 2-1,text,true,,1806,460,8,8,http://localhost:5000/api/appointments,3,0,0
1784912418042,8,07 GET /api/patients?search= (name search),200,OK,Moderate Load - 50 users over 60s 2-2,text,true,,1161,482,8,8,http://localhost:5000/api/patients?search=pu&page=1&limit=20,8,0,0
1784912418147,2,05 GET /api/dashboard/stats,200,OK,Moderate Load - 50 users over 60s 2-3,text,true,,1219,463,9,9,http://localhost:5000/api/dashboard/stats,2,0,0
1784912418145,6,07 GET /api/patients?search= (name search),200,OK,Moderate Load - 50 users over 60s 2-6,text,true,,1161,482,9,9,http://localhost:5000/api/patients?search=nh&page=1&limit=20,6,0,0
1784912418318,2,05 GET /api/dashboard/stats,200,OK,Moderate Load - 50 users over 60s 2-7,text,true,,1219,463,9,9,http://localhost:5000/api/dashboard/stats,2,0,0
1784912418318,4,03 GET /assets/index.js (main bundle),200,OK,Moderate Load - 50 users over 60s 2-4,text,true,,233662,459,9,9,http://localhost:5000/assets/index.js,4,0,0
1784912418440,64,01 POST /api/auth/login,200,OK,Moderate Load - 50 users over 60s 2-5,text,true,,1486,543,9,9,http://localhost:5000/api/auth/login,64,0,0
1784912418441,65,03 GET /assets/index.js (main bundle),200,OK,Moderate Load - 50 users over 60s 2-8,text,true,,233662,459,9,9,http://localhost:5000/assets/index.js,64,0,0
1784912418551,8,08 GET /api/patients/{id} (record with history),200,OK,Moderate Load - 50 users over 60s 2-2,text,true,,11219,459,9,9,http://localhost:5000/api/patients/30,8,0,0
1784912418573,62,01 POST /api/auth/login,200,OK,Moderate Load - 50 users over 60s 2-9,text,true,,1486,326,9,9,http://localhost:5000/api/auth/login,61,0,1
1784912418666,3,08 GET /api/patients/{id} (record with history),200,OK,Moderate Load - 50 users over 60s 2-6,text,true,,10579,459,9,9,http://localhost:5000/api/patients/38,3,0,0
1784912418651,24,06 GET /api/patients (paginated list),200,OK,Moderate Load - 50 users over 60s 2-3,text,true,,10532,473,9,9,http://localhost:5000/api/patients?page=47&limit=20,24,0,0
1784912418824,3,06 GET /api/patients (paginated list),200,OK,Moderate Load - 50 users over 60s 2-7,text,true,,10720,473,9,9,http://localhost:5000/api/patients?page=29&limit=20,3,0,0
1784912418824,5,04 GET /assets/index.css,200,OK,Moderate Load - 50 users over 60s 2-4,text,true,,29024,460,9,9,http://localhost:5000/assets/index.css,5,0,0
1784912419009,3,04 GET /assets/index.css,200,OK,Moderate Load - 50 users over 60s 2-8,text,true,,29024,460,9,9,http://localhost:5000/assets/index.css,3,0,0
1784912419009,3,02 GET / (index.html),200,OK,Moderate Load - 50 users over 60s 2-5,text,true,,1795,444,9,9,http://localhost:5000/,3,0,0
1784912419060,3,09 GET /api/appointments (day view),200,OK,Moderate Load - 50 users over 60s 2-2,text,true,,1806,460,9,9,http://localhost:5000/api/appointments,3,0,0
1784912419136,2,02 GET / (index.html),200,OK,Moderate Load - 50 users over 60s 2-9,text,true,,1795,444,9,9,http://localhost:5000/,2,0,0
1784912419170,2,09 GET /api/appointments (day view),200,OK,Moderate Load - 50 users over 60s 2-6,text,true,,1806,460,9,9,http://localhost:5000/api/appointments,2,0,0
1784912419177,6,07 GET /api/patients?search= (name search),200,OK,Moderate Load - 50 users over 60s 2-3,text,true,,1161,482,9,9,http://localhost:5000/api/patients?search=mb&page=1&limit=20,6,0,0
1784912419330,3,05 GET /api/dashboard/stats,200,OK,Moderate Load - 50 users over 60s 2-4,text,true,,1219,463,10,10,http://localhost:5000/api/dashboard/stats,3,0,0
1784912419329,6,07 GET /api/patients?search= (name search),200,OK,Moderate Load - 50 users over 60s 2-7,text,true,,1161,482,10,10,http://localhost:5000/api/patients?search=xl&page=1&limit=20,6,0,0
1784912419513,2,05 GET /api/dashboard/stats,200,OK,Moderate Load - 50 users over 60s 2-8,text,true,,1219,463,10,10,http://localhost:5000/api/dashboard/stats,2,0,0
1784912419515,2,03 GET /assets/index.js (main bundle),200,OK,Moderate Load - 50 users over 60s 2-5,text,true,,233662,459,10,10,http://localhost:5000/assets/index.js,1,0,0
1784912419564,60,01 POST /api/auth/login,200,OK,Moderate Load - 50 users over 60s 2-2,text,true,,1486,543,10,10,http://localhost:5000/api/auth/login,60,0,0
1784912419639,3,03 GET /assets/index.js (main bundle),200,OK,Moderate Load - 50 users over 60s 2-9,text,true,,233662,459,10,10,http://localhost:5000/assets/index.js,3,0,0
1784912419674,61,01 POST /api/auth/login,200,OK,Moderate Load - 50 users over 60s 2-6,text,true,,1486,543,10,10,http://localhost:5000/api/auth/login,61,0,0
1784912419684,56,08 GET /api/patients/{id} (record with history),200,OK,Moderate Load - 50 users over 60s 2-3,text,true,,9424,459,10,10,http://localhost:5000/api/patients/39,56,0,0
1784912419768,62,01 POST /api/auth/login,200,OK,Moderate Load - 50 users over 60s 2-10,text,true,,1486,326,10,10,http://localhost:5000/api/auth/login,62,0,1
1784912419845,7,08 GET /api/patients/{id} (record with history),200,OK,Moderate Load - 50 users over 60s 2-7,text,true,,8822,459,10,10,http://localhost:5000/api/patients/43,7,0,0
1784912419845,23,06 GET /api/patients (paginated list),200,OK,Moderate Load - 50 users over 60s 2-4,text,true,,10904,473,10,10,http://localhost:5000/api/patients?page=48&limit=20,23,0,0
1784912420031,3,04 GET /assets/index.css,200,OK,Moderate Load - 50 users over 60s 2-5,text,true,,29024,460,10,10,http://localhost:5000/assets/index.css,3,0,0
1784912420016,22,06 GET /api/patients (paginated list),200,OK,Moderate Load - 50 users over 60s 2-8,text,true,,10697,472,10,10,http://localhost:5000/api/patients?page=1&limit=20,22,0,0
1784912420125,2,02 GET / (index.html),200,OK,Moderate Load - 50 users over 60s 2-2,text,true,,1795,444,10,10,http://localhost:5000/,2,0,0
1784912420143,2,04 GET /assets/index.css,200,OK,Moderate Load - 50 users over 60s 2-9,text,true,,29024,460,10,10,http://localhost:5000/assets/index.css,2,0,0
1784912420236,2,02 GET / (index.html),200,OK,Moderate Load - 50 users over 60s 2-6,text,true,,1795,444,10,10,http://localhost:5000/,2,0,0
1784912420242,2,09 GET /api/appointments (day view),200,OK,Moderate Load - 50 users over 60s 2-3,text,true,,1806,460,10,10,http://localhost:5000/api/appointments,2,0,0
1784912420331,2,02 GET / (index.html),200,OK,Moderate Load - 50 users over 60s 2-10,text,true,,1795,444,10,10,http://localhost:5000/,2,0,0
1784912420353,2,09 GET /api/appointments (day view),200,OK,Moderate Load - 50 users over 60s 2-7,text,true,,1806,460,10,10,http://localhost:5000/api/appointments,2,0,0
1784912420368,6,07 GET /api/patients?search= (name search),200,OK,Moderate Load - 50 users over 60s 2-4,text,true,,1161,482,10,10,http://localhost:5000/api/patients?search=di&page=1&limit=20,6,0,0
1784912420535,2,05 GET /api/dashboard/stats,200,OK,Moderate Load - 50 users over 60s 2-5,text,true,,1219,463,11,11,http://localhost:5000/api/dashboard/stats,2,0,0
1784912420540,5,07 GET /api/patients?search= (name search),200,OK,Moderate Load - 50 users over 60s 2-8,text,true,,1161,482,11,11,http://localhost:5000/api/patients?search=vn&page=1&limit=20,5,0,0
1784912420627,4,03 GET /assets/index.js (main bundle),200,OK,Moderate Load - 50 users over 60s 2-2,text,true,,233662,459,11,11,http://localhost:5000/assets/index.js,3,0,0
1784912420646,2,05 GET /api/dashboard/stats,200,OK,Moderate Load - 50 users over 60s 2-9,text,true,,1219,463,11,11,http://localhost:5000/api/dashboard/stats,2,0,0
1784912420739,4,03 GET /assets/index.js (main bundle),200,OK,Moderate Load - 50 users over 60s 2-6,text,true,,233662,459,11,11,http://localhost:5000/assets/index.js,3,0,0
1784912420745,61,01 POST /api/auth/login,200,OK,Moderate Load - 50 users over 60s 2-3,text,true,,1486,543,11,11,http://localhost:5000/api/auth/login,61,0,0
1784912420834,2,03 GET /assets/index.js (main bundle),200,OK,Moderate Load - 50 users over 60s 2-10,text,true,,233662,459,11,11,http://localhost:5000/assets/index.js,1,0,0
1784912420855,62,01 POST /api/auth/login,200,OK,Moderate Load - 50 users over 60s 2-7,text,true,,1486,543,11,11,http://localhost:5000/api/auth/login,62,0,0
1784912420875,48,08 GET /api/patients/{id} (record with history),200,OK,Moderate Load - 50 users over 60s 2-4,text,true,,10583,459,11,11,http://localhost:5000/api/patients/36,48,0,0
1784912420980,62,01 POST /api/auth/login,200,OK,Moderate Load - 50 users over 60s 2-11,text,true,,1486,326,11,11,http://localhost:5000/api/auth/login,62,0,1
1784912421041,3,06 GET /api/patients (paginated list),200,OK,Moderate Load - 50 users over 60s 2-5,text,true,,10531,473,11,11,http://localhost:5000/api/patients?page=47&limit=20,3,0,0
1784912421056,6,08 GET /api/patients/{id} (record with history),200,OK,Moderate Load - 50 users over 60s 2-8,text,true,,10627,459,11,11,http://localhost:5000/api/patients/41,6,0,0
1784912421135,4,04 GET /assets/index.css,200,OK,Moderate Load - 50 users over 60s 2-2,text,true,,29024,460,11,11,http://localhost:5000/assets/index.css,4,0,0
1784912421150,21,06 GET /api/patients (paginated list),200,OK,Moderate Load - 50 users over 60s 2-9,text,true,,10785,473,11,11,http://localhost:5000/api/patients?page=36&limit=20,21,0,0
1784912421258,2,04 GET /assets/index.css,200,OK,Moderate Load - 50 users over 60s 2-6,text,true,,29024,460,11,11,http://localhost:5000/assets/index.css,2,0,0
1784912421320,2,02 GET / (index.html),200,OK,Moderate Load - 50 users over 60s 2-3,text,true,,1795,444,11,11,http://localhost:5000/,2,0,0
1784912421351,2,04 GET /assets/index.css,200,OK,Moderate Load - 50 users over 60s 2-10,text,true,,29024,460,11,11,http://localhost:5000/assets/index.css,2,0,0
1784912421429,3,09 GET /api/appointments (day view),200,OK,Moderate Load - 50 users over 60s 2-4,text,true,,1806,460,11,11,http://localhost:5000/api/appointments,3,0,0
1784912421429,4,02 GET / (index.html),200,OK,Moderate Load - 50 users over 60s 2-7,text,true,,1795,444,11,11,http://localhost:5000/,4,0,0
1784912421552,5,02 GET / (index.html),200,OK,Moderate Load - 50 users over 60s 2-11,text,true,,1795,444,11,11,http://localhost:5000/,5,0,0
1784912421552,7,07 GET /api/patients?search= (name search),200,OK,Moderate Load - 50 users over 60s 2-5,text,true,,1161,482,11,11,http://localhost:5000/api/patients?search=ff&page=1&limit=20,7,0,0
1784912421568,2,09 GET /api/appointments (day view),200,OK,Moderate Load - 50 users over 60s 2-8,text,true,,1806,460,11,11,http://localhost:5000/api/appointments,2,0,0
1784912421645,2,05 GET /api/dashboard/stats,200,OK,Moderate Load - 50 users over 60s 2-2,text,true,,1219,463,11,11,http://localhost:5000/api/dashboard/stats,2,0,0
1784912421675,6,07 GET /api/patients?search= (name search),200,OK,Moderate Load - 50 users over 60s 2-9,text,true,,1161,482,12,12,http://localhost:5000/api/patients?search=ur&page=1&limit=20,6,0,0
1784912421768,3,05 GET /api/dashboard/stats,200,OK,Moderate Load - 50 users over 60s 2-6,text,true,,1219,463,12,12,http://localhost:5000/api/dashboard/stats,3,0,0
1784912421831,4,03 GET /assets/index.js (main bundle),200,OK,Moderate Load - 50 users over 60s 2-3,text,true,,233662,459,12,12,http://localhost:5000/assets/index.js,3,0,0
1784912421862,3,05 GET /api/dashboard/stats,200,OK,Moderate Load - 50 users over 60s 2-10,text,true,,1219,463,12,12,http://localhost:5000/api/dashboard/stats,3,0,0
1784912421939,63,01 POST /api/auth/login,200,OK,Moderate Load - 50 users over 60s 2-4,text,true,,1486,543,12,12,http://localhost:5000/api/auth/login,63,0,0
1784912421939,64,03 GET /assets/index.js (main bundle),200,OK,Moderate Load - 50 users over 60s 2-7,text,true,,233662,459,12,12,http://localhost:5000/assets/index.js,63,0,0
1784912422059,4,03 GET /assets/index.js (main bundle),200,OK,Moderate Load - 50 users over 60s 2-11,text,true,,233662,459,12,12,http://localhost:5000/assets/index.js,3,0,0
1784912422060,6,08 GET /api/patients/{id} (record with history),200,OK,Moderate Load - 50 users over 60s 2-5,text,true,,8744,458,12,12,http://localhost:5000/api/patients/4,6,0,0
1784912422071,62,01 POST /api/auth/login,200,OK,Moderate Load - 50 users over 60s 2-8,text,true,,1486,543,12,12,http://localhost:5000/api/auth/login,62,0,0
1784912422147,21,06 GET /api/patients (paginated list),200,OK,Moderate Load - 50 users over 60s 2-2,text,true,,10636,473,12,12,http://localhost:5000/api/patients?page=40&limit=20,21,0,0
1784912422173,61,01 POST /api/auth/login,200,OK,Moderate Load - 50 users over 60s 2-12,text,true,,1486,326,12,12,http://localhost:5000/api/auth/login,61,0,1
1784912422187,53,08 GET /api/patients/{id} (record with history),200,OK,Moderate Load - 50 users over 60s 2-9,text,true,,10023,459,12,12,http://localhost:5000/api/patients/25,53,0,0
1784912422282,21,06 GET /api/patients (paginated list),200,OK,Moderate Load - 50 users over 60s 2-6,text,true,,10907,472,12,12,http://localhost:5000/api/patients?page=9&limit=20,21,0,0
1784912422343,2,04 GET /assets/index.css,200,OK,Moderate Load - 50 users over 60s 2-3,text,true,,29024,460,12,12,http://localhost:5000/assets/index.css,2,0,0
1784912422374,2,06 GET /api/patients (paginated list),200,OK,Moderate Load - 50 users over 60s 2-10,text,true,,10720,473,12,12,http://localhost:5000/api/patients?page=29&limit=20,2,0,0
1784912422515,2,04 GET /assets/index.css,200,OK,Moderate Load - 50 users over 60s 2-7,text,true,,29024,460,12,12,http://localhost:5000/assets/index.css,2,0,0
1784912422515,2,02 GET / (index.html),200,OK,Moderate Load - 50 users over 60s 2-4,text,true,,1795,444,12,12,http://localhost:5000/,2,0,0
1784912422577,3,09 GET /api/appointments (day view),200,OK,Moderate Load - 50 users over 60s 2-5,text,true,,1806,460,12,12,http://localhost:5000/api/appointments,3,0,0
1784912422577,3,04 GET /assets/index.css,200,OK,Moderate Load - 50 users over 60s 2-11,text,true,,29024,460,12,12,http://localhost:5000/assets/index.css,3,0,0
1784912422640,1,02 GET / (index.html),200,OK,Moderate Load - 50 users over 60s 2-8,text,true,,1795,444,12,12,http://localhost:5000/,1,0,0
1784912422671,5,07 GET /api/patients?search= (name search),200,OK,Moderate Load - 50 users over 60s 2-2,text,true,,1161,482,12,12,http://localhost:5000/api/patients?search=sw&page=1&limit=20,5,0,0
1784912422747,3,09 GET /api/appointments (day view),200,OK,Moderate Load - 50 users over 60s 2-9,text,true,,1806,460,12,12,http://localhost:5000/api/appointments,3,0,0
1784912422747,3,02 GET / (index.html),200,OK,Moderate Load - 50 users over 60s 2-12,text,true,,1795,444,12,12,http://localhost:5000/,3,0,0
1784912422809,6,07 GET /api/patients?search= (name search),200,OK,Moderate Load - 50 users over 60s 2-6,text,true,,1161,482,12,12,http://localhost:5000/api/patients?search=ba&page=1&limit=20,6,0,0
1784912422857,2,05 GET /api/dashboard/stats,200,OK,Moderate Load - 50 users over 60s 2-3,text,true,,1219,463,12,12,http://localhost:5000/api/dashboard/stats,2,0,0
1784912422889,5,07 GET /api/patients?search= (name search),200,OK,Moderate Load - 50 users over 60s 2-10,text,true,,1161,482,13,13,http://localhost:5000/api/patients?search=aj&page=1&limit=20,5,0,0
1784912423028,2,05 GET /api/dashboard/stats,200,OK,Moderate Load - 50 users over 60s 2-7,text,true,,1219,463,13,13,http://localhost:5000/api/dashboard/stats,2,0,0
1784912423028,3,03 GET /assets/index.js (main bundle),200,OK,Moderate Load - 50 users over 60s 2-4,text,true,,233662,459,13,13,http://localhost:5000/assets/index.js,3,0,0
1784912423081,2,05 GET /api/dashboard/stats,200,OK,Moderate Load - 50 users over 60s 2-11,text,true,,1219,463,13,13,http://localhost:5000/api/dashboard/stats,2,0,0
1784912423081,63,01 POST /api/auth/login,200,OK,Moderate Load - 50 users over 60s 2-5,text,true,,1486,543,13,13,http://localhost:5000/api/auth/login,63,0,0
1784912423145,2,03 GET /assets/index.js (main bundle),200,OK,Moderate Load - 50 users over 60s 2-8,text,true,,233662,459,13,13,http://localhost:5000/assets/index.js,2,0,0
1784912423177,7,08 GET /api/patients/{id} (record with history),200,OK,Moderate Load - 50 users over 60s 2-2,text,true,,11206,459,13,13,http://localhost:5000/api/patients/50,7,0,0
1784912423251,61,01 POST /api/auth/login,200,OK,Moderate Load - 50 users over 60s 2-9,text,true,,1486,543,13,13,http://localhost:5000/api/auth/login,61,0,0
1784912423251,65,03 GET /assets/index.js (main bundle),200,OK,Moderate Load - 50 users over 60s 2-12,text,true,,233662,459,13,13,http://localhost:5000/assets/index.js,62,0,0
1784912423317,6,08 GET /api/patients/{id} (record with history),200,OK,Moderate Load - 50 users over 60s 2-6,text,true,,10555,459,13,13,http://localhost:5000/api/patients/28,6,0,0
1784912423368,61,01 POST /api/auth/login,200,OK,Moderate Load - 50 users over 60s 2-13,text,true,,1486,326,13,13,http://localhost:5000/api/auth/login,61,0,1
1784912423360,75,06 GET /api/patients (paginated list),200,OK,Moderate Load - 50 users over 60s 2-3,text,true,,10626,473,13,13,http://localhost:5000/api/patients?page=37&limit=20,74,0,0
1784912423398,42,08 GET /api/patients/{id} (record with history),200,OK,Moderate Load - 50 users over 60s 2-10,text,true,,12034,458,13,13,http://localhost:5000/api/patients/3,42,0,0
1784912423539,5,04 GET /assets/index.css,200,OK,Moderate Load - 50 users over 60s 2-4,text,true,,29024,460,13,13,http://localhost:5000/assets/index.css,5,0,0
1784912423539,22,06 GET /api/patients (paginated list),200,OK,Moderate Load - 50 users over 60s 2-7,text,true,,10788,472,13,13,http://localhost:5000/api/patients?page=8&limit=20,22,0,0
1784912423586,20,06 GET /api/patients (paginated list),200,OK,Moderate Load - 50 users over 60s 2-11,text,true,,10657,472,13,13,http://localhost:5000/api/patients?page=6&limit=20,20,0,0
1784912423645,2,02 GET / (index.html),200,OK,Moderate Load - 50 users over 60s 2-5,text,true,,1795,444,13,13,http://localhost:5000/,2,0,0
1784912423663,3,04 GET /assets/index.css,200,OK,Moderate Load - 50 users over 60s 2-8,text,true,,29024,460,13,13,http://localhost:5000/assets/index.css,3,0,0
1784912423694,2,09 GET /api/appointments (day view),200,OK,Moderate Load - 50 users over 60s 2-2,text,true,,1806,460,13,13,http://localhost:5000/api/appointments,2,0,0
1784912423817,3,04 GET /assets/index.css,200,OK,Moderate Load - 50 users over 60s 2-12,text,true,,29024,460,13,13,http://localhost:5000/assets/index.css,3,0,0
1784912423817,3,02 GET / (index.html),200,OK,Moderate Load - 50 users over 60s 2-9,text,true,,1795,444,13,13,http://localhost:5000/,3,0,0
1784912423833,2,09 GET /api/appointments (day view),200,OK,Moderate Load - 50 users over 60s 2-6,text,true,,1806,460,13,13,http://localhost:5000/api/appointments,2,0,0
1784912423943,4,09 GET /api/appointments (day view),200,OK,Moderate Load - 50 users over 60s 2-10,text,true,,1806,460,13,13,http://localhost:5000/api/appointments,4,0,0
1784912423943,5,02 GET / (index.html),200,OK,Moderate Load - 50 users over 60s 2-13,text,true,,1795,444,13,13,http://localhost:5000/,5,0,0
1784912423943,6,07 GET /api/patients?search= (name search),200,OK,Moderate Load - 50 users over 60s 2-3,text,true,,1161,482,13,13,http://localhost:5000/api/patients?search=bn&page=1&limit=20,6,0,0
1784912424052,3,05 GET /api/dashboard/stats,200,OK,Moderate Load - 50 users over 60s 2-4,text,true,,1219,463,13,13,http://localhost:5000/api/dashboard/stats,3,0,0
1784912424063,5,07 GET /api/patients?search= (name search),200,OK,Moderate Load - 50 users over 60s 2-7,text,true,,1161,482,14,14,http://localhost:5000/api/patients?search=bg&page=1&limit=20,5,0,0
1784912424107,6,07 GET /api/patients?search= (name search),200,OK,Moderate Load - 50 users over 60s 2-11,text,true,,1161,482,14,14,http://localhost:5000/api/patients?search=vg&page=1&limit=20,6,0,0
1784912424148,2,03 GET /assets/index.js (main bundle),200,OK,Moderate Load - 50 users over 60s 2-5,text,true,,233662,459,14,14,http://localhost:5000/assets/index.js,2,0,0
1784912424167,1,05 GET /api/dashboard/stats,200,OK,Moderate Load - 50 users over 60s 2-8,text,true,,1219,463,14,14,http://localhost:5000/api/dashboard/stats,1,0,0
1784912424196,60,01 POST /api/auth/login,200,OK,Moderate Load - 50 users over 60s 2-2,text,true,,1486,543,14,14,http://localhost:5000/api/auth/login,60,0,0
1784912424320,3,05 GET /api/dashboard/stats,200,OK,Moderate Load - 50 users over 60s 2-12,text,true,,1219,463,14,14,http://localhost:5000/api/dashboard/stats,3,0,0
1784912424321,4,03 GET /assets/index.js (main bundle),200,OK,Moderate Load - 50 users over 60s 2-9,text,true,,233662,459,14,14,http://localhost:5000/assets/index.js,3,0,0
1784912424448,63,01 POST /api/auth/login,200,OK,Moderate Load - 50 users over 60s 2-10,text,true,,1486,543,14,14,http://localhost:5000/api/auth/login,63,0,0
1784912424451,62,08 GET /api/patients/{id} (record with history),200,OK,Moderate Load - 50 users over 60s 2-3,text,true,,12437,459,14,14,http://localhost:5000/api/patients/31,62,0,0
1784912424449,65,03 GET /assets/index.js (main bundle),200,OK,Moderate Load - 50 users over 60s 2-13,text,true,,233662,459,14,14,http://localhost:5000/assets/index.js,64,0,0
1784912424565,61,01 POST /api/auth/login,200,OK,Moderate Load - 50 users over 60s 2-14,text,true,,1486,326,14,14,http://localhost:5000/api/auth/login,61,0,1
1784912424555,77,06 GET /api/patients (paginated list),200,OK,Moderate Load - 50 users over 60s 2-4,text,true,,10514,472,14,14,http://localhost:5000/api/patients?page=4&limit=20,77,0,0
1784912424580,56,08 GET /api/patients/{id} (record with history),200,OK,Moderate Load - 50 users over 60s 2-7,text,true,,12440,459,14,14,http://localhost:5000/api/patients/13,56,0,0
1784912424627,11,08 GET /api/patients/{id} (record with history),200,OK,Moderate Load - 50 users over 60s 2-11,text,true,,8810,459,14,14,http://localhost:5000/api/patients/11,11,0,0
1784912424658,2,04 GET /assets/index.css,200,OK,Moderate Load - 50 users over 60s 2-5,text,true,,29024,460,14,14,http://localhost:5000/assets/index.css,2,0,0
1784912424673,22,06 GET /api/patients (paginated list),200,OK,Moderate Load - 50 users over 60s 2-8,text,true,,10820,473,14,14,http://localhost:5000/api/patients?page=46&limit=20,22,0,0
1784912424767,2,02 GET / (index.html),200,OK,Moderate Load - 50 users over 60s 2-2,text,true,,1795,444,14,14,http://localhost:5000/,2,0,0
1784912424829,5,04 GET /assets/index.css,200,OK,Moderate Load - 50 users over 60s 2-9,text,true,,29024,460,14,14,http://localhost:5000/assets/index.css,5,0,0
1784912424829,22,06 GET /api/patients (paginated list),200,OK,Moderate Load - 50 users over 60s 2-12,text,true,,10687,473,14,14,http://localhost:5000/api/patients?page=19&limit=20,22,0,0
1784912425014,2,09 GET /api/appointments (day view),200,OK,Moderate Load - 50 users over 60s 2-3,text,true,,1806,460,14,14,http://localhost:5000/api/appointments,2,0,0
1784912425014,2,02 GET / (index.html),200,OK,Moderate Load - 50 users over 60s 2-10,text,true,,1795,444,14,14,http://localhost:5000/,2,0,0
1784912425029,2,04 GET /assets/index.css,200,OK,Moderate Load - 50 users over 60s 2-13,text,true,,29024,460,14,14,http://localhost:5000/assets/index.css,2,0,0
1784912425127,3,02 GET / (index.html),200,OK,Moderate Load - 50 users over 60s 2-14,text,true,,1795,444,14,14,http://localhost:5000/,3,0,0
1784912425137,2,09 GET /api/appointments (day view),200,OK,Moderate Load - 50 users over 60s 2-7,text,true,,1806,460,14,14,http://localhost:5000/api/appointments,2,0,0
1784912425133,6,07 GET /api/patients?search= (name search),200,OK,Moderate Load - 50 users over 60s 2-4,text,true,,1161,482,14,14,http://localhost:5000/api/patients?search=oq&page=1&limit=20,6,0,0
1784912425139,2,09 GET /api/appointments (day view),200,OK,Moderate Load - 50 users over 60s 2-11,text,true,,1806,460,14,14,http://localhost:5000/api/appointments,2,0,0
1784912425162,2,05 GET /api/dashboard/stats,200,OK,Moderate Load - 50 users over 60s 2-5,text,true,,1219,463,14,14,http://localhost:5000/api/dashboard/stats,2,0,0
1784912425196,5,07 GET /api/patients?search= (name search),200,OK,Moderate Load - 50 users over 60s 2-8,text,true,,1161,482,14,14,http://localhost:5000/api/patients?search=mm&page=1&limit=20,5,0,0
1784912425270,2,03 GET /assets/index.js (main bundle),200,OK,Moderate Load - 50 users over 60s 2-2,text,true,,233662,459,15,15,http://localhost:5000/assets/index.js,2,0,0
1784912425334,4,05 GET /api/dashboard/stats,200,OK,Moderate Load - 50 users over 60s 2-9,text,true,,1219,463,15,15,http://localhost:5000/api/dashboard/stats,4,0,0
1784912425351,6,07 GET /api/patients?search= (name search),200,OK,Moderate Load - 50 users over 60s 2-12,text,true,,1161,482,15,15,http://localhost:5000/api/patients?search=gd&page=1&limit=20,6,0,0
1784912425517,61,01 POST /api/auth/login,200,OK,Moderate Load - 50 users over 60s 2-3,text,true,,1486,543,15,15,http://localhost:5000/api/auth/login,61,0,0
1784912425532,48,05 GET /api/dashboard/stats,200,OK,Moderate Load - 50 users over 60s 2-13,text,true,,1219,463,15,15,http://localhost:5000/api/dashboard/stats,48,0,0
1784912425517,63,03 GET /assets/index.js (main bundle),200,OK,Moderate Load - 50 users over 60s 2-10,text,true,,233662,459,15,15,http://localhost:5000/assets/index.js,62,0,0
1784912425631,2,03 GET /assets/index.js (main bundle),200,OK,Moderate Load - 50 users over 60s 2-14,text,true,,233662,459,15,15,http://localhost:5000/assets/index.js,2,0,0
1784912425641,2,08 GET /api/patients/{id} (record with history),200,OK,Moderate Load - 50 users over 60s 2-4,text,true,,12439,459,15,15,http://localhost:5000/api/patients/13,2,0,0
1784912425640,63,01 POST /api/auth/login,200,OK,Moderate Load - 50 users over 60s 2-7,text,true,,1486,543,15,15,http://localhost:5000/api/auth/login,63,0,0
1784912425641,123,01 POST /api/auth/login,200,OK,Moderate Load - 50 users over 60s 2-11,text,true,,1486,543,15,15,http://localhost:5000/api/auth/login,123,0,0
1784912425702,68,08 GET /api/patients/{id} (record with history),200,OK,Moderate Load - 50 users over 60s 2-8,text,true,,12345,459,15,15,http://localhost:5000/api/patients/40,68,0,0
1784912425775,3,04 GET /assets/index.css,200,OK,Moderate Load - 50 users over 60s 2-2,text,true,,29024,460,15,15,http://localhost:5000/assets/index.css,3,0,0
1784912425775,61,01 POST /api/auth/login,200,OK,Moderate Load - 50 users over 60s 2-15,text,true,,1486,326,15,15,http://localhost:5000/api/auth/login,61,0,2
1784912425664,174,06 GET /api/patients (paginated list),200,OK,Moderate Load - 50 users over 60s 2-5,text,true,,10683,473,15,15,http://localhost:5000/api/patients?page=38&limit=20,174,0,0
1784912425852,3,06 GET /api/patients (paginated list),200,OK,Moderate Load - 50 users over 60s 2-9,text,true,,10903,473,15,15,http://localhost:5000/api/patients?page=48&limit=20,3,0,0
1784912425867,7,08 GET /api/patients/{id} (record with history),200,OK,Moderate Load - 50 users over 60s 2-12,text,true,,10611,458,15,15,http://localhost:5000/api/patients/5,7,0,0
1784912426080,3,06 GET /api/patients (paginated list),200,OK,Moderate Load - 50 users over 60s 2-13,text,true,,10635,473,15,15,http://localhost:5000/api/patients?page=40&limit=20,3,0,0
1784912426079,5,02 GET / (index.html),200,OK,Moderate Load - 50 users over 60s 2-3,text,true,,1795,444,15,15,http://localhost:5000/,5,0,0
1784912426083,2,04 GET /assets/index.css,200,OK,Moderate Load - 50 users over 60s 2-10,text,true,,29024,460,15,15,http://localhost:5000/assets/index.css,2,0,0
1784912424336,1793,10 POST /api/ai/pre-appointment/{id},200,OK,Moderate Load - 50 users over 60s 2-6,text,true,,2193,490,15,15,http://localhost:5000/api/ai/pre-appointment/278,1793,0,0
1784912426135,2,04 GET /assets/index.css,200,OK,Moderate Load - 50 users over 60s 2-14,text,true,,29024,460,15,15,http://localhost:5000/assets/index.css,2,0,0
1784912426143,3,09 GET /api/appointments (day view),200,OK,Moderate Load - 50 users over 60s 2-4,text,true,,1806,460,15,15,http://localhost:5000/api/appointments,2,0,0
1784912426204,3,02 GET / (index.html),200,OK,Moderate Load - 50 users over 60s 2-7,text,true,,1795,444,15,15,http://localhost:5000/,3,0,0
1784912426266,3,02 GET / (index.html),200,OK,Moderate Load - 50 users over 60s 2-11,text,true,,1795,444,15,15,http://localhost:5000/,3,0,0
1784912426271,2,09 GET /api/appointments (day view),200,OK,Moderate Load - 50 users over 60s 2-8,text,true,,1806,460,15,15,http://localhost:5000/api/appointments,2,0,0
1784912426279,2,05 GET /api/dashboard/stats,200,OK,Moderate Load - 50 users over 60s 2-2,text,true,,1219,463,15,15,http://localhost:5000/api/dashboard/stats,2,0,0
1784912426337,2,02 GET / (index.html),200,OK,Moderate Load - 50 users over 60s 2-15,text,true,,1795,444,15,15,http://localhost:5000/,2,0,0
1784912426339,13,07 GET /api/patients?search= (name search),200,OK,Moderate Load - 50 users over 60s 2-5,text,true,,10491,482,15,15,http://localhost:5000/api/patients?search=te&page=1&limit=20,13,0,0
1784912426356,5,07 GET /api/patients?search= (name search),200,OK,Moderate Load - 50 users over 60s 2-9,text,true,,1161,482,15,15,http://localhost:5000/api/patients?search=eg&page=1&limit=20,5,0,0
1784912426376,2,09 GET /api/appointments (day view),200,OK,Moderate Load - 50 users over 60s 2-12,text,true,,1806,460,15,15,http://localhost:5000/api/appointments,2,0,0
1784912426585,2,05 GET /api/dashboard/stats,200,OK,Moderate Load - 50 users over 60s 2-10,text,true,,1219,463,16,16,http://localhost:5000/api/dashboard/stats,2,0,0
1784912426584,6,07 GET /api/patients?search= (name search),200,OK,Moderate Load - 50 users over 60s 2-13,text,true,,1161,482,16,16,http://localhost:5000/api/patients?search=eh&page=1&limit=20,6,0,0
1784912426584,6,03 GET /assets/index.js (main bundle),200,OK,Moderate Load - 50 users over 60s 2-3,text,true,,233662,459,16,16,http://localhost:5000/assets/index.js,5,0,0
1784912426630,61,01 POST /api/auth/login,200,OK,Moderate Load - 50 users over 60s 2-6,text,true,,1486,543,16,16,http://localhost:5000/api/auth/login,61,0,0
1784912426637,55,05 GET /api/dashboard/stats,200,OK,Moderate Load - 50 users over 60s 2-14,text,true,,1219,463,16,16,http://localhost:5000/api/dashboard/stats,55,0,0
1784912426646,106,01 POST /api/auth/login,200,OK,Moderate Load - 50 users over 60s 2-4,text,true,,1486,543,16,16,http://localhost:5000/api/auth/login,106,0,0
1784912426708,45,03 GET /assets/index.js (main bundle),200,OK,Moderate Load - 50 users over 60s 2-7,text,true,,233662,459,16,16,http://localhost:5000/assets/index.js,45,0,0
1784912426770,2,03 GET /assets/index.js (main bundle),200,OK,Moderate Load - 50 users over 60s 2-11,text,true,,233662,459,16,16,http://localhost:5000/assets/index.js,1,0,0
1784912426774,60,01 POST /api/auth/login,200,OK,Moderate Load - 50 users over 60s 2-8,text,true,,1486,543,16,16,http://localhost:5000/api/auth/login,60,0,0
1784912426783,53,06 GET /api/patients (paginated list),200,OK,Moderate Load - 50 users over 60s 2-2,text,true,,10553,473,16,16,http://localhost:5000/api/patients?page=34&limit=20,53,0,0
1784912426841,2,03 GET /assets/index.js (main bundle),200,OK,Moderate Load - 50 users over 60s 2-15,text,true,,233662,459,16,16,http://localhost:5000/assets/index.js,1,0,0
1784912426853,7,08 GET /api/patients/{id} (record with history),200,OK,Moderate Load - 50 users over 60s 2-5,text,true,,11225,459,16,16,http://localhost:5000/api/patients/33,7,0,0
1784912426862,6,08 GET /api/patients/{id} (record with history),200,OK,Moderate Load - 50 users over 60s 2-9,text,true,,9973,459,16,16,http://localhost:5000/api/patients/37,6,0,0
1784912426880,61,01 POST /api/auth/login,200,OK,Moderate Load - 50 users over 60s 2-12,text,true,,1486,543,16,16,http://localhost:5000/api/auth/login,61,0,0
1784912426967,62,01 POST /api/auth/login,200,OK,Moderate Load - 50 users over 60s 2-16,text,true,,1486,326,16,16,http://localhost:5000/api/auth/login,62,0,1
1784912427090,22,06 GET /api/patients (paginated list),200,OK,Moderate Load - 50 users over 60s 2-10,text,true,,10657,473,16,16,http://localhost:5000/api/patients?page=33&limit=20,22,0,0
1784912427105,8,04 GET /assets/index.css,200,OK,Moderate Load - 50 users over 60s 2-3,text,true,,29024,460,16,16,http://localhost:5000/assets/index.css,8,0,0
1784912427105,9,08 GET /api/patients/{id} (record with history),200,OK,Moderate Load - 50 users over 60s 2-13,text,true,,12029,458,16,16,http://localhost:5000/api/patients/1,9,0,0
1784912427200,3,06 GET /api/patients (paginated list),200,OK,Moderate Load - 50 users over 60s 2-14,text,true,,10720,473,16,16,http://localhost:5000/api/patients?page=29&limit=20,3,0,0
1784912427199,4,02 GET / (index.html),200,OK,Moderate Load - 50 users over 60s 2-6,text,true,,1795,444,16,16,http://localhost:5000/,4,0,0
1784912427262,2,02 GET / (index.html),200,OK,Moderate Load - 50 users over 60s 2-4,text,true,,1795,444,16,16,http://localhost:5000/,2,0,0
1784912427262,2,04 GET /assets/index.css,200,OK,Moderate Load - 50 users over 60s 2-7,text,true,,29024,460,16,16,http://localhost:5000/assets/index.css,2,0,0
1784912427277,2,04 GET /assets/index.css,200,OK,Moderate Load - 50 users over 60s 2-11,text,true,,29024,460,16,16,http://localhost:5000/assets/index.css,2,0,0
1784912427339,3,02 GET / (index.html),200,OK,Moderate Load - 50 users over 60s 2-8,text,true,,1795,444,16,16,http://localhost:5000/,3,0,0
1784912427339,4,07 GET /api/patients?search= (name search),200,OK,Moderate Load - 50 users over 60s 2-2,text,true,,1161,482,16,16,http://localhost:5000/api/patients?search=qh&page=1&limit=20,4,0,0
1784912427354,2,04 GET /assets/index.css,200,OK,Moderate Load - 50 users over 60s 2-15,text,true,,29024,460,16,16,http://localhost:5000/assets/index.css,2,0,0
1784912427370,1,09 GET /api/appointments (day view),200,OK,Moderate Load - 50 users over 60s 2-5,text,true,,1806,460,16,16,http://localhost:5000/api/appointments,1,0,0
1784912427370,3,09 GET /api/appointments (day view),200,OK,Moderate Load - 50 users over 60s 2-9,text,true,,1806,460,16,16,http://localhost:5000/api/appointments,2,0,0
1784912427448,2,02 GET / (index.html),200,OK,Moderate Load - 50 users over 60s 2-12,text,true,,1795,444,16,16,http://localhost:5000/,2,0,0
1784912427542,2,02 GET / (index.html),200,OK,Moderate Load - 50 users over 60s 2-16,text,true,,1795,444,16,16,http://localhost:5000/,2,0,0
1784912427619,2,09 GET /api/appointments (day view),200,OK,Moderate Load - 50 users over 60s 2-13,text,true,,1806,460,16,16,http://localhost:5000/api/appointments,2,0,0
1784912427619,5,05 GET /api/dashboard/stats,200,OK,Moderate Load - 50 users over 60s 2-3,text,true,,1219,463,16,16,http://localhost:5000/api/dashboard/stats,5,0,0
1784912427619,7,07 GET /api/patients?search= (name search),200,OK,Moderate Load - 50 users over 60s 2-10,text,true,,1161,482,16,16,http://localhost:5000/api/patients?search=lr&page=1&limit=20,7,0,0
1784912427712,4,03 GET /assets/index.js (main bundle),200,OK,Moderate Load - 50 users over 60s 2-6,text,true,,233662,459,17,17,http://localhost:5000/assets/index.js,3,0,0
1784912427712,6,07 GET /api/patients?search= (name search),200,OK,Moderate Load - 50 users over 60s 2-14,text,true,,1161,482,17,17,http://localhost:5000/api/patients?search=gv&page=1&limit=20,5,0,0
1784912427774,3,05 GET /api/dashboard/stats,200,OK,Moderate Load - 50 users over 60s 2-7,text,true,,1219,463,17,17,http://localhost:5000/api/dashboard/stats,3,0,0
1784912427774,6,03 GET /assets/index.js (main bundle),200,OK,Moderate Load - 50 users over 60s 2-4,text,true,,233662,459,17,17,http://localhost:5000/assets/index.js,5,0,0
1784912427790,2,05 GET /api/dashboard/stats,200,OK,Moderate Load - 50 users over 60s 2-11,text,true,,1219,463,17,17,http://localhost:5000/api/dashboard/stats,2,0,0
1784912427852,4,08 GET /api/patients/{id} (record with history),200,OK,Moderate Load - 50 users over 60s 2-2,text,true,,10022,459,17,17,http://localhost:5000/api/patients/25,3,0,0
1784912427852,5,03 GET /assets/index.js (main bundle),200,OK,Moderate Load - 50 users over 60s 2-8,text,true,,233662,459,17,17,http://localhost:5000/assets/index.js,4,0,0
1784912427868,2,05 GET /api/dashboard/stats,200,OK,Moderate Load - 50 users over 60s 2-15,text,true,,1219,463,17,17,http://localhost:5000/api/dashboard/stats,2,0,0
1784912427883,62,01 POST /api/auth/login,200,OK,Moderate Load - 50 users over 60s 2-9,text,true,,1486,543,17,17,http://localhost:5000/api/auth/login,62,0,0
1784912427883,122,01 POST /api/auth/login,200,OK,Moderate Load - 50 users over 60s 2-5,text,true,,1486,543,17,17,http://localhost:5000/api/auth/login,122,0,0
1784912427961,46,03 GET /assets/index.js (main bundle),200,OK,Moderate Load - 50 users over 60s 2-12,text,true,,233662,459,17,17,http://localhost:5000/assets/index.js,45,0,0
1784912428053,2,03 GET /assets/index.js (main bundle),200,OK,Moderate Load - 50 users over 60s 2-16,text,true,,233662,459,17,17,http://localhost:5000/assets/index.js,2,0,0
1784912428127,2,06 GET /api/patients (paginated list),200,OK,Moderate Load - 50 users over 60s 2-3,text,true,,10674,473,17,17,http://localhost:5000/api/patients?page=25&limit=20,2,0,0
1784912428128,4,08 GET /api/patients/{id} (record with history),200,OK,Moderate Load - 50 users over 60s 2-10,text,true,,11165,458,17,17,http://localhost:5000/api/patients/8,4,0,0
1784912428177,63,01 POST /api/auth/login,200,OK,Moderate Load - 50 users over 60s 2-17,text,true,,1486,326,17,17,http://localhost:5000/api/auth/login,63,0,2
1784912428224,18,08 GET /api/patients/{id} (record with history),200,OK,Moderate Load - 50 users over 60s 2-14,text,true,,8743,458,17,17,http://localhost:5000/api/patients/4,18,0,0
1784912428224,19,04 GET /assets/index.css,200,OK,Moderate Load - 50 users over 60s 2-6,text,true,,29024,460,17,17,http://localhost:5000/assets/index.css,19,0,0
1784912428286,4,04 GET /assets/index.css,200,OK,Moderate Load - 50 users over 60s 2-4,text,true,,29024,460,17,17,http://localhost:5000/assets/index.css,4,0,0
1784912428286,22,06 GET /api/patients (paginated list),200,OK,Moderate Load - 50 users over 60s 2-7,text,true,,10596,473,17,17,http://localhost:5000/api/patients?page=44&limit=20,22,0,0
1784912428302,21,06 GET /api/patients (paginated list),200,OK,Moderate Load - 50 users over 60s 2-11,text,true,,10804,473,17,17,http://localhost:5000/api/patients?page=35&limit=20,21,0,0
1784912428365,2,09 GET /api/appointments (day view),200,OK,Moderate Load - 50 users over 60s 2-2,text,true,,1806,460,17,17,http://localhost:5000/api/appointments,2,0,0
1784912428366,2,04 GET /assets/index.css,200,OK,Moderate Load - 50 users over 60s 2-8,text,true,,29024,460,17,17,http://localhost:5000/assets/index.css,2,0,0
1784912428380,3,06 GET /api/patients (paginated list),200,OK,Moderate Load - 50 users over 60s 2-15,text,true,,10720,473,17,17,http://localhost:5000/api/patients?page=29&limit=20,3,0,0
1784912428458,1,02 GET / (index.html),200,OK,Moderate Load - 50 users over 60s 2-9,text,true,,1795,444,17,17,http://localhost:5000/,1,0,0
1784912428519,1,02 GET / (index.html),200,OK,Moderate Load - 50 users over 60s 2-5,text,true,,1795,444,17,17,http://localhost:5000/,1,0,0
1784912428519,2,04 GET /assets/index.css,200,OK,Moderate Load - 50 users over 60s 2-12,text,true,,29024,460,17,17,http://localhost:5000/assets/index.css,2,0,0
1784912428566,2,04 GET /assets/index.css,200,OK,Moderate Load - 50 users over 60s 2-16,text,true,,29024,460,17,17,http://localhost:5000/assets/index.css,2,0,0
1784912428644,2,09 GET /api/appointments (day view),200,OK,Moderate Load - 50 users over 60s 2-10,text,true,,1806,460,17,17,http://localhost:5000/api/appointments,2,0,0
1784912428644,6,07 GET /api/patients?search= (name search),200,OK,Moderate Load - 50 users over 60s 2-3,text,true,,1161,482,17,17,http://localhost:5000/api/patients?search=mq&page=1&limit=20,6,0,0
1784912428752,2,05 GET /api/dashboard/stats,200,OK,Moderate Load - 50 users over 60s 2-6,text,true,,1219,463,17,17,http://localhost:5000/api/dashboard/stats,2,0,0
1784912428752,4,09 GET /api/appointments (day view),200,OK,Moderate Load - 50 users over 60s 2-14,text,true,,1806,460,17,17,http://localhost:5000/api/appointments,4,0,0
1784912428752,5,02 GET / (index.html),200,OK,Moderate Load - 50 users over 60s 2-17,text,true,,1795,444,17,17,http://localhost:5000/,5,0,0
1784912428799,2,05 GET /api/dashboard/stats,200,OK,Moderate Load - 50 users over 60s 2-4,text,true,,1219,463,17,17,http://localhost:5000/api/dashboard/stats,2,0,0
1784912428814,6,07 GET /api/patients?search= (name search),200,OK,Moderate Load - 50 users over 60s 2-7,text,true,,1161,482,17,17,http://localhost:5000/api/patients?search=td&page=1&limit=20,6,0,0
1784912428830,5,07 GET /api/patients?search= (name search),200,OK,Moderate Load - 50 users over 60s 2-11,text,true,,1161,482,17,17,http://localhost:5000/api/patients?search=oj&page=1&limit=20,5,0,0
1784912428876,3,05 GET /api/dashboard/stats,200,OK,Moderate Load - 50 users over 60s 2-8,text,true,,1219,463,18,18,http://localhost:5000/api/dashboard/stats,3,0,0
1784912428876,64,01 POST /api/auth/login,200,OK,Moderate Load - 50 users over 60s 2-2,text,true,,1486,543,18,18,http://localhost:5000/api/auth/login,64,0,0
1784912428892,54,07 GET /api/patients?search= (name search),200,OK,Moderate Load - 50 users over 60s 2-15,text,true,,1161,482,18,18,http://localhost:5000/api/patients?search=sf&page=1&limit=20,53,0,0
1784912428970,3,03 GET /assets/index.js (main bundle),200,OK,Moderate Load - 50 users over 60s 2-9,text,true,,233662,459,18,18,http://localhost:5000/assets/index.js,2,0,0
1784912429032,3,05 GET /api/dashboard/stats,200,OK,Moderate Load - 50 users over 60s 2-12,text,true,,1219,463,18,18,http://localhost:5000/api/dashboard/stats,3,0,0
1784912429032,4,03 GET /assets/index.js (main bundle),200,OK,Moderate Load - 50 users over 60s 2-5,text,true,,233662,459,18,18,http://localhost:5000/assets/index.js,3,0,0
1784912429079,2,05 GET /api/dashboard/stats,200,OK,Moderate Load - 50 users over 60s 2-16,text,true,,1219,463,18,18,http://localhost:5000/api/dashboard/stats,2,0,0
1784912429147,61,01 POST /api/auth/login,200,OK,Moderate Load - 50 users over 60s 2-10,text,true,,1486,543,18,18,http://localhost:5000/api/auth/login,61,0,0
1784912429153,61,08 GET /api/patients/{id} (record with history),200,OK,Moderate Load - 50 users over 60s 2-3,text,true,,11803,459,18,18,http://localhost:5000/api/patients/42,61,0,0
1784912429256,2,06 GET /api/patients (paginated list),200,OK,Moderate Load - 50 users over 60s 2-6,text,true,,10595,473,18,18,http://localhost:5000/api/patients?page=44&limit=20,2,0,0
1784912429257,62,01 POST /api/auth/login,200,OK,Moderate Load - 50 users over 60s 2-14,text,true,,1486,543,18,18,http://localhost:5000/api/auth/login,62,0,0
1784912429321,2,08 GET /api/patients/{id} (record with history),200,OK,Moderate Load - 50 users over 60s 2-7,text,true,,8759,459,18,18,http://localhost:5000/api/patients/35,2,0,0
1784912429257,67,03 GET /assets/index.js (main bundle),200,OK,Moderate Load - 50 users over 60s 2-17,text,true,,233662,459,18,18,http://localhost:5000/assets/index.js,65,0,0
1784912429336,3,08 GET /api/patients/{id} (record with history),200,OK,Moderate Load - 50 users over 60s 2-11,text,true,,11218,459,18,18,http://localhost:5000/api/patients/30,3,0,0
1784912429303,39,06 GET /api/patients (paginated list),200,OK,Moderate Load - 50 users over 60s 2-4,text,true,,10772,473,18,18,http://localhost:5000/api/patients?page=32&limit=20,39,0,0
1784912429377,64,01 POST /api/auth/login,200,OK,Moderate Load - 50 users over 60s 2-18,text,true,,1486,326,18,18,http://localhost:5000/api/auth/login,64,0,1
1784912429454,6,02 GET / (index.html),200,OK,Moderate Load - 50 users over 60s 2-2,text,true,,1795,444,18,18,http://localhost:5000/,6,0,0
1784912429392,69,06 GET /api/patients (paginated list),200,OK,Moderate Load - 50 users over 60s 2-8,text,true,,10886,472,18,18,http://localhost:5000/api/patients?page=7&limit=20,69,0,0
1784912429454,9,08 GET /api/patients/{id} (record with history),200,OK,Moderate Load - 50 users over 60s 2-15,text,true,,11866,459,18,18,http://localhost:5000/api/patients/27,9,0,0
1784912429485,2,04 GET /assets/index.css,200,OK,Moderate Load - 50 users over 60s 2-9,text,true,,29024,460,18,18,http://localhost:5000/assets/index.css,2,0,0
1784912429548,4,04 GET /assets/index.css,200,OK,Moderate Load - 50 users over 60s 2-5,text,true,,29024,460,18,18,http://localhost:5000/assets/index.css,4,0,0
1784912429548,22,06 GET /api/patients (paginated list),200,OK,Moderate Load - 50 users over 60s 2-12,text,true,,10640,473,18,18,http://localhost:5000/api/patients?page=43&limit=20,22,0,0
1784912429596,2,06 GET /api/patients (paginated list),200,OK,Moderate Load - 50 users over 60s 2-16,text,true,,10819,473,18,18,http://localhost:5000/api/patients?page=46&limit=20,2,0,0
1784912428121,1504,10 POST /api/ai/pre-appointment/{id},200,OK,Moderate Load - 50 users over 60s 2-13,text,true,,2435,490,18,18,http://localhost:5000/api/ai/pre-appointment/490,1504,0,0
1784912429721,2,09 GET /api/appointments (day view),200,OK,Moderate Load - 50 users over 60s 2-3,text,true,,1806,460,18,18,http://localhost:5000/api/appointments,2,0,0
1784912429721,3,02 GET / (index.html),200,OK,Moderate Load - 50 users over 60s 2-10,text,true,,1795,444,18,18,http://localhost:5000/,2,0,0
1784912429767,6,07 GET /api/patients?search= (name search),200,OK,Moderate Load - 50 users over 60s 2-6,text,true,,1161,482,18,18,http://localhost:5000/api/patients?search=nv&page=1&limit=20,6,0,0
1784912429828,2,09 GET /api/appointments (day view),200,OK,Moderate Load - 50 users over 60s 2-7,text,true,,1806,460,18,18,http://localhost:5000/api/appointments,2,0,0
1784912429828,3,04 GET /assets/index.css,200,OK,Moderate Load - 50 users over 60s 2-17,text,true,,29024,460,18,18,http://localhost:5000/assets/index.css,3,0,0
1784912429828,4,02 GET / (index.html),200,OK,Moderate Load - 50 users over 60s 2-14,text,true,,1795,444,18,18,http://localhost:5000/,4,0,0
1784912429844,2,09 GET /api/appointments (day view),200,OK,Moderate Load - 50 users over 60s 2-11,text,true,,1806,460,18,18,http://localhost:5000/api/appointments,2,0,0
1784912429844,6,07 GET /api/patients?search= (name search),200,OK,Moderate Load - 50 users over 60s 2-4,text,true,,1161,482,18,18,http://localhost:5000/api/patients?search=lz&page=1&limit=20,6,0,0
1784912429950,2,02 GET / (index.html),200,OK,Moderate Load - 50 users over 60s 2-18,text,true,,1795,444,18,18,http://localhost:5000/,2,0,0
1784912429965,4,09 GET /api/appointments (day view),200,OK,Moderate Load - 50 users over 60s 2-15,text,true,,1806,460,18,18,http://localhost:5000/api/appointments,3,0,0
1784912429965,7,07 GET /api/patients?search= (name search),200,OK,Moderate Load - 50 users over 60s 2-8,text,true,,1161,482,18,18,http://localhost:5000/api/patients?search=ye&page=1&limit=20,7,0,0
1784912429965,8,03 GET /assets/index.js (main bundle),200,OK,Moderate Load - 50 users over 60s 2-2,text,true,,233662,459,18,18,http://localhost:5000/assets/index.js,7,0,0
1784912429996,2,05 GET /api/dashboard/stats,200,OK,Moderate Load - 50 users over 60s 2-9,text,true,,1219,463,18,18,http://localhost:5000/api/dashboard/stats,2,0,0
1784912430058,1,05 GET /api/dashboard/stats,200,OK,Moderate Load - 50 users over 60s 2-5,text,true,,1219,463,18,18,http://localhost:5000/api/dashboard/stats,1,0,0
1784912430074,6,07 GET /api/patients?search= (name search),200,OK,Moderate Load - 50 users over 60s 2-12,text,true,,1161,482,19,19,http://localhost:5000/api/patients?search=wj&page=1&limit=20,6,0,0
1784912430100,5,07 GET /api/patients?search= (name search),200,OK,Moderate Load - 50 users over 60s 2-16,text,true,,1161,482,19,19,http://localhost:5000/api/patients?search=vr&page=1&limit=20,5,0,0
1784912430127,64,01 POST /api/auth/login,200,OK,Moderate Load - 50 users over 60s 2-13,text,true,,1486,543,19,19,http://localhost:5000/api/auth/login,64,0,0
1784912430226,61,01 POST /api/auth/login,200,OK,Moderate Load - 50 users over 60s 2-3,text,true,,1486,543,19,19,http://localhost:5000/api/auth/login,61,0,0
1784912430226,66,03 GET /assets/index.js (main bundle),200,OK,Moderate Load - 50 users over 60s 2-10,text,true,,233662,459,19,19,http://localhost:5000/assets/index.js,65,0,0
1784912430275,20,08 GET /api/patients/{id} (record with history),200,OK,Moderate Load - 50 users over 60s 2-6,text,true,,11824,459,19,19,http://localhost:5000/api/patients/14,20,0,0
1784912430331,65,01 POST /api/auth/login,200,OK,Moderate Load - 50 users over 60s 2-7,text,true,,1486,543,19,19,http://localhost:5000/api/auth/login,65,0,0
1784912430333,64,05 GET /api/dashboard/stats,200,OK,Moderate Load - 50 users over 60s 2-17,text,true,,1219,463,19,19,http://localhost:5000/api/dashboard/stats,64,0,0
1784912430347,111,01 POST /api/auth/login,200,OK,Moderate Load - 50 users over 60s 2-11,text,true,,1486,543,19,19,http://localhost:5000/api/auth/login,111,0,0
1784912430332,129,03 GET /assets/index.js (main bundle),200,OK,Moderate Load - 50 users over 60s 2-14,text,true,,233662,459,19,19,http://localhost:5000/assets/index.js,126,0,0
1784912430353,110,08 GET /api/patients/{id} (record with history),200,OK,Moderate Load - 50 users over 60s 2-4,text,true,,11781,459,19,19,http://localhost:5000/api/patients/24,110,0,0
1784912430453,11,03 GET /assets/index.js (main bundle),200,OK,Moderate Load - 50 users over 60s 2-18,text,true,,233662,459,19,19,http://localhost:5000/assets/index.js,9,0,0
1784912430470,61,01 POST /api/auth/login,200,OK,Moderate Load - 50 users over 60s 2-15,text,true,,1486,543,19,19,http://localhost:5000/api/auth/login,61,0,0
1784912430473,59,08 GET /api/patients/{id} (record with history),200,OK,Moderate Load - 50 users over 60s 2-8,text,true,,12437,459,19,19,http://localhost:5000/api/patients/31,59,0,0
1784912430499,35,06 GET /api/patients (paginated list),200,OK,Moderate Load - 50 users over 60s 2-9,text,true,,10720,473,19,19,http://localhost:5000/api/patients?page=29&limit=20,35,0,0
1784912430474,61,04 GET /assets/index.css,200,OK,Moderate Load - 50 users over 60s 2-2,text,true,,29024,460,19,19,http://localhost:5000/assets/index.css,61,0,0
1784912430569,64,01 POST /api/auth/login,200,OK,Moderate Load - 50 users over 60s 2-19,text,true,,1486,326,19,19,http://localhost:5000/api/auth/login,63,0,1
1784912430584,51,08 GET /api/patients/{id} (record with history),200,OK,Moderate Load - 50 users over 60s 2-12,text,true,,11224,459,19,19,http://localhost:5000/api/patients/33,51,0,0
1784912430615,22,08 GET /api/patients/{id} (record with history),200,OK,Moderate Load - 50 users over 60s 2-16,text,true,,11823,459,19,19,http://localhost:5000/api/patients/14,22,0,0
1784912430562,77,06 GET /api/patients (paginated list),200,OK,Moderate Load - 50 users over 60s 2-5,text,true,,10693,473,19,19,http://localhost:5000/api/patients?page=27&limit=20,77,0,0
1784912430693,2,02 GET / (index.html),200,OK,Moderate Load - 50 users over 60s 2-13,text,true,,1795,444,19,19,http://localhost:5000/,2,0,0
1784912430803,2,09 GET /api/appointments (day view),200,OK,Moderate Load - 50 users over 60s 2-6,text,true,,1806,460,19,19,http://localhost:5000/api/appointments,2,0,0
1784912430803,3,02 GET / (index.html),200,OK,Moderate Load - 50 users over 60s 2-3,text,true,,1795,444,19,19,http://localhost:5000/,3,0,0
1784912430803,3,04 GET /assets/index.css,200,OK,Moderate Load - 50 users over 60s 2-10,text,true,,29024,460,19,19,http://localhost:5000/assets/index.css,3,0,0
1784912430896,2,02 GET / (index.html),200,OK,Moderate Load - 50 users over 60s 2-7,text,true,,1795,444,19,19,http://localhost:5000/,2,0,0
1784912430911,2,06 GET /api/patients (paginated list),200,OK,Moderate Load - 50 users over 60s 2-17,text,true,,10553,473,19,19,http://localhost:5000/api/patients?page=34&limit=20,2,0,0
1784912430973,2,09 GET /api/appointments (day view),200,OK,Moderate Load - 50 users over 60s 2-4,text,true,,1806,460,19,19,http://localhost:5000/api/appointments,2,0,0
1784912430973,3,04 GET /assets/index.css,200,OK,Moderate Load - 50 users over 60s 2-18,text,true,,29024,460,19,19,http://localhost:5000/assets/index.css,3,0,0
1784912430973,4,02 GET / (index.html),200,OK,Moderate Load - 50 users over 60s 2-11,text,true,,1795,444,19,19,http://localhost:5000/,4,0,0
1784912430973,4,04 GET /assets/index.css,200,OK,Moderate Load - 50 users over 60s 2-14,text,true,,29024,460,19,19,http://localhost:5000/assets/index.css,4,0,0
1784912431036,4,09 GET /api/appointments (day view),200,OK,Moderate Load - 50 users over 60s 2-8,text,true,,1806,460,19,19,http://localhost:5000/api/appointments,4,0,0
1784912431036,6,05 GET /api/dashboard/stats,200,OK,Moderate Load - 50 users over 60s 2-2,text,true,,1219,463,19,19,http://localhost:5000/api/dashboard/stats,6,0,0
1784912431036,7,02 GET / (index.html),200,OK,Moderate Load - 50 users over 60s 2-15,text,true,,1795,444,19,19,http://localhost:5000/,7,0,0
1784912431036,8,07 GET /api/patients?search= (name search),200,OK,Moderate Load - 50 users over 60s 2-9,text,true,,1161,482,19,19,http://localhost:5000/api/patients?search=np&page=1&limit=20,8,0,0
1784912431134,1,02 GET / (index.html),200,OK,Moderate Load - 50 users over 60s 2-19,text,true,,1795,444,19,19,http://localhost:5000/,1,0,0
1784912431136,2,09 GET /api/appointments (day view),200,OK,Moderate Load - 50 users over 60s 2-12,text,true,,1806,460,19,19,http://localhost:5000/api/appointments,2,0,0
1784912431138,1,09 GET /api/appointments (day view),200,OK,Moderate Load - 50 users over 60s 2-16,text,true,,1806,460,19,19,http://localhost:5000/api/appointments,1,0,0
1784912431140,4,07 GET /api/patients?search= (name search),200,OK,Moderate Load - 50 users over 60s 2-5,text,true,,1161,482,19,19,http://localhost:5000/api/patients?search=hc&page=1&limit=20,4,0,0
1784912431197,1,03 GET /assets/index.js (main bundle),200,OK,Moderate Load - 50 users over 60s 2-13,text,true,,233662,459,19,19,http://localhost:5000/assets/index.js,1,0,0
1784912431307,2,05 GET /api/dashboard/stats,200,OK,Moderate Load - 50 users over 60s 2-10,text,true,,1219,463,20,20,http://localhost:5000/api/dashboard/stats,2,0,0
1784912431306,67,01 POST /api/auth/login,200,OK,Moderate Load - 50 users over 60s 2-6,text,true,,1486,543,20,20,http://localhost:5000/api/auth/login,67,0,0
1784912431306,68,03 GET /assets/index.js (main bundle),200,OK,Moderate Load - 50 users over 60s 2-3,text,true,,233662,459,20,20,http://localhost:5000/assets/index.js,68,0,0
1784912431399,2,03 GET /assets/index.js (main bundle),200,OK,Moderate Load - 50 users over 60s 2-7,text,true,,233662,459,20,20,http://localhost:5000/assets/index.js,2,0,0
1784912431414,6,07 GET /api/patients?search= (name search),200,OK,Moderate Load - 50 users over 60s 2-17,text,true,,1161,482,20,20,http://localhost:5000/api/patients?search=cf&page=1&limit=20,6,0,0
1784912431477,2,05 GET /api/dashboard/stats,200,OK,Moderate Load - 50 users over 60s 2-18,text,true,,1219,463,20,20,http://localhost:5000/api/dashboard/stats,2,0,0
1784912431475,62,01 POST /api/auth/login,200,OK,Moderate Load - 50 users over 60s 2-4,text,true,,1486,543,20,20,http://localhost:5000/api/auth/login,62,0,0
1784912431478,60,05 GET /api/dashboard/stats,200,OK,Moderate Load - 50 users over 60s 2-14,text,true,,1219,463,20,20,http://localhost:5000/api/dashboard/stats,60,0,0
1784912431477,62,03 GET /assets/index.js (main bundle),200,OK,Moderate Load - 50 users over 60s 2-11,text,true,,233662,459,20,20,http://localhost:5000/assets/index.js,62,0,0
1784912431545,4,08 GET /api/patients/{id} (record with history),200,OK,Moderate Load - 50 users over 60s 2-9,text,true,,12028,458,20,20,http://localhost:5000/api/patients/1,4,0,0
1784912431545,9,03 GET /assets/index.js (main bundle),200,OK,Moderate Load - 50 users over 60s 2-15,text,true,,233662,459,20,20,http://localhost:5000/assets/index.js,7,0,0
1784912431545,23,06 GET /api/patients (paginated list),200,OK,Moderate Load - 50 users over 60s 2-2,text,true,,10875,473,20,20,http://localhost:5000/api/patients?page=30&limit=20,23,0,0
1784912431638,3,03 GET /assets/index.js (main bundle),200,OK,Moderate Load - 50 users over 60s 2-19,text,true,,233662,459,20,20,http://localhost:5000/assets/index.js,2,0,0
1784912431640,62,01 POST /api/auth/login,200,OK,Moderate Load - 50 users over 60s 2-12,text,true,,1486,543,20,20,http://localhost:5000/api/auth/login,62,0,0
1784912431645,60,08 GET /api/patients/{id} (record with history),200,OK,Moderate Load - 50 users over 60s 2-5,text,true,,12437,459,20,20,http://localhost:5000/api/patients/31,60,0,0
1784912431642,122,01 POST /api/auth/login,200,OK,Moderate Load - 50 users over 60s 2-16,text,true,,1486,543,20,20,http://localhost:5000/api/auth/login,122,0,0
1784912431699,66,04 GET /assets/index.css,200,OK,Moderate Load - 50 users over 60s 2-13,text,true,,29024,460,20,20,http://localhost:5000/assets/index.css,66,0,0
1784912431768,62,01 POST /api/auth/login,200,OK,Moderate Load - 50 users over 60s 2-20,text,true,,1486,326,20,20,http://localhost:5000/api/auth/login,62,0,1
1784912431813,19,06 GET /api/patients (paginated list),200,OK,Moderate Load - 50 users over 60s 2-10,text,true,,10513,472,20,20,http://localhost:5000/api/patients?page=4&limit=20,19,0,0
1784912431875,2,02 GET / (index.html),200,OK,Moderate Load - 50 users over 60s 2-6,text,true,,1795,444,20,20,http://localhost:5000/,2,0,0
1784912431875,2,04 GET /assets/index.css,200,OK,Moderate Load - 50 users over 60s 2-3,text,true,,29024,460,20,20,http://localhost:5000/assets/index.css,2,0,0
1784912431906,3,04 GET /assets/index.css,200,OK,Moderate Load - 50 users over 60s 2-7,text,true,,29024,460,20,20,http://localhost:5000/assets/index.css,3,0,0
1784912431922,3,08 GET /api/patients/{id} (record with history),200,OK,Moderate Load - 50 users over 60s 2-17,text,true,,10582,459,20,20,http://localhost:5000/api/patients/36,3,0,0
1784912431984,3,06 GET /api/patients (paginated list),200,OK,Moderate Load - 50 users over 60s 2-18,text,true,,10553,473,20,20,http://localhost:5000/api/patients?page=34&limit=20,3,0,0
1784912432045,3,06 GET /api/patients (paginated list),200,OK,Moderate Load - 50 users over 60s 2-14,text,true,,10771,473,20,20,http://localhost:5000/api/patients?page=32&limit=20,3,0,0
1784912432045,4,02 GET / (index.html),200,OK,Moderate Load - 50 users over 60s 2-4,text,true,,1795,444,20,20,http://localhost:5000/,4,0,0
1784912432045,4,04 GET /assets/index.css,200,OK,Moderate Load - 50 users over 60s 2-11,text,true,,29024,460,20,20,http://localhost:5000/assets/index.css,4,0,0
1784912432061,2,09 GET /api/appointments (day view),200,OK,Moderate Load - 50 users over 60s 2-9,text,true,,1806,460,20,20,http://localhost:5000/api/appointments,2,0,0
1784912432061,3,04 GET /assets/index.css,200,OK,Moderate Load - 50 users over 60s 2-15,text,true,,29024,460,20,20,http://localhost:5000/assets/index.css,3,0,0
1784912432077,6,07 GET /api/patients?search= (name search),200,OK,Moderate Load - 50 users over 60s 2-2,text,true,,1161,482,20,20,http://localhost:5000/api/patients?search=zy&page=1&limit=20,6,0,0
1784912432143,1,04 GET /assets/index.css,200,OK,Moderate Load - 50 users over 60s 2-19,text,true,,29024,460,20,20,http://localhost:5000/assets/index.css,1,0,0
1784912432205,2,02 GET / (index.html),200,OK,Moderate Load - 50 users over 60s 2-12,text,true,,1795,444,20,20,http://localhost:5000/,2,0,0
1784912432207,1,09 GET /api/appointments (day view),200,OK,Moderate Load - 50 users over 60s 2-5,text,true,,1806,460,20,20,http://localhost:5000/api/appointments,1,0,0
1784912432265,2,02 GET / (index.html),200,OK,Moderate Load - 50 users over 60s 2-16,text,true,,1795,444,20,20,http://localhost:5000/,2,0,0
1784912432267,2,05 GET /api/dashboard/stats,200,OK,Moderate Load - 50 users over 60s 2-13,text,true,,1219,463,20,20,http://localhost:5000/api/dashboard/stats,2,0,0
1784912432332,2,02 GET / (index.html),200,OK,Moderate Load - 50 users over 60s 2-20,text,true,,1795,444,20,20,http://localhost:5000/,2,0,0
1784912432333,5,07 GET /api/patients?search= (name search),200,OK,Moderate Load - 50 users over 60s 2-10,text,true,,1161,482,20,20,http://localhost:5000/api/patients?search=qz&page=1&limit=20,5,0,0
1784912432379,3,05 GET /api/dashboard/stats,200,OK,Moderate Load - 50 users over 60s 2-3,text,true,,1219,463,20,20,http://localhost:5000/api/dashboard/stats,3,0,0
1784912432379,4,03 GET /assets/index.js (main bundle),200,OK,Moderate Load - 50 users over 60s 2-6,text,true,,233662,459,20,20,http://localhost:5000/assets/index.js,4,0,0
1784912432411,2,05 GET /api/dashboard/stats,200,OK,Moderate Load - 50 users over 60s 2-7,text,true,,1219,463,20,20,http://localhost:5000/api/dashboard/stats,2,0,0
1784912432426,1,09 GET /api/appointments (day view),200,OK,Moderate Load - 50 users over 60s 2-17,text,true,,1806,460,20,20,http://localhost:5000/api/appointments,1,0,0
1784912432487,6,07 GET /api/patients?search= (name search),200,OK,Moderate Load - 50 users over 60s 2-18,text,true,,1161,482,21,21,http://localhost:5000/api/patients?search=zz&page=1&limit=20,6,0,0
1784912432550,3,05 GET /api/dashboard/stats,200,OK,Moderate Load - 50 users over 60s 2-11,text,true,,1219,463,21,21,http://localhost:5000/api/dashboard/stats,3,0,0
1784912432549,7,03 GET /assets/index.js (main bundle),200,OK,Moderate Load - 50 users over 60s 2-4,text,true,,233662,459,21,21,http://localhost:5000/assets/index.js,5,0,0
1784912432550,7,07 GET /api/patients?search= (name search),200,OK,Moderate Load - 50 users over 60s 2-14,text,true,,1161,482,21,21,http://localhost:5000/api/patients?search=qc&page=1&limit=20,7,0,0
1784912432565,1,05 GET /api/dashboard/stats,200,OK,Moderate Load - 50 users over 60s 2-15,text,true,,1219,463,21,21,http://localhost:5000/api/dashboard/stats,1,0,0
1784912432564,62,01 POST /api/auth/login,200,OK,Moderate Load - 50 users over 60s 2-9,text,true,,1486,543,21,21,http://localhost:5000/api/auth/login,62,0,0
1784912432585,43,08 GET /api/patients/{id} (record with history),200,OK,Moderate Load - 50 users over 60s 2-2,text,true,,9972,459,21,21,http://localhost:5000/api/patients/37,43,0,0
1784912432646,2,05 GET /api/dashboard/stats,200,OK,Moderate Load - 50 users over 60s 2-19,text,true,,1219,463,21,21,http://localhost:5000/api/dashboard/stats,2,0,0
1784912432708,1,03 GET /assets/index.js (main bundle),200,OK,Moderate Load - 50 users over 60s 2-12,text,true,,233662,459,21,21,http://localhost:5000/assets/index.js,1,0,0
1784912432710,62,01 POST /api/auth/login,200,OK,Moderate Load - 50 users over 60s 2-5,text,true,,1486,543,21,21,http://localhost:5000/api/auth/login,62,0,0
1784912432771,3,06 GET /api/patients (paginated list),200,OK,Moderate Load - 50 users over 60s 2-13,text,true,,10682,473,21,21,http://localhost:5000/api/patients?page=38&limit=20,3,0,0
1784912432767,8,03 GET /assets/index.js (main bundle),200,OK,Moderate Load - 50 users over 60s 2-16,text,true,,233662,459,21,21,http://localhost:5000/assets/index.js,8,0,0
1784912432835,2,03 GET /assets/index.js (main bundle),200,OK,Moderate Load - 50 users over 60s 2-20,text,true,,233662,459,21,21,http://localhost:5000/assets/index.js,2,0,0
1784912432839,7,08 GET /api/patients/{id} (record with history),200,OK,Moderate Load - 50 users over 60s 2-10,text,true,,8783,459,21,21,http://localhost:5000/api/patients/48,7,0,0
1784912432882,3,06 GET /api/patients (paginated list),200,OK,Moderate Load - 50 users over 60s 2-3,text,true,,10803,473,21,21,http://localhost:5000/api/patients?page=35&limit=20,3,0,0
1784912432885,2,04 GET /assets/index.css,200,OK,Moderate Load - 50 users over 60s 2-6,text,true,,29024,460,21,21,http://localhost:5000/assets/index.css,2,0,0
1784912432914,2,06 GET /api/patients (paginated list),200,OK,Moderate Load - 50 users over 60s 2-7,text,true,,10656,472,21,21,http://localhost:5000/api/patients?page=6&limit=20,2,0,0
1784912432928,63,01 POST /api/auth/login,200,OK,Moderate Load - 50 users over 60s 2-17,text,true,,1486,543,21,21,http://localhost:5000/api/auth/login,63,0,0
1784912432965,89,01 POST /api/auth/login,200,OK,Moderate Load - 50 users over 60s 2-21,text,true,,1486,326,21,21,http://localhost:5000/api/auth/login,89,0,1
1784912433057,2,06 GET /api/patients (paginated list),200,OK,Moderate Load - 50 users over 60s 2-11,text,true,,10595,473,21,21,http://localhost:5000/api/patients?page=44&limit=20,2,0,0
1784912432995,69,08 GET /api/patients/{id} (record with history),200,OK,Moderate Load - 50 users over 60s 2-18,text,true,,11221,459,21,21,http://localhost:5000/api/patients/45,69,0,0
1784912433057,8,04 GET /assets/index.css,200,OK,Moderate Load - 50 users over 60s 2-4,text,true,,29024,460,21,21,http://localhost:5000/assets/index.css,8,0,0
1784912433057,10,08 GET /api/patients/{id} (record with history),200,OK,Moderate Load - 50 users over 60s 2-14,text,true,,11157,458,21,21,http://localhost:5000/api/patients/7,10,0,0
1784912433073,3,06 GET /api/patients (paginated list),200,OK,Moderate Load - 50 users over 60s 2-15,text,true,,10682,473,21,21,http://localhost:5000/api/patients?page=38&limit=20,3,0,0
1784912433135,3,09 GET /api/appointments (day view),200,OK,Moderate Load - 50 users over 60s 2-2,text,true,,1806,460,21,21,http://localhost:5000/api/appointments,3,0,0
1784912433135,10,02 GET / (index.html),200,OK,Moderate Load - 50 users over 60s 2-9,text,true,,1795,444,20,20,http://localhost:5000/,10,0,0
1784912433150,3,06 GET /api/patients (paginated list),200,OK,Moderate Load - 50 users over 60s 2-19,text,true,,10686,473,20,20,http://localhost:5000/api/patients?page=19&limit=20,3,0,0
1784912431541,1639,10 POST /api/ai/pre-appointment/{id},200,OK,Moderate Load - 50 users over 60s 2-8,text,true,,2408,490,20,20,http://localhost:5000/api/ai/pre-appointment/255,1639,0,0
1784912433210,2,04 GET /assets/index.css,200,OK,Moderate Load - 50 users over 60s 2-12,text,true,,29024,460,20,20,http://localhost:5000/assets/index.css,2,0,0
1784912433275,1,02 GET / (index.html),200,OK,Moderate Load - 50 users over 60s 2-5,text,true,,1795,444,20,20,http://localhost:5000/,1,0,0
1784912433290,3,04 GET /assets/index.css,200,OK,Moderate Load - 50 users over 60s 2-16,text,true,,29024,460,20,20,http://localhost:5000/assets/index.css,2,0,0
1784912433290,4,07 GET /api/patients?search= (name search),200,OK,Moderate Load - 50 users over 60s 2-13,text,true,,1161,482,20,20,http://localhost:5000/api/patients?search=km&page=1&limit=20,4,0,0
1784912433352,2,09 GET /api/appointments (day view),200,OK,Moderate Load - 50 users over 60s 2-10,text,true,,1806,460,20,20,http://localhost:5000/api/appointments,2,0,0
1784912433352,3,04 GET /assets/index.css,200,OK,Moderate Load - 50 users over 60s 2-20,text,true,,29024,460,20,20,http://localhost:5000/assets/index.css,3,0,0
1784912433385,6,07 GET /api/patients?search= (name search),200,OK,Moderate Load - 50 users over 60s 2-3,text,true,,1161,482,20,20,http://localhost:5000/api/patients?search=ud&page=1&limit=20,6,0,0
1784912433399,1,05 GET /api/dashboard/stats,200,OK,Moderate Load - 50 users over 60s 2-6,text,true,,1219,463,20,20,http://localhost:5000/api/dashboard/stats,1,0,0
1784912433430,1,07 GET /api/patients?search= (name search),200,OK,Moderate Load - 50 users over 60s 2-7,text,true,,1160,482,20,20,http://localhost:5000/api/patients?search=hr&page=1&limit=20,1,0,0
1784912433492,1,02 GET / (index.html),200,OK,Moderate Load - 50 users over 60s 2-17,text,true,,1795,444,20,20,http://localhost:5000/,1,0,0
1784912433555,1,02 GET / (index.html),200,OK,Moderate Load - 50 users over 60s 2-21,text,true,,1795,444,20,20,http://localhost:5000/,1,0,0
1784912433570,3,05 GET /api/dashboard/stats,200,OK,Moderate Load - 50 users over 60s 2-4,text,true,,1219,463,20,20,http://localhost:5000/api/dashboard/stats,3,0,0
1784912433570,6,09 GET /api/appointments (day view),200,OK,Moderate Load - 50 users over 60s 2-14,text,true,,1806,460,20,20,http://localhost:5000/api/appointments,6,0,0
1784912433570,7,09 GET /api/appointments (day view),200,OK,Moderate Load - 50 users over 60s 2-18,text,true,,1806,460,20,20,http://localhost:5000/api/appointments,7,0,0
1784912433570,9,07 GET /api/patients?search= (name search),200,OK,Moderate Load - 50 users over 60s 2-11,text,true,,1161,482,20,20,http://localhost:5000/api/patients?search=ld&page=1&limit=20,9,0,0
1784912433586,2,07 GET /api/patients?search= (name search),200,OK,Moderate Load - 50 users over 60s 2-15,text,true,,1160,482,20,20,http://localhost:5000/api/patients?search=ff&page=1&limit=20,2,0,0
1784912433648,2,03 GET /assets/index.js (main bundle),200,OK,Moderate Load - 50 users over 60s 2-9,text,true,,233662,459,20,20,http://localhost:5000/assets/index.js,1,0,0
1784912433663,6,07 GET /api/patients?search= (name search),200,OK,Moderate Load - 50 users over 60s 2-19,text,true,,1161,482,21,21,http://localhost:5000/api/patients?search=yr&page=1&limit=20,6,0,0
1784912433694,64,01 POST /api/auth/login,200,OK,Moderate Load - 50 users over 60s 2-8,text,true,,1486,543,21,21,http://localhost:5000/api/auth/login,64,0,0
1784912433725,34,05 GET /api/dashboard/stats,200,OK,Moderate Load - 50 users over 60s 2-12,text,true,,1219,463,21,21,http://localhost:5000/api/dashboard/stats,34,0,0
1784912433787,3,03 GET /assets/index.js (main bundle),200,OK,Moderate Load - 50 users over 60s 2-5,text,true,,233662,459,21,21,http://localhost:5000/assets/index.js,2,0,0
1784912433803,2,08 GET /api/patients/{id} (record with history),200,OK,Moderate Load - 50 users over 60s 2-13,text,true,,12344,459,21,21,http://localhost:5000/api/patients/40,2,0,0
1784912433803,3,05 GET /api/dashboard/stats,200,OK,Moderate Load - 50 users over 60s 2-16,text,true,,1219,463,21,21,http://localhost:5000/api/dashboard/stats,3,0,0
1784912433865,2,05 GET /api/dashboard/stats,200,OK,Moderate Load - 50 users over 60s 2-20,text,true,,1219,463,21,21,http://localhost:5000/api/dashboard/stats,2,0,0
1784912433865,62,01 POST /api/auth/login,200,OK,Moderate Load - 50 users over 60s 2-10,text,true,,1486,543,21,21,http://localhost:5000/api/auth/login,62,0,0
1784912433896,33,08 GET /api/patients/{id} (record with history),200,OK,Moderate Load - 50 users over 60s 2-3,text,true,,10554,459,21,21,http://localhost:5000/api/patients/28,33,0,0
1784912433912,20,06 GET /api/patients (paginated list),200,OK,Moderate Load - 50 users over 60s 2-6,text,true,,10885,472,21,21,http://localhost:5000/api/patients?page=7&limit=20,20,0,0
1784912433944,3,08 GET /api/patients/{id} (record with history),200,OK,Moderate Load - 50 users over 60s 2-7,text,true,,10579,459,21,21,http://localhost:5000/api/patients/38,3,0,0
1784912434005,3,03 GET /assets/index.js (main bundle),200,OK,Moderate Load - 50 users over 60s 2-17,text,true,,233662,459,21,21,http://localhost:5000/assets/index.js,2,0,0
1784912434067,2,03 GET /assets/index.js (main bundle),200,OK,Moderate Load - 50 users over 60s 2-21,text,true,,233662,459,21,21,http://localhost:5000/assets/index.js,2,0,0
1784912434083,3,08 GET /api/patients/{id} (record with history),200,OK,Moderate Load - 50 users over 60s 2-11,text,true,,11823,459,21,21,http://localhost:5000/api/patients/14,3,0,0
1784912434083,66,01 POST /api/auth/login,200,OK,Moderate Load - 50 users over 60s 2-18,text,true,,1486,543,21,21,http://localhost:5000/api/auth/login,66,0,0
1784912434099,110,08 GET /api/patients/{id} (record with history),200,OK,Moderate Load - 50 users over 60s 2-15,text,true,,10582,459,21,21,http://localhost:5000/api/patients/36,110,0,0
1784912434083,127,01 POST /api/auth/login,200,OK,Moderate Load - 50 users over 60s 2-14,text,true,,1486,543,21,21,http://localhost:5000/api/auth/login,127,0,0
1784912434177,35,08 GET /api/patients/{id} (record with history),200,OK,Moderate Load - 50 users over 60s 2-19,text,true,,12028,458,21,21,http://localhost:5000/api/patients/1,35,0,0
1784912434083,131,06 GET /api/patients (paginated list),200,OK,Moderate Load - 50 users over 60s 2-4,text,true,,10706,473,21,21,http://localhost:5000/api/patients?page=14&limit=20,131,0,0
1784912434177,97,01 POST /api/auth/login,200,OK,Moderate Load - 50 users over 60s 2-22,text,true,,1486,326,21,21,http://localhost:5000/api/auth/login,97,0,1
1784912434151,124,04 GET /assets/index.css,200,OK,Moderate Load - 50 users over 60s 2-9,text,true,,29024,460,21,21,http://localhost:5000/assets/index.css,124,0,0
1784912434270,7,02 GET / (index.html),200,OK,Moderate Load - 50 users over 60s 2-8,text,true,,1795,444,21,21,http://localhost:5000/,7,0,0
1784912434270,26,06 GET /api/patients (paginated list),200,OK,Moderate Load - 50 users over 60s 2-12,text,true,,10586,472,21,21,http://localhost:5000/api/patients?page=3&limit=20,26,0,0
1784912434301,2,04 GET /assets/index.css,200,OK,Moderate Load - 50 users over 60s 2-5,text,true,,29024,460,21,21,http://localhost:5000/assets/index.css,2,0,0
1784912434316,4,09 GET /api/appointments (day view),200,OK,Moderate Load - 50 users over 60s 2-13,text,true,,1806,460,21,21,http://localhost:5000/api/appointments,4,0,0
1784912434316,22,06 GET /api/patients (paginated list),200,OK,Moderate Load - 50 users over 60s 2-16,text,true,,10737,473,21,21,http://localhost:5000/api/patients?page=20&limit=20,22,0,0
1784912434379,2,06 GET /api/patients (paginated list),200,OK,Moderate Load - 50 users over 60s 2-20,text,true,,10705,473,21,21,http://localhost:5000/api/patients?page=14&limit=20,2,0,0
1784912434439,2,09 GET /api/appointments (day view),200,OK,Moderate Load - 50 users over 60s 2-3,text,true,,1806,460,21,21,http://localhost:5000/api/appointments,2,0,0
1784912434439,4,02 GET / (index.html),200,OK,Moderate Load - 50 users over 60s 2-10,text,true,,1795,444,20,20,http://localhost:5000/,4,0,0
1784912434439,6,07 GET /api/patients?search= (name search),200,OK,Moderate Load - 50 users over 60s 2-6,text,true,,1161,482,20,20,http://localhost:5000/api/patients?search=tn&page=1&limit=20,6,0,0
1784912434454,2,09 GET /api/appointments (day view),200,OK,Moderate Load - 50 users over 60s 2-7,text,true,,1806,460,20,20,http://localhost:5000/api/appointments,2,0,0
1784912434515,2,04 GET /assets/index.css,200,OK,Moderate Load - 50 users over 60s 2-17,text,true,,29024,460,20,20,http://localhost:5000/assets/index.css,2,0,0
1784912434577,2,04 GET /assets/index.css,200,OK,Moderate Load - 50 users over 60s 2-21,text,true,,29024,460,20,20,http://localhost:5000/assets/index.css,2,0,0
1784912434593,2,09 GET /api/appointments (day view),200,OK,Moderate Load - 50 users over 60s 2-11,text,true,,1806,460,20,20,http://localhost:5000/api/appointments,2,0,0
1784912434653,1,02 GET / (index.html),200,OK,Moderate Load - 50 users over 60s 2-18,text,true,,1795,444,20,20,http://localhost:5000/,1,0,0
1784912434714,2,09 GET /api/appointments (day view),200,OK,Moderate Load - 50 users over 60s 2-15,text,true,,1806,460,20,20,http://localhost:5000/api/appointments,2,0,0
1784912434714,3,09 GET /api/appointments (day view),200,OK,Moderate Load - 50 users over 60s 2-19,text,true,,1806,460,20,20,http://localhost:5000/api/appointments,3,0,0
1784912434715,4,02 GET / (index.html),200,OK,Moderate Load - 50 users over 60s 2-14,text,true,,1795,444,20,20,http://localhost:5000/,4,0,0
1784912434716,6,07 GET /api/patients?search= (name search),200,OK,Moderate Load - 50 users over 60s 2-4,text,true,,1161,482,20,20,http://localhost:5000/api/patients?search=yx&page=1&limit=20,6,0,0
1784912434777,2,05 GET /api/dashboard/stats,200,OK,Moderate Load - 50 users over 60s 2-9,text,true,,1219,463,20,20,http://localhost:5000/api/dashboard/stats,2,0,0
1784912434777,4,02 GET / (index.html),200,OK,Moderate Load - 50 users over 60s 2-22,text,true,,1795,444,20,20,http://localhost:5000/,4,0,0
1784912434779,2,03 GET /assets/index.js (main bundle),200,OK,Moderate Load - 50 users over 60s 2-8,text,true,,233662,459,20,20,http://localhost:5000/assets/index.js,2,0,0
1784912434808,2,05 GET /api/dashboard/stats,200,OK,Moderate Load - 50 users over 60s 2-5,text,true,,1219,463,20,20,http://localhost:5000/api/dashboard/stats,2,0,0
1784912434808,7,07 GET /api/patients?search= (name search),200,OK,Moderate Load - 50 users over 60s 2-12,text,true,,1161,482,20,20,http://localhost:5000/api/patients?search=xu&page=1&limit=20,7,0,0
1784912434839,5,07 GET /api/patients?search= (name search),200,OK,Moderate Load - 50 users over 60s 2-16,text,true,,1161,482,20,20,http://localhost:5000/api/patients?search=sy&page=1&limit=20,5,0,0
1784912434886,5,07 GET /api/patients?search= (name search),200,OK,Moderate Load - 50 users over 60s 2-20,text,true,,1161,482,21,21,http://localhost:5000/api/patients?search=hu&page=1&limit=20,5,0,0
1784912434947,2,08 GET /api/patients/{id} (record with history),200,OK,Moderate Load - 50 users over 60s 2-6,text,true,,11783,459,21,21,http://localhost:5000/api/patients/29,2,0,0
1784912434947,4,03 GET /assets/index.js (main bundle),200,OK,Moderate Load - 50 users over 60s 2-10,text,true,,233662,459,21,21,http://localhost:5000/assets/index.js,3,0,0
1784912434963,60,01 POST /api/auth/login,200,OK,Moderate Load - 50 users over 60s 2-7,text,true,,1486,543,21,21,http://localhost:5000/api/auth/login,60,0,0
1784912435024,2,05 GET /api/dashboard/stats,200,OK,Moderate Load - 50 users over 60s 2-17,text,true,,1219,463,21,21,http://localhost:5000/api/dashboard/stats,2,0,0
1784912435086,3,05 GET /api/dashboard/stats,200,OK,Moderate Load - 50 users over 60s 2-21,text,true,,1219,463,21,21,http://localhost:5000/api/dashboard/stats,3,0,0
1784912435102,62,01 POST /api/auth/login,200,OK,Moderate Load - 50 users over 60s 2-11,text,true,,1486,543,21,21,http://localhost:5000/api/auth/login,62,0,0
1784912435155,11,03 GET /assets/index.js (main bundle),200,OK,Moderate Load - 50 users over 60s 2-18,text,true,,233662,459,21,21,http://localhost:5000/assets/index.js,11,0,0
1784912435217,60,01 POST /api/auth/login,200,OK,Moderate Load - 50 users over 60s 2-15,text,true,,1486,543,21,21,http://localhost:5000/api/auth/login,60,0,0
1784912435217,123,01 POST /api/auth/login,200,OK,Moderate Load - 50 users over 60s 2-19,text,true,,1486,543,21,21,http://localhost:5000/api/auth/login,123,0,0
1784912435280,62,06 GET /api/patients (paginated list),200,OK,Moderate Load - 50 users over 60s 2-9,text,true,,10686,473,21,21,http://localhost:5000/api/patients?page=19&limit=20,62,0,0
1784912435311,32,06 GET /api/patients (paginated list),200,OK,Moderate Load - 50 users over 60s 2-5,text,true,,10642,473,21,21,http://localhost:5000/api/patients?page=22&limit=20,32,0,0
1784912435345,4,08 GET /api/patients/{id} (record with history),200,OK,Moderate Load - 50 users over 60s 2-16,text,true,,11780,459,21,21,http://localhost:5000/api/patients/24,4,0,0
1784912435283,68,04 GET /assets/index.css,200,OK,Moderate Load - 50 users over 60s 2-8,text,true,,29024,460,21,21,http://localhost:5000/assets/index.css,68,0,0
1784912435223,133,08 GET /api/patients/{id} (record with history),200,OK,Moderate Load - 50 users over 60s 2-4,text,true,,12603,458,21,21,http://localhost:5000/api/patients/2,133,0,0
1784912435316,41,08 GET /api/patients/{id} (record with history),200,OK,Moderate Load - 50 users over 60s 2-12,text,true,,12603,458,21,21,http://localhost:5000/api/patients/2,41,0,0
1784912435222,135,03 GET /assets/index.js (main bundle),200,OK,Moderate Load - 50 users over 60s 2-14,text,true,,233662,459,21,21,http://localhost:5000/assets/index.js,127,0,0
1784912435281,76,03 GET /assets/index.js (main bundle),200,OK,Moderate Load - 50 users over 60s 2-22,text,true,,233662,459,21,21,http://localhost:5000/assets/index.js,70,0,0
1784912435364,61,01 POST /api/auth/login,200,OK,Moderate Load - 50 users over 60s 2-23,text,true,,1486,326,21,21,http://localhost:5000/api/auth/login,61,0,1
1784912435395,32,08 GET /api/patients/{id} (record with history),200,OK,Moderate Load - 50 users over 60s 2-20,text,true,,8759,459,21,21,http://localhost:5000/api/patients/35,32,0,0
1784912435457,2,09 GET /api/appointments (day view),200,OK,Moderate Load - 50 users over 60s 2-6,text,true,,1806,460,21,21,http://localhost:5000/api/appointments,2,0,0
1784912435457,3,04 GET /assets/index.css,200,OK,Moderate Load - 50 users over 60s 2-10,text,true,,29024,460,21,21,http://localhost:5000/assets/index.css,3,0,0
1784912435535,3,02 GET / (index.html),200,OK,Moderate Load - 50 users over 60s 2-7,text,true,,1795,444,21,21,http://localhost:5000/,3,0,0
1784912435535,2,06 GET /api/patients (paginated list),200,OK,Moderate Load - 50 users over 60s 2-17,text,true,,10642,473,21,21,http://localhost:5000/api/patients?page=22&limit=20,2,0,0
1784912435596,2,06 GET /api/patients (paginated list),200,OK,Moderate Load - 50 users over 60s 2-21,text,true,,10674,473,21,21,http://localhost:5000/api/patients?page=25&limit=20,2,0,0
1784912435672,2,02 GET / (index.html),200,OK,Moderate Load - 50 users over 60s 2-11,text,true,,1795,444,21,21,http://localhost:5000/,2,0,0
1784912435672,2,04 GET /assets/index.css,200,OK,Moderate Load - 50 users over 60s 2-18,text,true,,29024,460,21,21,http://localhost:5000/assets/index.css,2,0,0
1784912435780,2,02 GET / (index.html),200,OK,Moderate Load - 50 users over 60s 2-15,text,true,,1795,444,21,21,http://localhost:5000/,2,0,0
1784912435841,2,02 GET / (index.html),200,OK,Moderate Load - 50 users over 60s 2-19,text,true,,1795,444,21,21,http://localhost:5000/,2,0,0
1784912435857,1,05 GET /api/dashboard/stats,200,OK,Moderate Load - 50 users over 60s 2-8,text,true,,1219,463,21,21,http://localhost:5000/api/dashboard/stats,1,0,0
1784912435857,14,09 GET /api/appointments (day view),200,OK,Moderate Load - 50 users over 60s 2-4,text,true,,1806,460,21,21,http://localhost:5000/api/appointments,14,0,0
1784912435857,15,09 GET /api/appointments (day view),200,OK,Moderate Load - 50 users over 60s 2-16,text,true,,1806,460,20,20,http://localhost:5000/api/appointments,15,0,0
1784912435872,4,09 GET /api/appointments (day view),200,OK,Moderate Load - 50 users over 60s 2-12,text,true,,1806,460,20,20,http://localhost:5000/api/appointments,4,0,0
1784912435857,19,07 GET /api/patients?search= (name search),200,OK,Moderate Load - 50 users over 60s 2-9,text,true,,1161,482,20,20,http://localhost:5000/api/patients?search=ev&page=1&limit=20,19,0,0
1784912435857,20,07 GET /api/patients?search= (name search),200,OK,Moderate Load - 50 users over 60s 2-5,text,true,,1161,482,20,20,http://localhost:5000/api/patients?search=oi&page=1&limit=20,20,0,0
1784912435872,5,04 GET /assets/index.css,200,OK,Moderate Load - 50 users over 60s 2-22,text,true,,29024,460,20,20,http://localhost:5000/assets/index.css,5,0,0
1784912435872,6,04 GET /assets/index.css,200,OK,Moderate Load - 50 users over 60s 2-14,text,true,,29024,460,20,20,http://localhost:5000/assets/index.css,6,0,0
1784912435934,2,09 GET /api/appointments (day view),200,OK,Moderate Load - 50 users over 60s 2-20,text,true,,1806,460,20,20,http://localhost:5000/api/appointments,2,0,0
1784912435934,3,02 GET / (index.html),200,OK,Moderate Load - 50 users over 60s 2-23,text,true,,1795,444,20,20,http://localhost:5000/,3,0,0
1784912435967,1,05 GET /api/dashboard/stats,200,OK,Moderate Load - 50 users over 60s 2-10,text,true,,1219,463,20,20,http://localhost:5000/api/dashboard/stats,1,0,0
1784912435967,62,01 POST /api/auth/login,200,OK,Moderate Load - 50 users over 60s 2-6,text,true,,1486,543,20,20,http://localhost:5000/api/auth/login,62,0,0
1784912434823,1210,10 POST /api/ai/pre-appointment/{id},200,OK,Moderate Load - 50 users over 60s 2-13,text,true,,1960,490,20,20,http://localhost:5000/api/ai/pre-appointment/572,1210,0,0
1784912436045,3,03 GET /assets/index.js (main bundle),200,OK,Moderate Load - 50 users over 60s 2-7,text,true,,233662,459,20,20,http://localhost:5000/assets/index.js,3,0,0
1784912436045,15,07 GET /api/patients?search= (name search),200,OK,Moderate Load - 50 users over 60s 2-17,text,true,,10718,482,20,20,http://localhost:5000/api/patients?search=ib&page=1&limit=20,15,0,0
1784912436105,14,07 GET /api/patients?search= (name search),200,OK,Moderate Load - 50 users over 60s 2-21,text,true,,10720,482,21,21,http://localhost:5000/api/patients?search=da&page=1&limit=20,14,0,0
1784912436175,1,05 GET /api/dashboard/stats,200,OK,Moderate Load - 50 users over 60s 2-18,text,true,,1219,463,21,21,http://localhost:5000/api/dashboard/stats,1,0,0
1784912436176,3,03 GET /assets/index.js (main bundle),200,OK,Moderate Load - 50 users over 60s 2-11,text,true,,233662,459,21,21,http://localhost:5000/assets/index.js,2,0,0
1784912436283,1,03 GET /assets/index.js (main bundle),200,OK,Moderate Load - 50 users over 60s 2-15,text,true,,233662,459,21,21,http://localhost:5000/assets/index.js,1,0,0
1784912436343,3,03 GET /assets/index.js (main bundle),200,OK,Moderate Load - 50 users over 60s 2-19,text,true,,233662,459,21,21,http://localhost:5000/assets/index.js,2,0,0
1784912436360,2,06 GET /api/patients (paginated list),200,OK,Moderate Load - 50 users over 60s 2-8,text,true,,10656,473,21,21,http://localhost:5000/api/patients?page=33&limit=20,2,0,0
1784912436372,62,01 POST /api/auth/login,200,OK,Moderate Load - 50 users over 60s 2-16,text,true,,1486,543,21,21,http://localhost:5000/api/auth/login,62,0,0
1784912436377,60,08 GET /api/patients/{id} (record with history),200,OK,Moderate Load - 50 users over 60s 2-5,text,true,,12479,459,21,21,http://localhost:5000/api/patients/10,60,0,0
1784912436377,62,08 GET /api/patients/{id} (record with history),200,OK,Moderate Load - 50 users over 60s 2-9,text,true,,11205,459,21,21,http://localhost:5000/api/patients/50,62,0,0
1784912436378,62,05 GET /api/dashboard/stats,200,OK,Moderate Load - 50 users over 60s 2-22,text,true,,1219,463,21,21,http://localhost:5000/api/dashboard/stats,62,0,0
1784912436378,63,05 GET /api/dashboard/stats,200,OK,Moderate Load - 50 users over 60s 2-14,text,true,,1219,463,21,21,http://localhost:5000/api/dashboard/stats,63,0,0
1784912436376,127,01 POST /api/auth/login,200,OK,Moderate Load - 50 users over 60s 2-12,text,true,,1486,543,21,21,http://localhost:5000/api/auth/login,127,0,0
1784912436438,71,03 GET /assets/index.js (main bundle),200,OK,Moderate Load - 50 users over 60s 2-23,text,true,,233662,459,21,21,http://localhost:5000/assets/index.js,68,0,0
1784912436469,54,06 GET /api/patients (paginated list),200,OK,Moderate Load - 50 users over 60s 2-10,text,true,,10669,472,21,21,http://localhost:5000/api/patients?page=5&limit=20,54,0,0
1784912436530,1,02 GET / (index.html),200,OK,Moderate Load - 50 users over 60s 2-6,text,true,,1795,444,21,21,http://localhost:5000/,1,0,0
1784912436535,61,01 POST /api/auth/login,200,OK,Moderate Load - 50 users over 60s 2-13,text,true,,1486,543,21,21,http://localhost:5000/api/auth/login,61,0,0
1784912436561,37,08 GET /api/patients/{id} (record with history),200,OK,Moderate Load - 50 users over 60s 2-17,text,true,,12028,458,21,21,http://localhost:5000/api/patients/1,37,0,0
1784912436573,87,01 POST /api/auth/login,200,OK,Moderate Load - 50 users over 60s 2-24,text,true,,1486,326,21,21,http://localhost:5000/api/auth/login,87,0,2
1784912436549,111,04 GET /assets/index.css,200,OK,Moderate Load - 50 users over 60s 2-7,text,true,,29024,460,21,21,http://localhost:5000/assets/index.css,111,0,0
1784912436619,43,08 GET /api/patients/{id} (record with history),200,OK,Moderate Load - 50 users over 60s 2-21,text,true,,11780,459,21,21,http://localhost:5000/api/patients/24,43,0,0
1784912436682,3,06 GET /api/patients (paginated list),200,OK,Moderate Load - 50 users over 60s 2-18,text,true,,10874,473,21,21,http://localhost:5000/api/patients?page=30&limit=20,3,0,0
1784912436682,4,04 GET /assets/index.css,200,OK,Moderate Load - 50 users over 60s 2-11,text,true,,29024,460,21,21,http://localhost:5000/assets/index.css,4,0,0
1784912436792,1,04 GET /assets/index.css,200,OK,Moderate Load - 50 users over 60s 2-15,text,true,,29024,460,21,21,http://localhost:5000/assets/index.css,1,0,0
1784912436854,2,04 GET /assets/index.css,200,OK,Moderate Load - 50 users over 60s 2-19,text,true,,29024,460,21,21,http://localhost:5000/assets/index.css,1,0,0
1784912436870,6,07 GET /api/patients?search= (name search),200,OK,Moderate Load - 50 users over 60s 2-8,text,true,,1161,482,21,21,http://localhost:5000/api/patients?search=hm&page=1&limit=20,6,0,0
1784912436939,3,09 GET /api/appointments (day view),200,OK,Moderate Load - 50 users over 60s 2-5,text,true,,1806,460,21,21,http://localhost:5000/api/appointments,2,0,0
1784912436949,2,06 GET /api/patients (paginated list),200,OK,Moderate Load - 50 users over 60s 2-14,text,true,,10656,472,20,20,http://localhost:5000/api/patients?page=6&limit=20,2,0,0
1784912436949,3,09 GET /api/appointments (day view),200,OK,Moderate Load - 50 users over 60s 2-9,text,true,,1806,460,20,20,http://localhost:5000/api/appointments,3,0,0
1784912436949,5,06 GET /api/patients (paginated list),200,OK,Moderate Load - 50 users over 60s 2-22,text,true,,10639,473,20,20,http://localhost:5000/api/patients?page=43&limit=20,5,0,0
1784912436949,5,02 GET / (index.html),200,OK,Moderate Load - 50 users over 60s 2-16,text,true,,1795,444,20,20,http://localhost:5000/,5,0,0
1784912437010,2,02 GET / (index.html),200,OK,Moderate Load - 50 users over 60s 2-12,text,true,,1795,444,20,20,http://localhost:5000/,2,0,0
1784912437010,3,04 GET /assets/index.css,200,OK,Moderate Load - 50 users over 60s 2-23,text,true,,29024,460,20,20,http://localhost:5000/assets/index.css,3,0,0
1784912437025,16,07 GET /api/patients?search= (name search),200,OK,Moderate Load - 50 users over 60s 2-10,text,true,,10675,482,20,20,http://localhost:5000/api/patients?search=tr&page=1&limit=20,16,0,0
1784912437040,3,03 GET /assets/index.js (main bundle),200,OK,Moderate Load - 50 users over 60s 2-6,text,true,,233662,459,20,20,http://localhost:5000/assets/index.js,2,0,0
1784912437102,2,09 GET /api/appointments (day view),200,OK,Moderate Load - 50 users over 60s 2-17,text,true,,1806,460,20,20,http://localhost:5000/api/appointments,2,0,0
1784912437102,3,02 GET / (index.html),200,OK,Moderate Load - 50 users over 60s 2-13,text,true,,1795,444,20,20,http://localhost:5000/,3,0,0
1784912437162,1,05 GET /api/dashboard/stats,200,OK,Moderate Load - 50 users over 60s 2-7,text,true,,1219,463,20,20,http://localhost:5000/api/dashboard/stats,1,0,0
1784912437163,2,09 GET /api/appointments (day view),200,OK,Moderate Load - 50 users over 60s 2-21,text,true,,1806,460,20,20,http://localhost:5000/api/appointments,2,0,0
1784912437162,5,02 GET / (index.html),200,OK,Moderate Load - 50 users over 60s 2-24,text,true,,1795,444,20,20,http://localhost:5000/,4,0,0
1784912437187,2,05 GET /api/dashboard/stats,200,OK,Moderate Load - 50 users over 60s 2-11,text,true,,1219,463,20,20,http://localhost:5000/api/dashboard/stats,2,0,0
1784912437186,5,07 GET /api/patients?search= (name search),200,OK,Moderate Load - 50 users over 60s 2-18,text,true,,1161,482,20,20,http://localhost:5000/api/patients?search=ny&page=1&limit=20,5,0,0
1784912437293,2,05 GET /api/dashboard/stats,200,OK,Moderate Load - 50 users over 60s 2-15,text,true,,1219,463,21,21,http://localhost:5000/api/dashboard/stats,2,0,0
1784912437356,2,05 GET /api/dashboard/stats,200,OK,Moderate Load - 50 users over 60s 2-19,text,true,,1219,463,21,21,http://localhost:5000/api/dashboard/stats,2,0,0
1784912437377,2,08 GET /api/patients/{id} (record with history),200,OK,Moderate Load - 50 users over 60s 2-8,text,true,,10586,459,21,21,http://localhost:5000/api/patients/47,2,0,0
1784912437453,65,01 POST /api/auth/login,200,OK,Moderate Load - 50 users over 60s 2-9,text,true,,1486,543,21,21,http://localhost:5000/api/auth/login,65,0,0
1784912437452,66,07 GET /api/patients?search= (name search),200,OK,Moderate Load - 50 users over 60s 2-14,text,true,,1161,482,21,21,http://localhost:5000/api/patients?search=ps&page=1&limit=20,66,0,0
1784912437514,6,05 GET /api/dashboard/stats,200,OK,Moderate Load - 50 users over 60s 2-23,text,true,,1219,463,21,21,http://localhost:5000/api/dashboard/stats,6,0,0
1784912437455,67,07 GET /api/patients?search= (name search),200,OK,Moderate Load - 50 users over 60s 2-22,text,true,,1161,482,21,21,http://localhost:5000/api/patients?search=fj&page=1&limit=20,67,0,0
1784912437455,68,03 GET /assets/index.js (main bundle),200,OK,Moderate Load - 50 users over 60s 2-16,text,true,,233662,459,21,21,http://localhost:5000/assets/index.js,67,0,0
1784912437513,10,03 GET /assets/index.js (main bundle),200,OK,Moderate Load - 50 users over 60s 2-12,text,true,,233662,459,21,21,http://localhost:5000/assets/index.js,9,0,0
1784912437543,3,08 GET /api/patients/{id} (record with history),200,OK,Moderate Load - 50 users over 60s 2-10,text,true,,10626,459,21,21,http://localhost:5000/api/patients/41,3,0,0
1784912437543,5,04 GET /assets/index.css,200,OK,Moderate Load - 50 users over 60s 2-6,text,true,,29024,460,21,21,http://localhost:5000/assets/index.css,5,0,0
1784912437606,63,01 POST /api/auth/login,200,OK,Moderate Load - 50 users over 60s 2-17,text,true,,1486,543,21,21,http://localhost:5000/api/auth/login,63,0,0
1784912437606,128,03 GET /assets/index.js (main bundle),200,OK,Moderate Load - 50 users over 60s 2-13,text,true,,233662,459,21,21,http://localhost:5000/assets/index.js,64,0,0
1784912437667,69,01 POST /api/auth/login,200,OK,Moderate Load - 50 users over 60s 2-21,text,true,,1486,543,21,21,http://localhost:5000/api/auth/login,69,0,0
1784912437690,48,06 GET /api/patients (paginated list),200,OK,Moderate Load - 50 users over 60s 2-11,text,true,,10874,473,21,21,http://localhost:5000/api/patients?page=30&limit=20,48,0,0
1784912437693,46,08 GET /api/patients/{id} (record with history),200,OK,Moderate Load - 50 users over 60s 2-18,text,true,,9972,459,21,21,http://localhost:5000/api/patients/37,46,0,0
1784912437664,78,06 GET /api/patients (paginated list),200,OK,Moderate Load - 50 users over 60s 2-7,text,true,,10907,473,21,21,http://localhost:5000/api/patients?page=17&limit=20,78,0,0
1784912437667,76,03 GET /assets/index.js (main bundle),200,OK,Moderate Load - 50 users over 60s 2-24,text,true,,233662,459,21,21,http://localhost:5000/assets/index.js,72,0,0
1784912437772,63,01 POST /api/auth/login,200,OK,Moderate Load - 50 users over 60s 2-25,text,true,,1486,326,21,21,http://localhost:5000/api/auth/login,63,0,1
1784912437803,33,06 GET /api/patients (paginated list),200,OK,Moderate Load - 50 users over 60s 2-15,text,true,,10585,472,21,21,http://localhost:5000/api/patients?page=3&limit=20,33,0,0
1784912437881,2,09 GET /api/appointments (day view),200,OK,Moderate Load - 50 users over 60s 2-8,text,true,,1806,460,21,21,http://localhost:5000/api/appointments,2,0,0
1784912437865,21,06 GET /api/patients (paginated list),200,OK,Moderate Load - 50 users over 60s 2-19,text,true,,10928,473,21,21,http://localhost:5000/api/patients?page=11&limit=20,21,0,0
1784912436438,1475,10 POST /api/ai/pre-appointment/{id},200,OK,Moderate Load - 50 users over 60s 2-20,text,true,,2217,490,21,21,http://localhost:5000/api/ai/pre-appointment/144,1475,0,0
1784912438020,4,08 GET /api/patients/{id} (record with history),200,OK,Moderate Load - 50 users over 60s 2-14,text,true,,11865,459,21,21,http://localhost:5000/api/patients/27,4,0,0
1784912438020,5,02 GET / (index.html),200,OK,Moderate Load - 50 users over 60s 2-9,text,true,,1795,444,21,21,http://localhost:5000/,4,0,0
1784912438035,5,04 GET /assets/index.css,200,OK,Moderate Load - 50 users over 60s 2-16,text,true,,29024,460,21,21,http://localhost:5000/assets/index.css,5,0,0
1784912438035,7,04 GET /assets/index.css,200,OK,Moderate Load - 50 users over 60s 2-12,text,true,,29024,460,21,21,http://localhost:5000/assets/index.css,7,0,0
1784912438035,9,08 GET /api/patients/{id} (record with history),200,OK,Moderate Load - 50 users over 60s 2-22,text,true,,10652,459,21,21,http://localhost:5000/api/patients/16,9,0,0
1784912438051,2,09 GET /api/appointments (day view),200,OK,Moderate Load - 50 users over 60s 2-10,text,true,,1806,460,21,21,http://localhost:5000/api/appointments,2,0,0
1784912438051,4,05 GET /api/dashboard/stats,200,OK,Moderate Load - 50 users over 60s 2-6,text,true,,1219,463,21,21,http://localhost:5000/api/dashboard/stats,4,0,0
1784912438035,23,06 GET /api/patients (paginated list),200,OK,Moderate Load - 50 users over 60s 2-23,text,true,,10606,473,21,21,http://localhost:5000/api/patients?page=13&limit=20,23,0,0
1784912438175,2,02 GET / (index.html),200,OK,Moderate Load - 50 users over 60s 2-17,text,true,,1795,444,21,21,http://localhost:5000/,2,0,0
1784912438238,2,04 GET /assets/index.css,200,OK,Moderate Load - 50 users over 60s 2-13,text,true,,29024,460,21,21,http://localhost:5000/assets/index.css,2,0,0
1784912438238,2,02 GET / (index.html),200,OK,Moderate Load - 50 users over 60s 2-21,text,true,,1795,444,21,21,http://localhost:5000/,2,0,0
1784912438240,1,07 GET /api/patients?search= (name search),200,OK,Moderate Load - 50 users over 60s 2-11,text,true,,1160,482,21,21,http://localhost:5000/api/patients?search=sy&page=1&limit=20,1,0,0
1784912438255,3,09 GET /api/appointments (day view),200,OK,Moderate Load - 50 users over 60s 2-18,text,true,,1806,460,21,21,http://localhost:5000/api/appointments,3,0,0
1784912438254,5,04 GET /assets/index.css,200,OK,Moderate Load - 50 users over 60s 2-24,text,true,,29024,460,21,21,http://localhost:5000/assets/index.css,5,0,0
1784912438255,5,07 GET /api/patients?search= (name search),200,OK,Moderate Load - 50 users over 60s 2-7,text,true,,1161,482,21,21,http://localhost:5000/api/patients?search=hd&page=1&limit=20,5,0,0
1784912438346,2,07 GET /api/patients?search= (name search),200,OK,Moderate Load - 50 users over 60s 2-15,text,true,,1160,482,21,21,http://localhost:5000/api/patients?search=sf&page=1&limit=20,2,0,0
1784912438346,3,02 GET / (index.html),200,OK,Moderate Load - 50 users over 60s 2-25,text,true,,1795,444,21,21,http://localhost:5000/,3,0,0
1784912438393,2,07 GET /api/patients?search= (name search),200,OK,Moderate Load - 50 users over 60s 2-19,text,true,,1160,482,21,21,http://localhost:5000/api/patients?search=np&page=1&limit=20,2,0,0
1784912438393,62,01 POST /api/auth/login,200,OK,Moderate Load - 50 users over 60s 2-8,text,true,,1486,543,21,21,http://localhost:5000/api/auth/login,62,0,0
1784912438424,93,01 POST /api/auth/login,200,OK,Moderate Load - 50 users over 60s 2-20,text,true,,1486,543,22,22,http://localhost:5000/api/auth/login,93,0,0
1784912438533,2,09 GET /api/appointments (day view),200,OK,Moderate Load - 50 users over 60s 2-14,text,true,,1806,460,22,22,http://localhost:5000/api/appointments,2,0,0
1784912438533,3,03 GET /assets/index.js (main bundle),200,OK,Moderate Load - 50 users over 60s 2-9,text,true,,233662,459,22,22,http://localhost:5000/assets/index.js,3,0,0
1784912438550,1,05 GET /api/dashboard/stats,200,OK,Moderate Load - 50 users over 60s 2-12,text,true,,1219,463,22,22,http://localhost:5000/api/dashboard/stats,1,0,0
1784912438550,2,05 GET /api/dashboard/stats,200,OK,Moderate Load - 50 users over 60s 2-16,text,true,,1219,463,22,22,http://localhost:5000/api/dashboard/stats,2,0,0
1784912438550,3,09 GET /api/appointments (day view),200,OK,Moderate Load - 50 users over 60s 2-22,text,true,,1806,460,22,22,http://localhost:5000/api/appointments,3,0,0
1784912438566,64,01 POST /api/auth/login,200,OK,Moderate Load - 50 users over 60s 2-10,text,true,,1486,543,22,22,http://localhost:5000/api/auth/login,64,0,0
1784912438566,66,07 GET /api/patients?search= (name search),200,OK,Moderate Load - 50 users over 60s 2-23,text,true,,1161,482,22,22,http://localhost:5000/api/patients?search=yh&page=1&limit=20,66,0,0
1784912438566,67,06 GET /api/patients (paginated list),200,OK,Moderate Load - 50 users over 60s 2-6,text,true,,10806,473,22,22,http://localhost:5000/api/patients?page=12&limit=20,67,0,0
1784912438690,3,03 GET /assets/index.js (main bundle),200,OK,Moderate Load - 50 users over 60s 2-17,text,true,,233662,459,22,22,http://localhost:5000/assets/index.js,2,0,0
1784912438753,2,05 GET /api/dashboard/stats,200,OK,Moderate Load - 50 users over 60s 2-13,text,true,,1219,463,22,22,http://localhost:5000/api/dashboard/stats,2,0,0
1784912438753,4,08 GET /api/patients/{id} (record with history),200,OK,Moderate Load - 50 users over 60s 2-11,text,true,,10626,459,22,22,http://localhost:5000/api/patients/41,4,0,0
1784912438753,5,03 GET /assets/index.js (main bundle),200,OK,Moderate Load - 50 users over 60s 2-21,text,true,,233662,459,22,22,http://localhost:5000/assets/index.js,4,0,0
1784912438769,2,05 GET /api/dashboard/stats,200,OK,Moderate Load - 50 users over 60s 2-24,text,true,,1219,463,22,22,http://localhost:5000/api/dashboard/stats,2,0,0
1784912438769,3,08 GET /api/patients/{id} (record with history),200,OK,Moderate Load - 50 users over 60s 2-7,text,true,,8759,459,22,22,http://localhost:5000/api/patients/35,3,0,0
1784912438769,65,01 POST /api/auth/login,200,OK,Moderate Load - 50 users over 60s 2-18,text,true,,1486,543,22,22,http://localhost:5000/api/auth/login,65,0,0
1784912438863,3,08 GET /api/patients/{id} (record with history),200,OK,Moderate Load - 50 users over 60s 2-15,text,true,,10626,459,22,22,http://localhost:5000/api/patients/41,3,0,0
1784912438863,5,03 GET /assets/index.js (main bundle),200,OK,Moderate Load - 50 users over 60s 2-25,text,true,,233662,459,22,22,http://localhost:5000/assets/index.js,4,0,0
1784912438895,7,08 GET /api/patients/{id} (record with history),200,OK,Moderate Load - 50 users over 60s 2-19,text,true,,11765,459,22,22,http://localhost:5000/api/patients/49,7,0,0
1784912438958,2,02 GET / (index.html),200,OK,Moderate Load - 50 users over 60s 2-8,text,true,,1795,444,22,22,http://localhost:5000/,1,0,0
1784912438974,67,01 POST /api/auth/login,200,OK,Moderate Load - 50 users over 60s 2-26,text,true,,1486,326,22,22,http://localhost:5000/api/auth/login,67,0,0
1784912439020,22,02 GET / (index.html),200,OK,Moderate Load - 50 users over 60s 2-20,text,true,,1795,444,22,22,http://localhost:5000/,22,0,0
1784912439050,2,04 GET /assets/index.css,200,OK,Moderate Load - 50 users over 60s 2-9,text,true,,29024,460,22,22,http://localhost:5000/assets/index.css,2,0,0
1784912439050,63,01 POST /api/auth/login,200,OK,Moderate Load - 50 users over 60s 2-14,text,true,,1486,543,22,22,http://localhost:5000/api/auth/login,63,0,0
1784912439066,50,06 GET /api/patients (paginated list),200,OK,Moderate Load - 50 users over 60s 2-16,text,true,,10692,473,22,22,http://localhost:5000/api/patients?page=27&limit=20,50,0,0
1784912439066,52,06 GET /api/patients (paginated list),200,OK,Moderate Load - 50 users over 60s 2-12,text,true,,10807,473,22,22,http://localhost:5000/api/patients?page=21&limit=20,52,0,0
1784912439066,114,01 POST /api/auth/login,200,OK,Moderate Load - 50 users over 60s 2-22,text,true,,1486,543,22,22,http://localhost:5000/api/auth/login,114,0,0
1784912439144,41,02 GET / (index.html),200,OK,Moderate Load - 50 users over 60s 2-10,text,true,,1795,444,22,22,http://localhost:5000/,41,0,0
1784912439144,43,07 GET /api/patients?search= (name search),200,OK,Moderate Load - 50 users over 60s 2-6,text,true,,1161,482,22,22,http://localhost:5000/api/patients?search=ov&page=1&limit=20,43,0,0
1784912439144,44,08 GET /api/patients/{id} (record with history),200,OK,Moderate Load - 50 users over 60s 2-23,text,true,,10594,459,22,22,http://localhost:5000/api/patients/18,44,0,0
1784912439207,2,04 GET /assets/index.css,200,OK,Moderate Load - 50 users over 60s 2-17,text,true,,29024,460,22,22,http://localhost:5000/assets/index.css,2,0,0
1784912439267,3,06 GET /api/patients (paginated list),200,OK,Moderate Load - 50 users over 60s 2-13,text,true,,10771,473,22,22,http://localhost:5000/api/patients?page=32&limit=20,3,0,0
1784912439267,4,09 GET /api/appointments (day view),200,OK,Moderate Load - 50 users over 60s 2-11,text,true,,1806,460,22,22,http://localhost:5000/api/appointments,4,0,0
1784912439267,5,04 GET /assets/index.css,200,OK,Moderate Load - 50 users over 60s 2-21,text,true,,29024,460,22,22,http://localhost:5000/assets/index.css,5,0,0
1784912439283,1,09 GET /api/appointments (day view),200,OK,Moderate Load - 50 users over 60s 2-7,text,true,,1806,460,22,22,http://localhost:5000/api/appointments,1,0,0
1784912439283,4,06 GET /api/patients (paginated list),200,OK,Moderate Load - 50 users over 60s 2-24,text,true,,10553,473,22,22,http://localhost:5000/api/patients?page=34&limit=20,4,0,0
1784912439346,1,02 GET / (index.html),200,OK,Moderate Load - 50 users over 60s 2-18,text,true,,1795,444,22,22,http://localhost:5000/,1,0,0
1784912439377,2,09 GET /api/appointments (day view),200,OK,Moderate Load - 50 users over 60s 2-15,text,true,,1806,460,22,22,http://localhost:5000/api/appointments,2,0,0
1784912439377,3,04 GET /assets/index.css,200,OK,Moderate Load - 50 users over 60s 2-25,text,true,,29024,460,22,22,http://localhost:5000/assets/index.css,3,0,0
1784912439407,2,09 GET /api/appointments (day view),200,OK,Moderate Load - 50 users over 60s 2-19,text,true,,1806,460,22,22,http://localhost:5000/api/appointments,2,0,0
1784912439471,2,03 GET /assets/index.js (main bundle),200,OK,Moderate Load - 50 users over 60s 2-8,text,true,,233662,459,22,22,http://localhost:5000/assets/index.js,1,0,0
1784912439548,1,02 GET / (index.html),200,OK,Moderate Load - 50 users over 60s 2-26,text,true,,1795,444,22,22,http://localhost:5000/,1,0,0
1784912439548,2,03 GET /assets/index.js (main bundle),200,OK,Moderate Load - 50 users over 60s 2-20,text,true,,233662,459,22,22,http://localhost:5000/assets/index.js,1,0,0
1784912439563,1,05 GET /api/dashboard/stats,200,OK,Moderate Load - 50 users over 60s 2-9,text,true,,1219,463,22,22,http://localhost:5000/api/dashboard/stats,1,0,0
1784912439625,5,07 GET /api/patients?search= (name search),200,OK,Moderate Load - 50 users over 60s 2-16,text,true,,1160,482,22,22,http://localhost:5000/api/patients?search=hr&page=1&limit=20,5,0,0
1784912439625,9,07 GET /api/patients?search= (name search),200,OK,Moderate Load - 50 users over 60s 2-12,text,true,,1161,482,22,22,http://localhost:5000/api/patients?search=kc&page=1&limit=20,9,0,0
1784912439625,10,02 GET / (index.html),200,OK,Moderate Load - 50 users over 60s 2-14,text,true,,1795,444,22,22,http://localhost:5000/,10,0,0
1784912439687,4,02 GET / (index.html),200,OK,Moderate Load - 50 users over 60s 2-22,text,true,,1795,444,23,23,http://localhost:5000/,4,0,0
1784912439687,6,03 GET /assets/index.js (main bundle),200,OK,Moderate Load - 50 users over 60s 2-10,text,true,,233662,459,23,23,http://localhost:5000/assets/index.js,4,0,0
1784912439687,8,08 GET /api/patients/{id} (record with history),200,OK,Moderate Load - 50 users over 60s 2-6,text,true,,10665,459,23,23,http://localhost:5000/api/patients/44,7,0,0
1784912439703,1,09 GET /api/appointments (day view),200,OK,Moderate Load - 50 users over 60s 2-23,text,true,,1806,460,23,23,http://localhost:5000/api/appointments,1,0,0
1784912439718,2,05 GET /api/dashboard/stats,200,OK,Moderate Load - 50 users over 60s 2-17,text,true,,1219,463,23,23,http://localhost:5000/api/dashboard/stats,2,0,0
1784912439780,4,05 GET /api/dashboard/stats,200,OK,Moderate Load - 50 users over 60s 2-21,text,true,,1219,463,23,23,http://localhost:5000/api/dashboard/stats,4,0,0
1784912439780,62,01 POST /api/auth/login,200,OK,Moderate Load - 50 users over 60s 2-11,text,true,,1486,543,23,23,http://localhost:5000/api/auth/login,62,0,0
1784912439780,68,07 GET /api/patients?search= (name search),200,OK,Moderate Load - 50 users over 60s 2-13,text,true,,1161,482,23,23,http://localhost:5000/api/patients?search=zg&page=1&limit=20,68,0,0
1784912439796,54,07 GET /api/patients?search= (name search),200,OK,Moderate Load - 50 users over 60s 2-24,text,true,,1161,482,23,23,http://localhost:5000/api/patients?search=ek&page=1&limit=20,54,0,0
1784912439859,2,03 GET /assets/index.js (main bundle),200,OK,Moderate Load - 50 users over 60s 2-18,text,true,,233662,459,23,23,http://localhost:5000/assets/index.js,2,0,0
1784912439890,2,05 GET /api/dashboard/stats,200,OK,Moderate Load - 50 users over 60s 2-25,text,true,,1219,463,23,23,http://localhost:5000/api/dashboard/stats,2,0,0
1784912439890,65,01 POST /api/auth/login,200,OK,Moderate Load - 50 users over 60s 2-15,text,true,,1486,543,23,23,http://localhost:5000/api/auth/login,65,0,0
1784912439921,108,01 POST /api/auth/login,200,OK,Moderate Load - 50 users over 60s 2-19,text,true,,1486,543,23,23,http://localhost:5000/api/auth/login,108,0,0
1784912439984,46,04 GET /assets/index.css,200,OK,Moderate Load - 50 users over 60s 2-8,text,true,,29024,460,23,23,http://localhost:5000/assets/index.css,46,0,0
1784912440061,1,04 GET /assets/index.css,200,OK,Moderate Load - 50 users over 60s 2-20,text,true,,29024,460,23,23,http://localhost:5000/assets/index.css,1,0,0
1784912440061,2,03 GET /assets/index.js (main bundle),200,OK,Moderate Load - 50 users over 60s 2-26,text,true,,233662,459,23,23,http://localhost:5000/assets/index.js,1,0,0
1784912440077,2,06 GET /api/patients (paginated list),200,OK,Moderate Load - 50 users over 60s 2-9,text,true,,10914,473,23,23,http://localhost:5000/api/patients?page=49&limit=20,2,0,0
1784912440139,2,08 GET /api/patients/{id} (record with history),200,OK,Moderate Load - 50 users over 60s 2-16,text,true,,10579,459,23,23,http://localhost:5000/api/patients/38,2,0,0
1784912440139,3,08 GET /api/patients/{id} (record with history),200,OK,Moderate Load - 50 users over 60s 2-12,text,true,,8743,458,23,23,http://localhost:5000/api/patients/4,3,0,0
1784912440139,5,03 GET /assets/index.js (main bundle),200,OK,Moderate Load - 50 users over 60s 2-14,text,true,,233662,459,23,23,http://localhost:5000/assets/index.js,5,0,0
1784912440171,66,01 POST /api/auth/login,200,OK,Moderate Load - 50 users over 60s 2-27,text,true,,1486,326,23,23,http://localhost:5000/api/auth/login,66,0,2
1784912440201,37,09 GET /api/appointments (day view),200,OK,Moderate Load - 50 users over 60s 2-6,text,true,,1806,460,23,23,http://localhost:5000/api/appointments,37,0,0
1784912440217,83,01 POST /api/auth/login,200,OK,Moderate Load - 50 users over 60s 2-23,text,true,,1486,543,22,22,http://localhost:5000/api/auth/login,83,0,0
1784912440296,6,06 GET /api/patients (paginated list),200,OK,Moderate Load - 50 users over 60s 2-21,text,true,,10692,473,22,22,http://localhost:5000/api/patients?page=27&limit=20,6,0,0
1784912440201,101,04 GET /assets/index.css,200,OK,Moderate Load - 50 users over 60s 2-10,text,true,,29024,460,22,22,http://localhost:5000/assets/index.css,101,0,0
1784912440233,72,06 GET /api/patients (paginated list),200,OK,Moderate Load - 50 users over 60s 2-17,text,true,,10814,473,22,22,http://localhost:5000/api/patients?page=45&limit=20,72,0,0
1784912440201,104,03 GET /assets/index.js (main bundle),200,OK,Moderate Load - 50 users over 60s 2-22,text,true,,233662,459,22,22,http://localhost:5000/assets/index.js,101,0,0
1784912440344,2,02 GET / (index.html),200,OK,Moderate Load - 50 users over 60s 2-11,text,true,,1795,444,22,22,http://localhost:5000/,2,0,0
1784912440358,3,08 GET /api/patients/{id} (record with history),200,OK,Moderate Load - 50 users over 60s 2-13,text,true,,12028,458,22,22,http://localhost:5000/api/patients/1,3,0,0
1784912440358,5,08 GET /api/patients/{id} (record with history),200,OK,Moderate Load - 50 users over 60s 2-24,text,true,,8759,459,22,22,http://localhost:5000/api/patients/35,5,0,0
1784912440374,2,04 GET /assets/index.css,200,OK,Moderate Load - 50 users over 60s 2-18,text,true,,29024,460,22,22,http://localhost:5000/assets/index.css,2,0,0
1784912440405,2,06 GET /api/patients (paginated list),200,OK,Moderate Load - 50 users over 60s 2-25,text,true,,10736,473,22,22,http://localhost:5000/api/patients?page=20&limit=20,2,0,0
1784912440469,2,02 GET / (index.html),200,OK,Moderate Load - 50 users over 60s 2-15,text,true,,1795,444,22,22,http://localhost:5000/,2,0,0
1784912440531,2,05 GET /api/dashboard/stats,200,OK,Moderate Load - 50 users over 60s 2-8,text,true,,1219,463,22,22,http://localhost:5000/api/dashboard/stats,2,0,0
1784912440531,3,02 GET / (index.html),200,OK,Moderate Load - 50 users over 60s 2-19,text,true,,1795,444,22,22,http://localhost:5000/,3,0,0
1784912440576,2,05 GET /api/dashboard/stats,200,OK,Moderate Load - 50 users over 60s 2-20,text,true,,1219,463,22,22,http://localhost:5000/api/dashboard/stats,2,0,0
1784912440576,3,04 GET /assets/index.css,200,OK,Moderate Load - 50 users over 60s 2-26,text,true,,29024,460,22,22,http://localhost:5000/assets/index.css,3,0,0
1784912440592,5,07 GET /api/patients?search= (name search),200,OK,Moderate Load - 50 users over 60s 2-9,text,true,,1161,482,22,22,http://localhost:5000/api/patients?search=qk&page=1&limit=20,5,0,0
1784912440654,1,09 GET /api/appointments (day view),200,OK,Moderate Load - 50 users over 60s 2-16,text,true,,1806,460,22,22,http://localhost:5000/api/appointments,1,0,0
1784912440654,2,09 GET /api/appointments (day view),200,OK,Moderate Load - 50 users over 60s 2-12,text,true,,1806,460,22,22,http://localhost:5000/api/appointments,2,0,0
1784912440654,4,04 GET /assets/index.css,200,OK,Moderate Load - 50 users over 60s 2-14,text,true,,29024,460,22,22,http://localhost:5000/assets/index.css,4,0,0
1784912440747,2,02 GET / (index.html),200,OK,Moderate Load - 50 users over 60s 2-27,text,true,,1795,444,22,22,http://localhost:5000/,2,0,0
1784912440809,3,07 GET /api/patients?search= (name search),200,OK,Moderate Load - 50 users over 60s 2-17,text,true,,1160,482,22,22,http://localhost:5000/api/patients?search=yh&page=1&limit=20,3,0,0
1784912440809,4,05 GET /api/dashboard/stats,200,OK,Moderate Load - 50 users over 60s 2-10,text,true,,1219,463,22,22,http://localhost:5000/api/dashboard/stats,4,0,0
1784912440809,6,02 GET / (index.html),200,OK,Moderate Load - 50 users over 60s 2-23,text,true,,1795,444,22,22,http://localhost:5000/,6,0,0
1784912440809,7,04 GET /assets/index.css,200,OK,Moderate Load - 50 users over 60s 2-22,text,true,,29024,460,22,22,http://localhost:5000/assets/index.css,6,0,0
1784912440809,9,07 GET /api/patients?search= (name search),200,OK,Moderate Load - 50 users over 60s 2-21,text,true,,1161,482,22,22,http://localhost:5000/api/patients?search=sv&page=1&limit=20,9,0,0
1784912440855,2,03 GET /assets/index.js (main bundle),200,OK,Moderate Load - 50 users over 60s 2-11,text,true,,233662,459,22,22,http://localhost:5000/assets/index.js,2,0,0
1784912440870,3,09 GET /api/appointments (day view),200,OK,Moderate Load - 50 users over 60s 2-13,text,true,,1806,460,23,23,http://localhost:5000/api/appointments,3,0,0
1784912440870,5,09 GET /api/appointments (day view),200,OK,Moderate Load - 50 users over 60s 2-24,text,true,,1806,460,23,23,http://localhost:5000/api/appointments,5,0,0
1784912440885,2,05 GET /api/dashboard/stats,200,OK,Moderate Load - 50 users over 60s 2-18,text,true,,1219,463,23,23,http://localhost:5000/api/dashboard/stats,2,0,0
1784912440916,5,07 GET /api/patients?search= (name search),200,OK,Moderate Load - 50 users over 60s 2-25,text,true,,1161,482,23,23,http://localhost:5000/api/patients?search=tm&page=1&limit=20,5,0,0
1784912440978,2,03 GET /assets/index.js (main bundle),200,OK,Moderate Load - 50 users over 60s 2-15,text,true,,233662,459,23,23,http://localhost:5000/assets/index.js,2,0,0
1784912441041,3,06 GET /api/patients (paginated list),200,OK,Moderate Load - 50 users over 60s 2-8,text,true,,10787,472,23,23,http://localhost:5000/api/patients?page=8&limit=20,3,0,0
1784912441041,4,03 GET /assets/index.js (main bundle),200,OK,Moderate Load - 50 users over 60s 2-19,text,true,,233662,459,23,23,http://localhost:5000/assets/index.js,4,0,0
1784912441087,2,05 GET /api/dashboard/stats,200,OK,Moderate Load - 50 users over 60s 2-26,text,true,,1219,463,23,23,http://localhost:5000/api/dashboard/stats,2,0,0
1784912441087,4,06 GET /api/patients (paginated list),200,OK,Moderate Load - 50 users over 60s 2-20,text,true,,10656,472,23,23,http://localhost:5000/api/patients?page=6&limit=20,4,0,0
1784912441104,2,08 GET /api/patients/{id} (record with history),200,OK,Moderate Load - 50 users over 60s 2-9,text,true,,10582,459,23,23,http://localhost:5000/api/patients/36,2,0,0
1784912441159,2,05 GET /api/dashboard/stats,200,OK,Moderate Load - 50 users over 60s 2-14,text,true,,1219,463,23,23,http://localhost:5000/api/dashboard/stats,2,0,0
1784912441158,65,01 POST /api/auth/login,200,OK,Moderate Load - 50 users over 60s 2-12,text,true,,1486,543,23,23,http://localhost:5000/api/auth/login,65,0,0
1784912441166,120,01 POST /api/auth/login,200,OK,Moderate Load - 50 users over 60s 2-16,text,true,,1486,543,23,23,http://localhost:5000/api/auth/login,120,0,0
1784912441249,39,03 GET /assets/index.js (main bundle),200,OK,Moderate Load - 50 users over 60s 2-27,text,true,,233662,459,23,23,http://localhost:5000/assets/index.js,39,0,0
1784912441319,4,08 GET /api/patients/{id} (record with history),200,OK,Moderate Load - 50 users over 60s 2-21,text,true,,10579,459,23,23,http://localhost:5000/api/patients/38,4,0,0
1784912441313,12,08 GET /api/patients/{id} (record with history),200,OK,Moderate Load - 50 users over 60s 2-17,text,true,,10603,458,23,23,http://localhost:5000/api/patients/9,12,0,0
1784912441316,11,03 GET /assets/index.js (main bundle),200,OK,Moderate Load - 50 users over 60s 2-23,text,true,,233662,459,23,23,http://localhost:5000/assets/index.js,10,0,0
1784912441313,24,06 GET /api/patients (paginated list),200,OK,Moderate Load - 50 users over 60s 2-10,text,true,,10754,473,23,23,http://localhost:5000/api/patients?page=26&limit=20,24,0,0
1784912439796,1542,10 POST /api/ai/pre-appointment/{id},200,OK,Moderate Load - 50 users over 60s 2-7,text,true,,2407,489,23,23,http://localhost:5000/api/ai/pre-appointment/33,1542,0,0
1784912441358,1,04 GET /assets/index.css,200,OK,Moderate Load - 50 users over 60s 2-11,text,true,,29024,460,22,22,http://localhost:5000/assets/index.css,1,0,0
1784912441368,62,01 POST /api/auth/login,200,OK,Moderate Load - 50 users over 60s 2-28,text,true,,1486,326,22,22,http://localhost:5000/api/auth/login,62,0,1
1784912441398,35,06 GET /api/patients (paginated list),200,OK,Moderate Load - 50 users over 60s 2-18,text,true,,10903,473,22,22,http://localhost:5000/api/patients?page=48&limit=20,35,0,0
1784912441316,118,05 GET /api/dashboard/stats,200,OK,Moderate Load - 50 users over 60s 2-22,text,true,,1220,463,22,22,http://localhost:5000/api/dashboard/stats,118,0,0
1784912441430,6,08 GET /api/patients/{id} (record with history),200,OK,Moderate Load - 50 users over 60s 2-25,text,true,,11865,459,22,22,http://localhost:5000/api/patients/27,6,0,0
1784912441383,175,01 POST /api/auth/login,200,OK,Moderate Load - 50 users over 60s 2-13,text,true,,1486,543,22,22,http://localhost:5000/api/auth/login,175,0,0
1784912441383,175,01 POST /api/auth/login,200,OK,Moderate Load - 50 users over 60s 2-24,text,true,,1486,543,22,22,http://localhost:5000/api/auth/login,175,0,0
1784912441554,10,04 GET /assets/index.css,200,OK,Moderate Load - 50 users over 60s 2-19,text,true,,29024,460,22,22,http://localhost:5000/assets/index.css,10,0,0
1784912441491,73,04 GET /assets/index.css,200,OK,Moderate Load - 50 users over 60s 2-15,text,true,,29024,460,22,22,http://localhost:5000/assets/index.css,73,0,0
1784912441554,11,07 GET /api/patients?search= (name search),200,OK,Moderate Load - 50 users over 60s 2-8,text,true,,1161,482,22,22,http://localhost:5000/api/patients?search=uy&page=1&limit=20,11,0,0
1784912441600,3,06 GET /api/patients (paginated list),200,OK,Moderate Load - 50 users over 60s 2-26,text,true,,10914,473,22,22,http://localhost:5000/api/patients?page=49&limit=20,3,0,0
1784912441600,7,07 GET /api/patients?search= (name search),200,OK,Moderate Load - 50 users over 60s 2-20,text,true,,1161,482,22,22,http://localhost:5000/api/patients?search=zt&page=1&limit=20,7,0,0
1784912441616,1,09 GET /api/appointments (day view),200,OK,Moderate Load - 50 users over 60s 2-9,text,true,,1806,460,22,22,http://localhost:5000/api/appointments,1,0,0
1784912441663,3,06 GET /api/patients (paginated list),200,OK,Moderate Load - 50 users over 60s 2-14,text,true,,10795,473,22,22,http://localhost:5000/api/patients?page=15&limit=20,3,0,0
1784912441725,1,02 GET / (index.html),200,OK,Moderate Load - 50 users over 60s 2-12,text,true,,1795,444,22,22,http://localhost:5000/,1,0,0
1784912441787,1,02 GET / (index.html),200,OK,Moderate Load - 50 users over 60s 2-16,text,true,,1795,444,22,22,http://localhost:5000/,1,0,0
1784912441801,2,04 GET /assets/index.css,200,OK,Moderate Load - 50 users over 60s 2-27,text,true,,29024,460,22,22,http://localhost:5000/assets/index.css,2,0,0
1784912441834,2,09 GET /api/appointments (day view),200,OK,Moderate Load - 50 users over 60s 2-17,text,true,,1806,460,22,22,http://localhost:5000/api/appointments,2,0,0
1784912441834,3,09 GET /api/appointments (day view),200,OK,Moderate Load - 50 users over 60s 2-21,text,true,,1806,460,22,22,http://localhost:5000/api/appointments,3,0,0
1784912441834,3,04 GET /assets/index.css,200,OK,Moderate Load - 50 users over 60s 2-23,text,true,,29024,460,22,22,http://localhost:5000/assets/index.css,3,0,0
1784912441849,2,07 GET /api/patients?search= (name search),200,OK,Moderate Load - 50 users over 60s 2-10,text,true,,1160,482,22,22,http://localhost:5000/api/patients?search=tn&page=1&limit=20,2,0,0
1784912441865,2,05 GET /api/dashboard/stats,200,OK,Moderate Load - 50 users over 60s 2-11,text,true,,1219,463,22,22,http://localhost:5000/api/dashboard/stats,2,0,0
1784912441942,2,06 GET /api/patients (paginated list),200,OK,Moderate Load - 50 users over 60s 2-22,text,true,,10758,473,22,22,http://localhost:5000/api/patients?page=39&limit=20,2,0,0
1784912441942,4,09 GET /api/appointments (day view),200,OK,Moderate Load - 50 users over 60s 2-25,text,true,,1806,460,22,22,http://localhost:5000/api/appointments,4,0,0
1784912441942,6,02 GET / (index.html),200,OK,Moderate Load - 50 users over 60s 2-28,text,true,,1795,444,22,22,http://localhost:5000/,6,0,0
1784912441942,17,07 GET /api/patients?search= (name search),200,OK,Moderate Load - 50 users over 60s 2-18,text,true,,10786,482,22,22,http://localhost:5000/api/patients?search=we&page=1&limit=20,17,0,0
1784912442067,2,05 GET /api/dashboard/stats,200,OK,Moderate Load - 50 users over 60s 2-19,text,true,,1219,463,23,23,http://localhost:5000/api/dashboard/stats,2,0,0
1784912442067,3,05 GET /api/dashboard/stats,200,OK,Moderate Load - 50 users over 60s 2-15,text,true,,1219,463,23,23,http://localhost:5000/api/dashboard/stats,3,0,0
1784912442067,5,08 GET /api/patients/{id} (record with history),200,OK,Moderate Load - 50 users over 60s 2-8,text,true,,10602,458,23,23,http://localhost:5000/api/patients/9,5,0,0
1784912442067,5,02 GET / (index.html),200,OK,Moderate Load - 50 users over 60s 2-13,text,true,,1795,444,23,23,http://localhost:5000/,5,0,0
1784912442067,6,02 GET / (index.html),200,OK,Moderate Load - 50 users over 60s 2-24,text,true,,1795,444,23,23,http://localhost:5000/,6,0,0
1784912442113,2,08 GET /api/patients/{id} (record with history),200,OK,Moderate Load - 50 users over 60s 2-20,text,true,,11865,459,23,23,http://localhost:5000/api/patients/27,2,0,0
1784912442113,17,07 GET /api/patients?search= (name search),200,OK,Moderate Load - 50 users over 60s 2-26,text,true,,10790,482,23,23,http://localhost:5000/api/patients?search=li&page=1&limit=20,17,0,0
1784912442174,6,07 GET /api/patients?search= (name search),200,OK,Moderate Load - 50 users over 60s 2-14,text,true,,1161,482,23,23,http://localhost:5000/api/patients?search=of&page=1&limit=20,6,0,0
1784912442226,3,03 GET /assets/index.js (main bundle),200,OK,Moderate Load - 50 users over 60s 2-12,text,true,,233662,459,23,23,http://localhost:5000/assets/index.js,3,0,0
1784912442289,2,03 GET /assets/index.js (main bundle),200,OK,Moderate Load - 50 users over 60s 2-16,text,true,,233662,459,23,23,http://localhost:5000/assets/index.js,2,0,0
1784912442304,1,05 GET /api/dashboard/stats,200,OK,Moderate Load - 50 users over 60s 2-27,text,true,,1219,463,23,23,http://localhost:5000/api/dashboard/stats,1,0,0
1784912442339,1,05 GET /api/dashboard/stats,200,OK,Moderate Load - 50 users over 60s 2-23,text,true,,1219,463,23,23,http://localhost:5000/api/dashboard/stats,1,0,0
1784912442339,63,01 POST /api/auth/login,200,OK,Moderate Load - 50 users over 60s 2-17,text,true,,1486,543,23,23,http://localhost:5000/api/auth/login,63,0,0
1784912442352,113,08 GET /api/patients/{id} (record with history),200,OK,Moderate Load - 50 users over 60s 2-10,text,true,,12028,458,23,23,http://localhost:5000/api/patients/1,113,0,0
1784912442368,99,06 GET /api/patients (paginated list),200,OK,Moderate Load - 50 users over 60s 2-11,text,true,,10668,472,23,23,http://localhost:5000/api/patients?page=5&limit=20,99,0,0
1784912442339,128,01 POST /api/auth/login,200,OK,Moderate Load - 50 users over 60s 2-21,text,true,,1486,543,23,23,http://localhost:5000/api/auth/login,128,0,0
1784912442459,14,08 GET /api/patients/{id} (record with history),200,OK,Moderate Load - 50 users over 60s 2-18,text,true,,12439,459,23,23,http://localhost:5000/api/patients/13,14,0,0
1784912442446,90,01 POST /api/auth/login,200,OK,Moderate Load - 50 users over 60s 2-25,text,true,,1486,543,23,23,http://localhost:5000/api/auth/login,90,0,0
1784912442446,90,07 GET /api/patients?search= (name search),200,OK,Moderate Load - 50 users over 60s 2-22,text,true,,1161,482,23,23,http://localhost:5000/api/patients?search=pb&page=1&limit=20,90,0,0
1784912442448,89,03 GET /assets/index.js (main bundle),200,OK,Moderate Load - 50 users over 60s 2-28,text,true,,233662,459,23,23,http://localhost:5000/assets/index.js,89,0,0
1784912442577,2,06 GET /api/patients (paginated list),200,OK,Moderate Load - 50 users over 60s 2-15,text,true,,10753,473,23,23,http://localhost:5000/api/patients?page=26&limit=20,2,0,0
1784912442577,4,06 GET /api/patients (paginated list),200,OK,Moderate Load - 50 users over 60s 2-19,text,true,,10805,473,23,23,http://localhost:5000/api/patients?page=12&limit=20,4,0,0
1784912442577,5,09 GET /api/appointments (day view),200,OK,Moderate Load - 50 users over 60s 2-8,text,true,,1806,460,23,23,http://localhost:5000/api/appointments,5,0,0
1784912442577,68,01 POST /api/auth/login,200,OK,Moderate Load - 50 users over 60s 2-29,text,true,,1486,326,22,22,http://localhost:5000/api/auth/login,67,0,1
1784912442624,22,09 GET /api/appointments (day view),200,OK,Moderate Load - 50 users over 60s 2-20,text,true,,1806,460,22,22,http://localhost:5000/api/appointments,22,0,0
1784912442640,8,08 GET /api/patients/{id} (record with history),200,OK,Moderate Load - 50 users over 60s 2-26,text,true,,12033,458,22,22,http://localhost:5000/api/patients/3,8,0,0
1784912442577,71,03 GET /assets/index.js (main bundle),200,OK,Moderate Load - 50 users over 60s 2-24,text,true,,233662,459,22,22,http://localhost:5000/assets/index.js,9,0,0
1784912442577,71,03 GET /assets/index.js (main bundle),200,OK,Moderate Load - 50 users over 60s 2-13,text,true,,233662,459,22,22,http://localhost:5000/assets/index.js,68,0,0
1784912442687,2,08 GET /api/patients/{id} (record with history),200,OK,Moderate Load - 50 users over 60s 2-14,text,true,,10593,459,22,22,http://localhost:5000/api/patients/18,2,0,0
1784912442734,2,04 GET /assets/index.css,200,OK,Moderate Load - 50 users over 60s 2-12,text,true,,29024,460,22,22,http://localhost:5000/assets/index.css,2,0,0
1784912442796,2,04 GET /assets/index.css,200,OK,Moderate Load - 50 users over 60s 2-16,text,true,,29024,460,22,22,http://localhost:5000/assets/index.css,2,0,0
1784912442811,2,06 GET /api/patients (paginated list),200,OK,Moderate Load - 50 users over 60s 2-27,text,true,,10795,473,22,22,http://localhost:5000/api/patients?page=15&limit=20,2,0,0
1784912442843,21,06 GET /api/patients (paginated list),200,OK,Moderate Load - 50 users over 60s 2-23,text,true,,10776,473,22,22,http://localhost:5000/api/patients?page=23&limit=20,21,0,0
1784912442904,2,02 GET / (index.html),200,OK,Moderate Load - 50 users over 60s 2-17,text,true,,1795,444,22,22,http://localhost:5000/,2,0,0
1784912442967,1,09 GET /api/appointments (day view),200,OK,Moderate Load - 50 users over 60s 2-10,text,true,,1806,460,22,22,http://localhost:5000/api/appointments,1,0,0
1784912442981,4,09 GET /api/appointments (day view),200,OK,Moderate Load - 50 users over 60s 2-18,text,true,,1806,460,21,21,http://localhost:5000/api/appointments,4,0,0
1784912442981,6,02 GET / (index.html),200,OK,Moderate Load - 50 users over 60s 2-21,text,true,,1795,444,21,21,http://localhost:5000/,6,0,0
1784912442981,6,07 GET /api/patients?search= (name search),200,OK,Moderate Load - 50 users over 60s 2-11,text,true,,1161,482,21,21,http://localhost:5000/api/patients?search=jm&page=1&limit=20,6,0,0
1784912443045,2,08 GET /api/patients/{id} (record with history),200,OK,Moderate Load - 50 users over 60s 2-22,text,true,,10610,458,21,21,http://localhost:5000/api/patients/5,2,0,0
1784912443045,3,04 GET /assets/index.css,200,OK,Moderate Load - 50 users over 60s 2-28,text,true,,29024,460,21,21,http://localhost:5000/assets/index.css,3,0,0
1784912443045,3,02 GET / (index.html),200,OK,Moderate Load - 50 users over 60s 2-25,text,true,,1795,444,21,21,http://localhost:5000/,3,0,0
1784912443092,5,07 GET /api/patients?search= (name search),200,OK,Moderate Load - 50 users over 60s 2-15,text,true,,1161,482,21,21,http://localhost:5000/api/patients?search=pl&page=1&limit=20,5,0,0
1784912443092,6,07 GET /api/patients?search= (name search),200,OK,Moderate Load - 50 users over 60s 2-19,text,true,,1161,482,21,21,http://localhost:5000/api/patients?search=hn&page=1&limit=20,6,0,0
1784912443154,3,09 GET /api/appointments (day view),200,OK,Moderate Load - 50 users over 60s 2-26,text,true,,1806,460,21,21,http://localhost:5000/api/appointments,3,0,0
1784912443154,66,01 POST /api/auth/login,200,OK,Moderate Load - 50 users over 60s 2-20,text,true,,1486,543,21,21,http://localhost:5000/api/auth/login,66,0,0
1784912443192,30,09 GET /api/appointments (day view),200,OK,Moderate Load - 50 users over 60s 2-14,text,true,,1806,460,21,21,http://localhost:5000/api/appointments,30,0,0
1784912443154,68,04 GET /assets/index.css,200,OK,Moderate Load - 50 users over 60s 2-24,text,true,,29024,460,21,21,http://localhost:5000/assets/index.css,68,0,0
1784912443154,68,04 GET /assets/index.css,200,OK,Moderate Load - 50 users over 60s 2-13,text,true,,29024,460,21,21,http://localhost:5000/assets/index.css,68,0,0
1784912443154,69,02 GET / (index.html),200,OK,Moderate Load - 50 users over 60s 2-29,text,true,,1795,444,21,21,http://localhost:5000/,69,0,0
1784912443236,2,05 GET /api/dashboard/stats,200,OK,Moderate Load - 50 users over 60s 2-12,text,true,,1219,463,21,21,http://localhost:5000/api/dashboard/stats,2,0,0
1784912443299,1,05 GET /api/dashboard/stats,200,OK,Moderate Load - 50 users over 60s 2-16,text,true,,1219,463,22,22,http://localhost:5000/api/dashboard/stats,1,0,0
1784912443314,2,07 GET /api/patients?search= (name search),200,OK,Moderate Load - 50 users over 60s 2-27,text,true,,1160,482,22,22,http://localhost:5000/api/patients?search=bn&page=1&limit=20,2,0,0
1784912443365,5,07 GET /api/patients?search= (name search),200,OK,Moderate Load - 50 users over 60s 2-23,text,true,,1161,482,22,22,http://localhost:5000/api/patients?search=go&page=1&limit=20,5,0,0
1784912443406,3,03 GET /assets/index.js (main bundle),200,OK,Moderate Load - 50 users over 60s 2-17,text,true,,233662,459,22,22,http://localhost:5000/assets/index.js,2,0,0
1784912443486,62,01 POST /api/auth/login,200,OK,Moderate Load - 50 users over 60s 2-18,text,true,,1486,543,22,22,http://localhost:5000/api/auth/login,62,0,0
1784912443548,4,05 GET /api/dashboard/stats,200,OK,Moderate Load - 50 users over 60s 2-28,text,true,,1219,463,22,22,http://localhost:5000/api/dashboard/stats,4,0,0
1784912443547,9,09 GET /api/appointments (day view),200,OK,Moderate Load - 50 users over 60s 2-22,text,true,,1807,460,22,22,http://localhost:5000/api/appointments,9,0,0
1784912443489,68,08 GET /api/patients/{id} (record with history),200,OK,Moderate Load - 50 users over 60s 2-11,text,true,,11784,459,22,22,http://localhost:5000/api/patients/29,68,0,0
1784912443489,69,03 GET /assets/index.js (main bundle),200,OK,Moderate Load - 50 users over 60s 2-21,text,true,,233662,459,22,22,http://localhost:5000/assets/index.js,66,0,0
1784912443550,8,03 GET /assets/index.js (main bundle),200,OK,Moderate Load - 50 users over 60s 2-25,text,true,,233662,459,22,22,http://localhost:5000/assets/index.js,6,0,0
1784912443598,3,08 GET /api/patients/{id} (record with history),200,OK,Moderate Load - 50 users over 60s 2-19,text,true,,8743,458,22,22,http://localhost:5000/api/patients/4,3,0,0
1784912443598,8,08 GET /api/patients/{id} (record with history),200,OK,Moderate Load - 50 users over 60s 2-15,text,true,,12379,459,22,22,http://localhost:5000/api/patients/34,8,0,0
1784912443658,63,01 POST /api/auth/login,200,OK,Moderate Load - 50 users over 60s 2-26,text,true,,1486,543,22,22,http://localhost:5000/api/auth/login,63,0,0
1784912443721,2,02 GET / (index.html),200,OK,Moderate Load - 50 users over 60s 2-20,text,true,,1795,444,22,22,http://localhost:5000/,2,0,0
1784912443722,2,05 GET /api/dashboard/stats,200,OK,Moderate Load - 50 users over 60s 2-24,text,true,,1219,463,22,22,http://localhost:5000/api/dashboard/stats,2,0,0
1784912443724,2,05 GET /api/dashboard/stats,200,OK,Moderate Load - 50 users over 60s 2-13,text,true,,1219,463,22,22,http://localhost:5000/api/dashboard/stats,1,0,0
1784912443722,65,01 POST /api/auth/login,200,OK,Moderate Load - 50 users over 60s 2-14,text,true,,1486,543,22,22,http://localhost:5000/api/auth/login,65,0,0
1784912443740,48,06 GET /api/patients (paginated list),200,OK,Moderate Load - 50 users over 60s 2-12,text,true,,10668,472,22,22,http://localhost:5000/api/patients?page=5&limit=20,48,0,0
1784912443777,77,01 POST /api/auth/login,200,OK,Moderate Load - 50 users over 60s 2-30,text,true,,1486,326,22,22,http://localhost:5000/api/auth/login,77,0,0
1784912443807,49,06 GET /api/patients (paginated list),200,OK,Moderate Load - 50 users over 60s 2-16,text,true,,10531,473,22,22,http://localhost:5000/api/patients?page=47&limit=20,49,0,0
1784912443822,36,08 GET /api/patients/{id} (record with history),200,OK,Moderate Load - 50 users over 60s 2-27,text,true,,12439,459,22,22,http://localhost:5000/api/patients/13,36,0,0
1784912443724,135,03 GET /assets/index.js (main bundle),200,OK,Moderate Load - 50 users over 60s 2-29,text,true,,233662,459,22,22,http://localhost:5000/assets/index.js,67,0,0
1784912442129,1733,10 POST /api/ai/pre-appointment/{id},200,OK,Moderate Load - 50 users over 60s 2-9,text,true,,2356,490,22,22,http://localhost:5000/api/ai/pre-appointment/534,1733,0,0
1784912443882,7,08 GET /api/patients/{id} (record with history),200,OK,Moderate Load - 50 users over 60s 2-23,text,true,,9417,459,21,21,http://localhost:5000/api/patients/22,7,0,0
1784912443913,2,04 GET /assets/index.css,200,OK,Moderate Load - 50 users over 60s 2-17,text,true,,29024,460,21,21,http://localhost:5000/assets/index.css,2,0,0
1784912444053,2,06 GET /api/patients (paginated list),200,OK,Moderate Load - 50 users over 60s 2-28,text,true,,10819,473,21,21,http://localhost:5000/api/patients?page=46&limit=20,2,0,0
1784912444053,3,02 GET / (index.html),200,OK,Moderate Load - 50 users over 60s 2-18,text,true,,1795,444,21,21,http://localhost:5000/,3,0,0
1784912444068,2,09 GET /api/appointments (day view),200,OK,Moderate Load - 50 users over 60s 2-11,text,true,,1806,460,21,21,http://localhost:5000/api/appointments,2,0,0
1784912444068,5,04 GET /assets/index.css,200,OK,Moderate Load - 50 users over 60s 2-25,text,true,,29024,460,20,20,http://localhost:5000/assets/index.css,5,0,0
1784912444068,5,04 GET /assets/index.css,200,OK,Moderate Load - 50 users over 60s 2-21,text,true,,29024,460,20,20,http://localhost:5000/assets/index.css,5,0,0
1784912444068,15,10 POST /api/ai/pre-appointment/{id},200,OK,Moderate Load - 50 users over 60s 2-22,text,true,,2366,490,20,20,http://localhost:5000/api/ai/pre-appointment/148,15,0,0
1784912444116,2,09 GET /api/appointments (day view),200,OK,Moderate Load - 50 users over 60s 2-19,text,true,,1806,460,20,20,http://localhost:5000/api/appointments,2,0,0
1784912444116,3,09 GET /api/appointments (day view),200,OK,Moderate Load - 50 users over 60s 2-15,text,true,,1806,460,20,20,http://localhost:5000/api/appointments,3,0,0
1784912444222,1,02 GET / (index.html),200,OK,Moderate Load - 50 users over 60s 2-26,text,true,,1795,444,20,20,http://localhost:5000/,1,0,0
1784912444225,2,06 GET /api/patients (paginated list),200,OK,Moderate Load - 50 users over 60s 2-24,text,true,,10674,473,20,20,http://localhost:5000/api/patients?page=25&limit=20,2,0,0
1784912444225,5,03 GET /assets/index.js (main bundle),200,OK,Moderate Load - 50 users over 60s 2-20,text,true,,233662,459,20,20,http://localhost:5000/assets/index.js,5,0,0
1784912444227,21,06 GET /api/patients (paginated list),200,OK,Moderate Load - 50 users over 60s 2-13,text,true,,10783,473,20,20,http://localhost:5000/api/patients?page=24&limit=20,21,0,0
1784912444287,2,02 GET / (index.html),200,OK,Moderate Load - 50 users over 60s 2-14,text,true,,1795,444,20,20,http://localhost:5000/,2,0,0
1784912444290,5,07 GET /api/patients?search= (name search),200,OK,Moderate Load - 50 users over 60s 2-12,text,true,,1161,482,20,20,http://localhost:5000/api/patients?search=ot&page=1&limit=20,5,0,0
1784912444356,3,02 GET / (index.html),200,OK,Moderate Load - 50 users over 60s 2-30,text,true,,1795,444,20,20,http://localhost:5000/,3,0,0
1784912444359,2,09 GET /api/appointments (day view),200,OK,Moderate Load - 50 users over 60s 2-27,text,true,,1806,460,20,20,http://localhost:5000/api/appointments,2,0,0
1784912444359,4,04 GET /assets/index.css,200,OK,Moderate Load - 50 users over 60s 2-29,text,true,,29024,460,20,20,http://localhost:5000/assets/index.css,4,0,0
1784912444357,6,07 GET /api/patients?search= (name search),200,OK,Moderate Load - 50 users over 60s 2-16,text,true,,1161,482,20,20,http://localhost:5000/api/patients?search=gx&page=1&limit=20,6,0,0
1784912444389,2,09 GET /api/appointments (day view),200,OK,Moderate Load - 50 users over 60s 2-23,text,true,,1806,460,20,20,http://localhost:5000/api/appointments,2,0,0
1784912444416,2,05 GET /api/dashboard/stats,200,OK,Moderate Load - 50 users over 60s 2-17,text,true,,1219,463,20,20,http://localhost:5000/api/dashboard/stats,2,0,0
1784912444557,4,03 GET /assets/index.js (main bundle),200,OK,Moderate Load - 50 users over 60s 2-18,text,true,,233662,459,21,21,http://localhost:5000/assets/index.js,2,0,0
1784912444556,6,07 GET /api/patients?search= (name search),200,OK,Moderate Load - 50 users over 60s 2-28,text,true,,1161,482,21,21,http://localhost:5000/api/patients?search=lq&page=1&limit=20,6,0,0
1784912444574,2,05 GET /api/dashboard/stats,200,OK,Moderate Load - 50 users over 60s 2-25,text,true,,1219,463,21,21,http://localhost:5000/api/dashboard/stats,2,0,0
1784912444574,3,05 GET /api/dashboard/stats,200,OK,Moderate Load - 50 users over 60s 2-21,text,true,,1219,463,21,21,http://localhost:5000/api/dashboard/stats,3,0,0
1784912444584,61,01 POST /api/auth/login,200,OK,Moderate Load - 50 users over 60s 2-22,text,true,,1486,543,21,21,http://localhost:5000/api/auth/login,61,0,0
1784912444620,88,01 POST /api/auth/login,200,OK,Moderate Load - 50 users over 60s 2-19,text,true,,1486,543,21,21,http://localhost:5000/api/auth/login,88,0,0
1784912444621,148,01 POST /api/auth/login,200,OK,Moderate Load - 50 users over 60s 2-15,text,true,,1486,543,21,21,http://localhost:5000/api/auth/login,148,0,0
1784912444731,43,04 GET /assets/index.css,200,OK,Moderate Load - 50 users over 60s 2-20,text,true,,29024,460,21,21,http://localhost:5000/assets/index.css,43,0,0
1784912444729,45,07 GET /api/patients?search= (name search),200,OK,Moderate Load - 50 users over 60s 2-24,text,true,,1161,482,21,21,http://localhost:5000/api/patients?search=hz&page=1&limit=20,45,0,0
1784912444725,50,03 GET /assets/index.js (main bundle),200,OK,Moderate Load - 50 users over 60s 2-26,text,true,,233662,459,21,21,http://localhost:5000/assets/index.js,48,0,0
1784912444749,35,07 GET /api/patients?search= (name search),200,OK,Moderate Load - 50 users over 60s 2-13,text,true,,10809,482,21,21,http://localhost:5000/api/patients?search=el&page=1&limit=20,35,0,0
1784912444790,2,03 GET /assets/index.js (main bundle),200,OK,Moderate Load - 50 users over 60s 2-14,text,true,,233662,459,21,21,http://localhost:5000/assets/index.js,1,0,0
1784912444797,2,08 GET /api/patients/{id} (record with history),200,OK,Moderate Load - 50 users over 60s 2-12,text,true,,11823,459,21,21,http://localhost:5000/api/patients/14,2,0,0
1784912444863,3,05 GET /api/dashboard/stats,200,OK,Moderate Load - 50 users over 60s 2-29,text,true,,1219,463,21,21,http://localhost:5000/api/dashboard/stats,3,0,0
1784912444864,4,08 GET /api/patients/{id} (record with history),200,OK,Moderate Load - 50 users over 60s 2-16,text,true,,10022,459,21,21,http://localhost:5000/api/patients/25,4,0,0
1784912444862,66,01 POST /api/auth/login,200,OK,Moderate Load - 50 users over 60s 2-27,text,true,,1486,543,21,21,http://localhost:5000/api/auth/login,66,0,0
1784912444920,11,06 GET /api/patients (paginated list),200,OK,Moderate Load - 50 users over 60s 2-17,text,true,,10705,473,21,21,http://localhost:5000/api/patients?page=14&limit=20,11,0,0
1784912444891,99,01 POST /api/auth/login,200,OK,Moderate Load - 50 users over 60s 2-23,text,true,,1486,543,21,21,http://localhost:5000/api/auth/login,99,0,0
1784912444862,130,03 GET /assets/index.js (main bundle),200,OK,Moderate Load - 50 users over 60s 2-30,text,true,,233662,459,21,21,http://localhost:5000/assets/index.js,69,0,0
1784912444970,83,01 POST /api/auth/login,200,OK,Moderate Load - 50 users over 60s 2-31,text,true,,1486,326,21,21,http://localhost:5000/api/auth/login,83,0,1
1784912445062,1,04 GET /assets/index.css,200,OK,Moderate Load - 50 users over 60s 2-18,text,true,,29024,460,21,21,http://localhost:5000/assets/index.css,1,0,0
1784912445077,2,08 GET /api/patients/{id} (record with history),200,OK,Moderate Load - 50 users over 60s 2-28,text,true,,10022,459,21,21,http://localhost:5000/api/patients/25,2,0,0
1784912445077,3,06 GET /api/patients (paginated list),200,OK,Moderate Load - 50 users over 60s 2-25,text,true,,10705,473,21,21,http://localhost:5000/api/patients?page=14&limit=20,3,0,0
1784912445092,20,06 GET /api/patients (paginated list),200,OK,Moderate Load - 50 users over 60s 2-21,text,true,,11091,473,21,21,http://localhost:5000/api/patients?page=16&limit=20,20,0,0
1784912445154,2,02 GET / (index.html),200,OK,Moderate Load - 50 users over 60s 2-22,text,true,,1795,444,21,21,http://localhost:5000/,2,0,0
1784912445208,2,02 GET / (index.html),200,OK,Moderate Load - 50 users over 60s 2-19,text,true,,1795,444,21,21,http://localhost:5000/,2,0,0
1784912445270,1,02 GET / (index.html),200,OK,Moderate Load - 50 users over 60s 2-15,text,true,,1795,444,21,21,http://localhost:5000/,1,0,0
1784912445275,2,08 GET /api/patients/{id} (record with history),200,OK,Moderate Load - 50 users over 60s 2-24,text,true,,12033,458,21,21,http://localhost:5000/api/patients/3,2,0,0
1784912445275,3,05 GET /api/dashboard/stats,200,OK,Moderate Load - 50 users over 60s 2-20,text,true,,1219,463,21,21,http://localhost:5000/api/dashboard/stats,3,0,0
1784912445276,3,04 GET /assets/index.css,200,OK,Moderate Load - 50 users over 60s 2-26,text,true,,29024,460,21,21,http://localhost:5000/assets/index.css,3,0,0
1784912445285,2,08 GET /api/patients/{id} (record with history),200,OK,Moderate Load - 50 users over 60s 2-13,text,true,,11156,458,21,21,http://localhost:5000/api/patients/7,2,0,0
1784912445294,1,04 GET /assets/index.css,200,OK,Moderate Load - 50 users over 60s 2-14,text,true,,29024,460,21,21,http://localhost:5000/assets/index.css,1,0,0
1784912445300,2,09 GET /api/appointments (day view),200,OK,Moderate Load - 50 users over 60s 2-12,text,true,,1806,460,21,21,http://localhost:5000/api/appointments,2,0,0
1784912445367,2,06 GET /api/patients (paginated list),200,OK,Moderate Load - 50 users over 60s 2-29,text,true,,10758,473,20,20,http://localhost:5000/api/patients?page=39&limit=20,2,0,0
1784912445370,1,09 GET /api/appointments (day view),200,OK,Moderate Load - 50 users over 60s 2-16,text,true,,1806,460,20,20,http://localhost:5000/api/appointments,1,0,0
1784912445430,1,02 GET / (index.html),200,OK,Moderate Load - 50 users over 60s 2-27,text,true,,1795,444,20,20,http://localhost:5000/,1,0,0
1784912445432,6,07 GET /api/patients?search= (name search),200,OK,Moderate Load - 50 users over 60s 2-17,text,true,,1161,482,20,20,http://localhost:5000/api/patients?search=qq&page=1&limit=20,6,0,0
1784912445492,2,02 GET / (index.html),200,OK,Moderate Load - 50 users over 60s 2-23,text,true,,1795,444,20,20,http://localhost:5000/,2,0,0
1784912445494,1,04 GET /assets/index.css,200,OK,Moderate Load - 50 users over 60s 2-30,text,true,,29024,460,20,20,http://localhost:5000/assets/index.css,1,0,0
1784912445554,2,02 GET / (index.html),200,OK,Moderate Load - 50 users over 60s 2-31,text,true,,1795,444,20,20,http://localhost:5000/,2,0,0
1784912445564,1,05 GET /api/dashboard/stats,200,OK,Moderate Load - 50 users over 60s 2-18,text,true,,1219,463,20,20,http://localhost:5000/api/dashboard/stats,1,0,0
1784912445579,3,09 GET /api/appointments (day view),200,OK,Moderate Load - 50 users over 60s 2-28,text,true,,1806,460,20,20,http://localhost:5000/api/appointments,3,0,0
1784912445583,28,07 GET /api/patients?search= (name search),200,OK,Moderate Load - 50 users over 60s 2-25,text,true,,10774,482,20,20,http://localhost:5000/api/patients?search=ra&page=1&limit=20,28,0,0
1784912445614,2,07 GET /api/patients?search= (name search),200,OK,Moderate Load - 50 users over 60s 2-21,text,true,,1160,482,20,20,http://localhost:5000/api/patients?search=ye&page=1&limit=20,2,0,0
1784912445657,2,03 GET /assets/index.js (main bundle),200,OK,Moderate Load - 50 users over 60s 2-22,text,true,,233662,459,20,20,http://localhost:5000/assets/index.js,2,0,0
1784912445711,3,03 GET /assets/index.js (main bundle),200,OK,Moderate Load - 50 users over 60s 2-19,text,true,,233662,459,21,21,http://localhost:5000/assets/index.js,2,0,0
1784912445771,2,03 GET /assets/index.js (main bundle),200,OK,Moderate Load - 50 users over 60s 2-15,text,true,,233662,459,21,21,http://localhost:5000/assets/index.js,2,0,0
1784912445777,2,09 GET /api/appointments (day view),200,OK,Moderate Load - 50 users over 60s 2-24,text,true,,1806,460,21,21,http://localhost:5000/api/appointments,2,0,0
1784912445778,2,06 GET /api/patients (paginated list),200,OK,Moderate Load - 50 users over 60s 2-20,text,true,,10771,473,21,21,http://localhost:5000/api/patients?page=32&limit=20,2,0,0
1784912445779,2,05 GET /api/dashboard/stats,200,OK,Moderate Load - 50 users over 60s 2-26,text,true,,1219,463,21,21,http://localhost:5000/api/dashboard/stats,2,0,0
1784912445788,2,09 GET /api/appointments (day view),200,OK,Moderate Load - 50 users over 60s 2-13,text,true,,1806,460,21,21,http://localhost:5000/api/appointments,2,0,0
1784912445798,1,05 GET /api/dashboard/stats,200,OK,Moderate Load - 50 users over 60s 2-14,text,true,,1219,463,21,21,http://localhost:5000/api/dashboard/stats,1,0,0
1784912445873,2,07 GET /api/patients?search= (name search),200,OK,Moderate Load - 50 users over 60s 2-29,text,true,,1160,482,21,21,http://localhost:5000/api/patients?search=mq&page=1&limit=20,2,0,0
1784912445873,61,01 POST /api/auth/login,200,OK,Moderate Load - 50 users over 60s 2-16,text,true,,1486,543,21,21,http://localhost:5000/api/auth/login,61,0,0
1784912445933,4,03 GET /assets/index.js (main bundle),200,OK,Moderate Load - 50 users over 60s 2-27,text,true,,233662,459,21,21,http://localhost:5000/assets/index.js,3,0,0
1784912445940,6,08 GET /api/patients/{id} (record with history),200,OK,Moderate Load - 50 users over 60s 2-17,text,true,,12480,459,21,21,http://localhost:5000/api/patients/10,6,0,0
1784912445997,2,05 GET /api/dashboard/stats,200,OK,Moderate Load - 50 users over 60s 2-30,text,true,,1219,463,21,21,http://localhost:5000/api/dashboard/stats,2,0,0
1784912445995,4,03 GET /assets/index.js (main bundle),200,OK,Moderate Load - 50 users over 60s 2-23,text,true,,233662,459,21,21,http://localhost:5000/assets/index.js,2,0,0
1784912446057,1,03 GET /assets/index.js (main bundle),200,OK,Moderate Load - 50 users over 60s 2-31,text,true,,233662,459,21,21,http://localhost:5000/assets/index.js,1,0,0
1784912446067,3,06 GET /api/patients (paginated list),200,OK,Moderate Load - 50 users over 60s 2-18,text,true,,10874,473,21,21,http://localhost:5000/api/patients?page=30&limit=20,3,0,0
1784912446082,63,01 POST /api/auth/login,200,OK,Moderate Load - 50 users over 60s 2-28,text,true,,1486,543,21,21,http://localhost:5000/api/auth/login,62,0,0
1784912446114,32,08 GET /api/patients/{id} (record with history),200,OK,Moderate Load - 50 users over 60s 2-25,text,true,,8759,459,21,21,http://localhost:5000/api/patients/35,32,0,0
1784912446118,30,08 GET /api/patients/{id} (record with history),200,OK,Moderate Load - 50 users over 60s 2-21,text,true,,11823,459,21,21,http://localhost:5000/api/patients/14,30,0,0
1784912446160,2,04 GET /assets/index.css,200,OK,Moderate Load - 50 users over 60s 2-22,text,true,,29024,460,21,21,http://localhost:5000/assets/index.css,2,0,0
1784912446178,65,01 POST /api/auth/login,200,OK,Moderate Load - 50 users over 60s 2-32,text,true,,1486,326,21,21,http://localhost:5000/api/auth/login,65,0,1
1784912446224,20,04 GET /assets/index.css,200,OK,Moderate Load - 50 users over 60s 2-19,text,true,,29024,460,21,21,http://localhost:5000/assets/index.css,20,0,0
1784912446286,3,06 GET /api/patients (paginated list),200,OK,Moderate Load - 50 users over 60s 2-26,text,true,,10784,473,21,21,http://localhost:5000/api/patients?page=36&limit=20,3,0,0
1784912446286,7,04 GET /assets/index.css,200,OK,Moderate Load - 50 users over 60s 2-15,text,true,,29024,460,21,21,http://localhost:5000/assets/index.css,7,0,0
1784912446286,8,07 GET /api/patients?search= (name search),200,OK,Moderate Load - 50 users over 60s 2-20,text,true,,1161,482,21,21,http://localhost:5000/api/patients?search=qw&page=1&limit=20,8,0,0
1784912446303,3,06 GET /api/patients (paginated list),200,OK,Moderate Load - 50 users over 60s 2-14,text,true,,10605,473,21,21,http://localhost:5000/api/patients?page=13&limit=20,3,0,0
1784912446302,64,01 POST /api/auth/login,200,OK,Moderate Load - 50 users over 60s 2-13,text,true,,1486,543,21,21,http://localhost:5000/api/auth/login,64,0,0
1784912446380,2,08 GET /api/patients/{id} (record with history),200,OK,Moderate Load - 50 users over 60s 2-29,text,true,,11220,459,21,21,http://localhost:5000/api/patients/45,2,0,0
1784912446442,1,04 GET /assets/index.css,200,OK,Moderate Load - 50 users over 60s 2-27,text,true,,29024,460,21,21,http://localhost:5000/assets/index.css,1,0,0
1784912446442,2,02 GET / (index.html),200,OK,Moderate Load - 50 users over 60s 2-16,text,true,,1795,444,21,21,http://localhost:5000/,2,0,0
1784912446457,2,09 GET /api/appointments (day view),200,OK,Moderate Load - 50 users over 60s 2-17,text,true,,1806,460,21,21,http://localhost:5000/api/appointments,2,0,0
1784912446504,3,06 GET /api/patients (paginated list),200,OK,Moderate Load - 50 users over 60s 2-30,text,true,,10668,472,21,21,http://localhost:5000/api/patients?page=5&limit=20,3,0,0
1784912446504,3,04 GET /assets/index.css,200,OK,Moderate Load - 50 users over 60s 2-23,text,true,,29024,460,21,21,http://localhost:5000/assets/index.css,3,0,0
1784912446567,2,04 GET /assets/index.css,200,OK,Moderate Load - 50 users over 60s 2-31,text,true,,29024,460,21,21,http://localhost:5000/assets/index.css,2,0,0
1784912446582,6,07 GET /api/patients?search= (name search),200,OK,Moderate Load - 50 users over 60s 2-18,text,true,,1161,482,21,21,http://localhost:5000/api/patients?search=ll&page=1&limit=20,6,0,0
1784912446645,1,02 GET / (index.html),200,OK,Moderate Load - 50 users over 60s 2-28,text,true,,1795,444,21,21,http://localhost:5000/,1,0,0
1784912446660,2,09 GET /api/appointments (day view),200,OK,Moderate Load - 50 users over 60s 2-25,text,true,,1806,460,21,21,http://localhost:5000/api/appointments,2,0,0
1784912446660,3,09 GET /api/appointments (day view),200,OK,Moderate Load - 50 users over 60s 2-21,text,true,,1806,460,21,21,http://localhost:5000/api/appointments,3,0,0
1784912446676,3,05 GET /api/dashboard/stats,200,OK,Moderate Load - 50 users over 60s 2-22,text,true,,1219,463,21,21,http://localhost:5000/api/dashboard/stats,3,0,0
1784912446753,2,05 GET /api/dashboard/stats,200,OK,Moderate Load - 50 users over 60s 2-19,text,true,,1219,463,21,21,http://localhost:5000/api/dashboard/stats,2,0,0
1784912446753,3,02 GET / (index.html),200,OK,Moderate Load - 50 users over 60s 2-32,text,true,,1795,444,21,21,http://localhost:5000/,3,0,0
1784912446801,1,05 GET /api/dashboard/stats,200,OK,Moderate Load - 50 users over 60s 2-15,text,true,,1219,463,21,21,http://localhost:5000/api/dashboard/stats,1,0,0
1784912446801,4,08 GET /api/patients/{id} (record with history),200,OK,Moderate Load - 50 users over 60s 2-20,text,true,,11802,459,21,21,http://localhost:5000/api/patients/42,4,0,0
1784912446801,6,07 GET /api/patients?search= (name search),200,OK,Moderate Load - 50 users over 60s 2-26,text,true,,1161,482,21,21,http://localhost:5000/api/patients?search=gg&page=1&limit=20,6,0,0
1784912446817,5,07 GET /api/patients?search= (name search),200,OK,Moderate Load - 50 users over 60s 2-14,text,true,,1161,482,21,21,http://localhost:5000/api/patients?search=gh&page=1&limit=20,5,0,0
1784912446878,2,02 GET / (index.html),200,OK,Moderate Load - 50 users over 60s 2-13,text,true,,1795,444,22,22,http://localhost:5000/,2,0,0
1784912446893,2,09 GET /api/appointments (day view),200,OK,Moderate Load - 50 users over 60s 2-29,text,true,,1806,460,22,22,http://localhost:5000/api/appointments,2,0,0
1784912446956,2,05 GET /api/dashboard/stats,200,OK,Moderate Load - 50 users over 60s 2-27,text,true,,1219,463,22,22,http://localhost:5000/api/dashboard/stats,2,0,0
1784912446956,4,03 GET /assets/index.js (main bundle),200,OK,Moderate Load - 50 users over 60s 2-16,text,true,,233662,459,22,22,http://localhost:5000/assets/index.js,3,0,0
1784912446971,64,01 POST /api/auth/login,200,OK,Moderate Load - 50 users over 60s 2-17,text,true,,1486,543,22,22,http://localhost:5000/api/auth/login,64,0,0
1784912447018,20,05 GET /api/dashboard/stats,200,OK,Moderate Load - 50 users over 60s 2-23,text,true,,1219,463,22,22,http://localhost:5000/api/dashboard/stats,20,0,0
1784912447018,22,07 GET /api/patients?search= (name search),200,OK,Moderate Load - 50 users over 60s 2-30,text,true,,1161,482,22,22,http://localhost:5000/api/patients?search=vi&page=1&limit=20,22,0,0
1784912447080,3,05 GET /api/dashboard/stats,200,OK,Moderate Load - 50 users over 60s 2-31,text,true,,1219,463,22,22,http://localhost:5000/api/dashboard/stats,3,0,0
1784912447096,4,08 GET /api/patients/{id} (record with history),200,OK,Moderate Load - 50 users over 60s 2-18,text,true,,12405,459,22,22,http://localhost:5000/api/patients/23,4,0,0
1784912447159,1,03 GET /assets/index.js (main bundle),200,OK,Moderate Load - 50 users over 60s 2-28,text,true,,233662,459,22,22,http://localhost:5000/assets/index.js,1,0,0
1784912447174,61,01 POST /api/auth/login,200,OK,Moderate Load - 50 users over 60s 2-21,text,true,,1486,543,22,22,http://localhost:5000/api/auth/login,61,0,0
1784912447190,107,06 GET /api/patients (paginated list),200,OK,Moderate Load - 50 users over 60s 2-22,text,true,,10595,473,22,22,http://localhost:5000/api/patients?page=44&limit=20,106,0,0
1784912447174,124,01 POST /api/auth/login,200,OK,Moderate Load - 50 users over 60s 2-25,text,true,,1486,543,22,22,http://localhost:5000/api/auth/login,124,0,0
1784912447267,33,06 GET /api/patients (paginated list),200,OK,Moderate Load - 50 users over 60s 2-19,text,true,,10906,472,22,22,http://localhost:5000/api/patients?page=9&limit=20,33,0,0
1784912447267,37,03 GET /assets/index.js (main bundle),200,OK,Moderate Load - 50 users over 60s 2-32,text,true,,233662,459,22,22,http://localhost:5000/assets/index.js,36,0,0
1784912447314,2,06 GET /api/patients (paginated list),200,OK,Moderate Load - 50 users over 60s 2-15,text,true,,10807,473,22,22,http://localhost:5000/api/patients?page=21&limit=20,2,0,0
1784912447314,4,08 GET /api/patients/{id} (record with history),200,OK,Moderate Load - 50 users over 60s 2-26,text,true,,10651,459,22,22,http://localhost:5000/api/patients/16,4,0,0
1784912447314,5,09 GET /api/appointments (day view),200,OK,Moderate Load - 50 users over 60s 2-20,text,true,,1806,460,22,22,http://localhost:5000/api/appointments,5,0,0
1784912447329,3,08 GET /api/patients/{id} (record with history),200,OK,Moderate Load - 50 users over 60s 2-14,text,true,,12479,459,22,22,http://localhost:5000/api/patients/10,3,0,0
1784912447377,63,01 POST /api/auth/login,200,OK,Moderate Load - 50 users over 60s 2-33,text,true,,1486,326,22,22,http://localhost:5000/api/auth/login,63,0,1
1784912447408,92,01 POST /api/auth/login,200,OK,Moderate Load - 50 users over 60s 2-29,text,true,,1486,543,22,22,http://localhost:5000/api/auth/login,92,0,0
1784912447470,32,06 GET /api/patients (paginated list),200,OK,Moderate Load - 50 users over 60s 2-27,text,true,,10642,473,22,22,http://localhost:5000/api/patients?page=22&limit=20,32,0,0
1784912447470,33,04 GET /assets/index.css,200,OK,Moderate Load - 50 users over 60s 2-16,text,true,,29024,460,22,22,http://localhost:5000/assets/index.css,33,0,0
1784912447392,112,03 GET /assets/index.js (main bundle),200,OK,Moderate Load - 50 users over 60s 2-13,text,true,,233662,459,22,22,http://localhost:5000/assets/index.js,111,0,0
1784912447546,5,06 GET /api/patients (paginated list),200,OK,Moderate Load - 50 users over 60s 2-23,text,true,,10553,473,22,22,http://localhost:5000/api/patients?page=34&limit=20,5,0,0
1784912447547,6,08 GET /api/patients/{id} (record with history),200,OK,Moderate Load - 50 users over 60s 2-30,text,true,,11823,459,22,22,http://localhost:5000/api/patients/14,6,0,0
1784912447546,8,02 GET / (index.html),200,OK,Moderate Load - 50 users over 60s 2-17,text,true,,1795,444,22,22,http://localhost:5000/,8,0,0
1784912447593,3,06 GET /api/patients (paginated list),200,OK,Moderate Load - 50 users over 60s 2-31,text,true,,10906,473,22,22,http://localhost:5000/api/patients?page=17&limit=20,3,0,0
1784912447609,3,09 GET /api/appointments (day view),200,OK,Moderate Load - 50 users over 60s 2-18,text,true,,1806,460,22,22,http://localhost:5000/api/appointments,3,0,0
1784912447673,1,04 GET /assets/index.css,200,OK,Moderate Load - 50 users over 60s 2-28,text,true,,29024,460,22,22,http://localhost:5000/assets/index.css,1,0,0
1784912446286,1409,10 POST /api/ai/pre-appointment/{id},200,OK,Moderate Load - 50 users over 60s 2-24,text,true,,2238,489,22,22,http://localhost:5000/api/ai/pre-appointment/70,1409,0,0
1784912447738,1,02 GET / (index.html),200,OK,Moderate Load - 50 users over 60s 2-21,text,true,,1795,444,22,22,http://localhost:5000/,1,0,0
1784912447798,2,07 GET /api/patients?search= (name search),200,OK,Moderate Load - 50 users over 60s 2-22,text,true,,1160,482,22,22,http://localhost:5000/api/patients?search=qk&page=1&limit=20,2,0,0
1784912447812,3,02 GET / (index.html),200,OK,Moderate Load - 50 users over 60s 2-25,text,true,,1795,444,22,22,http://localhost:5000/,3,0,0
1784912447812,3,04 GET /assets/index.css,200,OK,Moderate Load - 50 users over 60s 2-32,text,true,,29024,460,22,22,http://localhost:5000/assets/index.css,3,0,0
1784912447812,5,07 GET /api/patients?search= (name search),200,OK,Moderate Load - 50 users over 60s 2-19,text,true,,1161,482,22,22,http://localhost:5000/api/patients?search=bh&page=1&limit=20,5,0,0
1784912447827,2,09 GET /api/appointments (day view),200,OK,Moderate Load - 50 users over 60s 2-26,text,true,,1806,460,22,22,http://localhost:5000/api/appointments,2,0,0
1784912447827,63,01 POST /api/auth/login,200,OK,Moderate Load - 50 users over 60s 2-20,text,true,,1486,543,22,22,http://localhost:5000/api/auth/login,63,0,0
1784912447843,50,09 GET /api/appointments (day view),200,OK,Moderate Load - 50 users over 60s 2-14,text,true,,1806,460,22,22,http://localhost:5000/api/appointments,50,0,0
1784912447827,67,07 GET /api/patients?search= (name search),200,OK,Moderate Load - 50 users over 60s 2-15,text,true,,1623,482,21,21,http://localhost:5000/api/patients?search=ho&page=1&limit=20,67,0,0
1784912447951,2,02 GET / (index.html),200,OK,Moderate Load - 50 users over 60s 2-33,text,true,,1795,444,21,21,http://localhost:5000/,2,0,0
1784912448013,4,05 GET /api/dashboard/stats,200,OK,Moderate Load - 50 users over 60s 2-16,text,true,,1219,463,21,21,http://localhost:5000/api/dashboard/stats,4,0,0
1784912448014,4,02 GET / (index.html),200,OK,Moderate Load - 50 users over 60s 2-29,text,true,,1795,444,21,21,http://localhost:5000/,4,0,0
1784912448013,6,04 GET /assets/index.css,200,OK,Moderate Load - 50 users over 60s 2-13,text,true,,29024,460,21,21,http://localhost:5000/assets/index.css,6,0,0
1784912448013,8,07 GET /api/patients?search= (name search),200,OK,Moderate Load - 50 users over 60s 2-27,text,true,,1161,482,21,21,http://localhost:5000/api/patients?search=zj&page=1&limit=20,8,0,0
1784912448060,4,09 GET /api/appointments (day view),200,OK,Moderate Load - 50 users over 60s 2-30,text,true,,1806,460,22,22,http://localhost:5000/api/appointments,4,0,0
1784912448060,7,07 GET /api/patients?search= (name search),200,OK,Moderate Load - 50 users over 60s 2-23,text,true,,1161,482,22,22,http://localhost:5000/api/patients?search=tj&page=1&limit=20,7,0,0
1784912448060,7,03 GET /assets/index.js (main bundle),200,OK,Moderate Load - 50 users over 60s 2-17,text,true,,233662,459,22,22,http://localhost:5000/assets/index.js,5,0,0
1784912448107,5,07 GET /api/patients?search= (name search),200,OK,Moderate Load - 50 users over 60s 2-31,text,true,,1161,482,22,22,http://localhost:5000/api/patients?search=yk&page=1&limit=20,5,0,0
1784912448122,63,01 POST /api/auth/login,200,OK,Moderate Load - 50 users over 60s 2-18,text,true,,1486,543,22,22,http://localhost:5000/api/auth/login,63,0,0
1784912448184,3,05 GET /api/dashboard/stats,200,OK,Moderate Load - 50 users over 60s 2-28,text,true,,1219,463,22,22,http://localhost:5000/api/dashboard/stats,3,0,0
1784912448199,61,01 POST /api/auth/login,200,OK,Moderate Load - 50 users over 60s 2-24,text,true,,1486,543,22,22,http://localhost:5000/api/auth/login,61,0,0
1784912448242,20,03 GET /assets/index.js (main bundle),200,OK,Moderate Load - 50 users over 60s 2-21,text,true,,233662,459,22,22,http://localhost:5000/assets/index.js,19,0,0
1784912448301,6,08 GET /api/patients/{id} (record with history),200,OK,Moderate Load - 50 users over 60s 2-22,text,true,,12448,459,22,22,http://localhost:5000/api/patients/17,6,0,0
1784912448315,2,05 GET /api/dashboard/stats,200,OK,Moderate Load - 50 users over 60s 2-32,text,true,,1219,463,22,22,http://localhost:5000/api/dashboard/stats,2,0,0
1784912448317,2,08 GET /api/patients/{id} (record with history),200,OK,Moderate Load - 50 users over 60s 2-19,text,true,,8759,459,22,22,http://localhost:5000/api/patients/35,2,0,0
1784912448317,4,03 GET /assets/index.js (main bundle),200,OK,Moderate Load - 50 users over 60s 2-25,text,true,,233662,459,22,22,http://localhost:5000/assets/index.js,3,0,0
1784912448329,64,01 POST /api/auth/login,200,OK,Moderate Load - 50 users over 60s 2-26,text,true,,1486,543,22,22,http://localhost:5000/api/auth/login,64,0,0
1784912448392,2,02 GET / (index.html),200,OK,Moderate Load - 50 users over 60s 2-20,text,true,,1795,444,22,22,http://localhost:5000/,2,0,0
1784912448395,2,08 GET /api/patients/{id} (record with history),200,OK,Moderate Load - 50 users over 60s 2-15,text,true,,11783,459,22,22,http://localhost:5000/api/patients/29,2,0,0
1784912448455,2,03 GET /assets/index.js (main bundle),200,OK,Moderate Load - 50 users over 60s 2-33,text,true,,233662,459,22,22,http://localhost:5000/assets/index.js,1,0,0
1784912448517,3,06 GET /api/patients (paginated list),200,OK,Moderate Load - 50 users over 60s 2-16,text,true,,10705,473,22,22,http://localhost:5000/api/patients?page=14&limit=20,3,0,0
1784912448519,2,05 GET /api/dashboard/stats,200,OK,Moderate Load - 50 users over 60s 2-13,text,true,,1219,463,22,22,http://localhost:5000/api/dashboard/stats,2,0,0
1784912448522,2,08 GET /api/patients/{id} (record with history),200,OK,Moderate Load - 50 users over 60s 2-27,text,true,,12602,458,22,22,http://localhost:5000/api/patients/2,2,0,0
1784912448522,4,03 GET /assets/index.js (main bundle),200,OK,Moderate Load - 50 users over 60s 2-29,text,true,,233662,459,22,22,http://localhost:5000/assets/index.js,4,0,0
1784912448572,4,08 GET /api/patients/{id} (record with history),200,OK,Moderate Load - 50 users over 60s 2-23,text,true,,11823,459,22,22,http://localhost:5000/api/patients/14,4,0,0
1784912448572,63,01 POST /api/auth/login,200,OK,Moderate Load - 50 users over 60s 2-30,text,true,,1486,543,22,22,http://localhost:5000/api/auth/login,63,0,0
1784912448619,18,08 GET /api/patients/{id} (record with history),200,OK,Moderate Load - 50 users over 60s 2-31,text,true,,10586,459,22,22,http://localhost:5000/api/patients/47,18,0,0
1784912448573,123,01 POST /api/auth/login,200,OK,Moderate Load - 50 users over 60s 2-34,text,true,,1486,326,22,22,http://localhost:5000/api/auth/login,123,0,1
1784912448572,124,04 GET /assets/index.css,200,OK,Moderate Load - 50 users over 60s 2-17,text,true,,29024,460,22,22,http://localhost:5000/assets/index.css,124,0,0
1784912448696,3,06 GET /api/patients (paginated list),200,OK,Moderate Load - 50 users over 60s 2-28,text,true,,10906,472,22,22,http://localhost:5000/api/patients?page=9&limit=20,3,0,0
1784912448696,4,02 GET / (index.html),200,OK,Moderate Load - 50 users over 60s 2-18,text,true,,1795,444,22,22,http://localhost:5000/,4,0,0
1784912448775,2,04 GET /assets/index.css,200,OK,Moderate Load - 50 users over 60s 2-21,text,true,,29024,460,22,22,http://localhost:5000/assets/index.css,2,0,0
1784912448775,2,02 GET / (index.html),200,OK,Moderate Load - 50 users over 60s 2-24,text,true,,1795,444,22,22,http://localhost:5000/,2,0,0
1784912448822,3,06 GET /api/patients (paginated list),200,OK,Moderate Load - 50 users over 60s 2-32,text,true,,10674,473,22,22,http://localhost:5000/api/patients?page=25&limit=20,3,0,0
1784912448822,5,09 GET /api/appointments (day view),200,OK,Moderate Load - 50 users over 60s 2-19,text,true,,1806,460,22,22,http://localhost:5000/api/appointments,5,0,0
1784912448822,6,09 GET /api/appointments (day view),200,OK,Moderate Load - 50 users over 60s 2-22,text,true,,1806,460,22,22,http://localhost:5000/api/appointments,6,0,0
1784912448822,6,04 GET /assets/index.css,200,OK,Moderate Load - 50 users over 60s 2-25,text,true,,29024,460,22,22,http://localhost:5000/assets/index.css,6,0,0
1784912448900,2,09 GET /api/appointments (day view),200,OK,Moderate Load - 50 users over 60s 2-15,text,true,,1806,460,22,22,http://localhost:5000/api/appointments,2,0,0
1784912448900,4,02 GET / (index.html),200,OK,Moderate Load - 50 users over 60s 2-26,text,true,,1795,444,21,21,http://localhost:5000/,4,0,0
1784912448900,4,03 GET /assets/index.js (main bundle),200,OK,Moderate Load - 50 users over 60s 2-20,text,true,,233662,459,21,21,http://localhost:5000/assets/index.js,4,0,0
1784912448962,2,04 GET /assets/index.css,200,OK,Moderate Load - 50 users over 60s 2-33,text,true,,29024,460,21,21,http://localhost:5000/assets/index.css,2,0,0
1784912449023,4,06 GET /api/patients (paginated list),200,OK,Moderate Load - 50 users over 60s 2-13,text,true,,10635,473,21,21,http://localhost:5000/api/patients?page=40&limit=20,4,0,0
1784912449023,7,07 GET /api/patients?search= (name search),200,OK,Moderate Load - 50 users over 60s 2-16,text,true,,1161,482,21,21,http://localhost:5000/api/patients?search=ws&page=1&limit=20,7,0,0
1784912449040,2,09 GET /api/appointments (day view),200,OK,Moderate Load - 50 users over 60s 2-27,text,true,,1806,460,21,21,http://localhost:5000/api/appointments,2,0,0
1784912449040,3,04 GET /assets/index.css,200,OK,Moderate Load - 50 users over 60s 2-29,text,true,,29024,460,21,21,http://localhost:5000/assets/index.css,3,0,0
1784912449088,2,09 GET /api/appointments (day view),200,OK,Moderate Load - 50 users over 60s 2-23,text,true,,1806,460,21,21,http://localhost:5000/api/appointments,2,0,0
1784912449150,2,09 GET /api/appointments (day view),200,OK,Moderate Load - 50 users over 60s 2-31,text,true,,1806,460,21,21,http://localhost:5000/api/appointments,2,0,0
1784912449150,3,02 GET / (index.html),200,OK,Moderate Load - 50 users over 60s 2-30,text,true,,1795,444,21,21,http://localhost:5000/,3,0,0
1784912449213,4,05 GET /api/dashboard/stats,200,OK,Moderate Load - 50 users over 60s 2-17,text,true,,1219,463,21,21,http://localhost:5000/api/dashboard/stats,4,0,0
1784912449213,7,07 GET /api/patients?search= (name search),200,OK,Moderate Load - 50 users over 60s 2-28,text,true,,1161,482,21,21,http://localhost:5000/api/patients?search=ao&page=1&limit=20,7,0,0
1784912449213,7,02 GET / (index.html),200,OK,Moderate Load - 50 users over 60s 2-34,text,true,,1795,444,21,21,http://localhost:5000/,7,0,0
1784912449213,8,03 GET /assets/index.js (main bundle),200,OK,Moderate Load - 50 users over 60s 2-18,text,true,,233662,459,21,21,http://localhost:5000/assets/index.js,6,0,0
1784912449278,2,05 GET /api/dashboard/stats,200,OK,Moderate Load - 50 users over 60s 2-21,text,true,,1219,463,22,22,http://localhost:5000/api/dashboard/stats,2,0,0
1784912449278,4,03 GET /assets/index.js (main bundle),200,OK,Moderate Load - 50 users over 60s 2-24,text,true,,233662,459,22,22,http://localhost:5000/assets/index.js,3,0,0
1784912449329,4,05 GET /api/dashboard/stats,200,OK,Moderate Load - 50 users over 60s 2-25,text,true,,1219,463,22,22,http://localhost:5000/api/dashboard/stats,4,0,0
1784912449327,69,07 GET /api/patients?search= (name search),200,OK,Moderate Load - 50 users over 60s 2-32,text,true,,1161,482,22,22,http://localhost:5000/api/patients?search=gj&page=1&limit=20,69,0,0
1784912449329,70,01 POST /api/auth/login,200,OK,Moderate Load - 50 users over 60s 2-19,text,true,,1486,543,22,22,http://localhost:5000/api/auth/login,70,0,0
1784912449406,6,03 GET /assets/index.js (main bundle),200,OK,Moderate Load - 50 users over 60s 2-26,text,true,,233662,459,22,22,http://localhost:5000/assets/index.js,3,0,0
1784912449408,4,04 GET /assets/index.css,200,OK,Moderate Load - 50 users over 60s 2-20,text,true,,29024,460,22,22,http://localhost:5000/assets/index.css,4,0,0
1784912449466,2,05 GET /api/dashboard/stats,200,OK,Moderate Load - 50 users over 60s 2-33,text,true,,1219,463,22,22,http://localhost:5000/api/dashboard/stats,2,0,0
1784912449529,5,07 GET /api/patients?search= (name search),200,OK,Moderate Load - 50 users over 60s 2-13,text,true,,1161,482,22,22,http://localhost:5000/api/patients?search=px&page=1&limit=20,5,0,0
1784912449533,2,08 GET /api/patients/{id} (record with history),200,OK,Moderate Load - 50 users over 60s 2-16,text,true,,11220,459,22,22,http://localhost:5000/api/patients/45,2,0,0
1784912449545,1,05 GET /api/dashboard/stats,200,OK,Moderate Load - 50 users over 60s 2-29,text,true,,1219,463,22,22,http://localhost:5000/api/dashboard/stats,1,0,0
1784912449545,66,01 POST /api/auth/login,200,OK,Moderate Load - 50 users over 60s 2-27,text,true,,1486,543,22,22,http://localhost:5000/api/auth/login,66,0,0
1784912449591,82,01 POST /api/auth/login,200,OK,Moderate Load - 50 users over 60s 2-23,text,true,,1486,543,22,22,http://localhost:5000/api/auth/login,82,0,0
1784912449653,81,01 POST /api/auth/login,200,OK,Moderate Load - 50 users over 60s 2-31,text,true,,1486,543,22,22,http://localhost:5000/api/auth/login,80,0,0
1784912449722,16,08 GET /api/patients/{id} (record with history),200,OK,Moderate Load - 50 users over 60s 2-28,text,true,,11205,459,22,22,http://localhost:5000/api/patients/50,16,0,0
1784912449653,86,03 GET /assets/index.js (main bundle),200,OK,Moderate Load - 50 users over 60s 2-30,text,true,,233662,459,22,22,http://localhost:5000/assets/index.js,81,0,0
1784912449722,17,04 GET /assets/index.css,200,OK,Moderate Load - 50 users over 60s 2-18,text,true,,29024,460,22,22,http://localhost:5000/assets/index.css,17,0,0
1784912449721,19,03 GET /assets/index.js (main bundle),200,OK,Moderate Load - 50 users over 60s 2-34,text,true,,233662,459,22,22,http://localhost:5000/assets/index.js,18,0,0
1784912449718,39,06 GET /api/patients (paginated list),200,OK,Moderate Load - 50 users over 60s 2-17,text,true,,10660,473,22,22,http://localhost:5000/api/patients?page=10&limit=20,39,0,0
1784912449774,62,01 POST /api/auth/login,200,OK,Moderate Load - 50 users over 60s 2-35,text,true,,1486,326,22,22,http://localhost:5000/api/auth/login,62,0,1
1784912449788,50,06 GET /api/patients (paginated list),200,OK,Moderate Load - 50 users over 60s 2-21,text,true,,10656,473,22,22,http://localhost:5000/api/patients?page=33&limit=20,50,0,0
1784912449834,6,06 GET /api/patients (paginated list),200,OK,Moderate Load - 50 users over 60s 2-25,text,true,,10813,473,22,22,http://localhost:5000/api/patients?page=45&limit=20,6,0,0
1784912449788,53,04 GET /assets/index.css,200,OK,Moderate Load - 50 users over 60s 2-24,text,true,,29024,460,22,22,http://localhost:5000/assets/index.css,53,0,0
1784912449911,3,08 GET /api/patients/{id} (record with history),200,OK,Moderate Load - 50 users over 60s 2-32,text,true,,12439,459,22,22,http://localhost:5000/api/patients/13,3,0,0
1784912449911,4,02 GET / (index.html),200,OK,Moderate Load - 50 users over 60s 2-19,text,true,,1795,444,22,22,http://localhost:5000/,4,0,0
1784912449927,3,05 GET /api/dashboard/stats,200,OK,Moderate Load - 50 users over 60s 2-20,text,true,,1219,463,22,22,http://localhost:5000/api/dashboard/stats,3,0,0
1784912449927,3,04 GET /assets/index.css,200,OK,Moderate Load - 50 users over 60s 2-26,text,true,,29024,460,22,22,http://localhost:5000/assets/index.css,3,0,0
1784912449973,3,06 GET /api/patients (paginated list),200,OK,Moderate Load - 50 users over 60s 2-33,text,true,,10885,472,22,22,http://localhost:5000/api/patients?page=7&limit=20,3,0,0
1784912450037,3,08 GET /api/patients/{id} (record with history),200,OK,Moderate Load - 50 users over 60s 2-13,text,true,,10554,459,22,22,http://localhost:5000/api/patients/28,2,0,0
1784912450049,2,09 GET /api/appointments (day view),200,OK,Moderate Load - 50 users over 60s 2-16,text,true,,1806,460,22,22,http://localhost:5000/api/appointments,2,0,0
1784912450049,23,06 GET /api/patients (paginated list),200,OK,Moderate Load - 50 users over 60s 2-29,text,true,,10481,472,21,21,http://localhost:5000/api/patients?page=2&limit=20,23,0,0
1784912450126,2,02 GET / (index.html),200,OK,Moderate Load - 50 users over 60s 2-27,text,true,,1795,444,21,21,http://localhost:5000/,2,0,0
1784912450174,1,02 GET / (index.html),200,OK,Moderate Load - 50 users over 60s 2-23,text,true,,1795,444,21,21,http://localhost:5000/,1,0,0
1784912450235,1,02 GET / (index.html),200,OK,Moderate Load - 50 users over 60s 2-31,text,true,,1795,444,21,21,http://localhost:5000/,1,0,0
1784912450239,1,09 GET /api/appointments (day view),200,OK,Moderate Load - 50 users over 60s 2-28,text,true,,1806,460,21,21,http://localhost:5000/api/appointments,1,0,0
1784912450240,1,05 GET /api/dashboard/stats,200,OK,Moderate Load - 50 users over 60s 2-18,text,true,,1219,463,21,21,http://localhost:5000/api/dashboard/stats,1,0,0
1784912450240,2,04 GET /assets/index.css,200,OK,Moderate Load - 50 users over 60s 2-30,text,true,,29024,460,21,21,http://localhost:5000/assets/index.css,2,0,0
1784912450241,1,04 GET /assets/index.css,200,OK,Moderate Load - 50 users over 60s 2-34,text,true,,29024,460,21,21,http://localhost:5000/assets/index.css,1,0,0
1784912450258,5,07 GET /api/patients?search= (name search),200,OK,Moderate Load - 50 users over 60s 2-17,text,true,,1161,482,21,21,http://localhost:5000/api/patients?search=vd&page=1&limit=20,5,0,0
1784912450337,1,02 GET / (index.html),200,OK,Moderate Load - 50 users over 60s 2-35,text,true,,1795,444,21,21,http://localhost:5000/,1,0,0
1784912450341,2,05 GET /api/dashboard/stats,200,OK,Moderate Load - 50 users over 60s 2-24,text,true,,1219,463,21,21,http://localhost:5000/api/dashboard/stats,2,0,0
1784912450339,7,07 GET /api/patients?search= (name search),200,OK,Moderate Load - 50 users over 60s 2-21,text,true,,1161,482,21,21,http://localhost:5000/api/patients?search=kq&page=1&limit=20,7,0,0
1784912450342,23,07 GET /api/patients?search= (name search),200,OK,Moderate Load - 50 users over 60s 2-25,text,true,,10723,482,21,21,http://localhost:5000/api/patients?search=so&page=1&limit=20,23,0,0
1784912450416,3,09 GET /api/appointments (day view),200,OK,Moderate Load - 50 users over 60s 2-32,text,true,,1806,460,21,21,http://localhost:5000/api/appointments,3,0,0
1784912450416,4,03 GET /assets/index.js (main bundle),200,OK,Moderate Load - 50 users over 60s 2-19,text,true,,233662,459,21,21,http://localhost:5000/assets/index.js,4,0,0
1784912450430,2,05 GET /api/dashboard/stats,200,OK,Moderate Load - 50 users over 60s 2-26,text,true,,1219,463,21,21,http://localhost:5000/api/dashboard/stats,2,0,0
1784912450430,3,06 GET /api/patients (paginated list),200,OK,Moderate Load - 50 users over 60s 2-20,text,true,,10927,473,21,21,http://localhost:5000/api/patients?page=11&limit=20,3,0,0
1784912450476,5,07 GET /api/patients?search= (name search),200,OK,Moderate Load - 50 users over 60s 2-33,text,true,,1161,482,22,22,http://localhost:5000/api/patients?search=iz&page=1&limit=20,5,0,0
1784912450540,2,09 GET /api/appointments (day view),200,OK,Moderate Load - 50 users over 60s 2-13,text,true,,1806,460,22,22,http://localhost:5000/api/appointments,2,0,0
1784912450573,6,07 GET /api/patients?search= (name search),200,OK,Moderate Load - 50 users over 60s 2-29,text,true,,1161,482,21,21,http://localhost:5000/api/patients?search=bz&page=1&limit=20,6,0,0
1784912450628,2,03 GET /assets/index.js (main bundle),200,OK,Moderate Load - 50 users over 60s 2-27,text,true,,233662,459,21,21,http://localhost:5000/assets/index.js,2,0,0
1784912450677,2,03 GET /assets/index.js (main bundle),200,OK,Moderate Load - 50 users over 60s 2-23,text,true,,233662,459,21,21,http://localhost:5000/assets/index.js,1,0,0
1784912450737,1,03 GET /assets/index.js (main bundle),200,OK,Moderate Load - 50 users over 60s 2-31,text,true,,233662,459,21,21,http://localhost:5000/assets/index.js,1,0,0
1784912450742,2,06 GET /api/patients (paginated list),200,OK,Moderate Load - 50 users over 60s 2-18,text,true,,10885,472,21,21,http://localhost:5000/api/patients?page=7&limit=20,2,0,0
1784912450743,62,05 GET /api/dashboard/stats,200,OK,Moderate Load - 50 users over 60s 2-30,text,true,,1219,463,21,21,http://localhost:5000/api/dashboard/stats,62,0,0
1784912450744,62,05 GET /api/dashboard/stats,200,OK,Moderate Load - 50 users over 60s 2-34,text,true,,1219,463,21,21,http://localhost:5000/api/dashboard/stats,62,0,0
1784912450741,66,01 POST /api/auth/login,200,OK,Moderate Load - 50 users over 60s 2-28,text,true,,1486,543,21,21,http://localhost:5000/api/auth/login,66,0,0
1784912450764,44,08 GET /api/patients/{id} (record with history),200,OK,Moderate Load - 50 users over 60s 2-17,text,true,,12033,458,21,21,http://localhost:5000/api/patients/3,44,0,0
1784912450841,1,03 GET /assets/index.js (main bundle),200,OK,Moderate Load - 50 users over 60s 2-35,text,true,,233662,459,21,21,http://localhost:5000/assets/index.js,1,0,0
1784912450844,1,06 GET /api/patients (paginated list),200,OK,Moderate Load - 50 users over 60s 2-24,text,true,,10906,472,21,21,http://localhost:5000/api/patients?page=9&limit=20,1,0,0
1784912450849,2,08 GET /api/patients/{id} (record with history),200,OK,Moderate Load - 50 users over 60s 2-21,text,true,,11865,459,21,21,http://localhost:5000/api/patients/27,2,0,0
1784912449329,1523,10 POST /api/ai/pre-appointment/{id},200,OK,Moderate Load - 50 users over 60s 2-22,text,true,,2295,490,21,21,http://localhost:5000/api/ai/pre-appointment/340,1523,0,0
1784912450866,2,08 GET /api/patients/{id} (record with history),200,OK,Moderate Load - 50 users over 60s 2-25,text,true,,11764,459,21,21,http://localhost:5000/api/patients/49,2,0,0
1784912450919,63,01 POST /api/auth/login,200,OK,Moderate Load - 50 users over 60s 2-32,text,true,,1486,543,21,21,http://localhost:5000/api/auth/login,63,0,0
1784912450932,51,06 GET /api/patients (paginated list),200,OK,Moderate Load - 50 users over 60s 2-26,text,true,,10927,473,21,21,http://localhost:5000/api/patients?page=11&limit=20,51,0,0
1784912450981,65,01 POST /api/auth/login,200,OK,Moderate Load - 50 users over 60s 2-36,text,true,,1486,326,21,21,http://localhost:5000/api/auth/login,65,0,0
1784912450934,112,07 GET /api/patients?search= (name search),200,OK,Moderate Load - 50 users over 60s 2-20,text,true,,1161,482,21,21,http://localhost:5000/api/patients?search=wq&page=1&limit=20,112,0,0
1784912450994,54,08 GET /api/patients/{id} (record with history),200,OK,Moderate Load - 50 users over 60s 2-33,text,true,,10593,459,21,21,http://localhost:5000/api/patients/18,54,0,0
1784912450921,128,04 GET /assets/index.css,200,OK,Moderate Load - 50 users over 60s 2-19,text,true,,29024,460,21,21,http://localhost:5000/assets/index.css,128,0,0
1784912451088,2,08 GET /api/patients/{id} (record with history),200,OK,Moderate Load - 50 users over 60s 2-29,text,true,,12028,458,21,21,http://localhost:5000/api/patients/1,2,0,0
1784912451135,1,04 GET /assets/index.css,200,OK,Moderate Load - 50 users over 60s 2-27,text,true,,29024,460,21,21,http://localhost:5000/assets/index.css,1,0,0
1784912451181,2,04 GET /assets/index.css,200,OK,Moderate Load - 50 users over 60s 2-23,text,true,,29024,460,21,21,http://localhost:5000/assets/index.css,2,0,0
1784912451240,1,04 GET /assets/index.css,200,OK,Moderate Load - 50 users over 60s 2-31,text,true,,29024,460,21,21,http://localhost:5000/assets/index.css,1,0,0
1784912451247,5,07 GET /api/patients?search= (name search),200,OK,Moderate Load - 50 users over 60s 2-18,text,true,,1161,482,21,21,http://localhost:5000/api/patients?search=xz&page=1&limit=20,5,0,0
1784912451306,3,06 GET /api/patients (paginated list),200,OK,Moderate Load - 50 users over 60s 2-34,text,true,,10705,473,21,21,http://localhost:5000/api/patients?page=14&limit=20,3,0,0
1784912451307,4,06 GET /api/patients (paginated list),200,OK,Moderate Load - 50 users over 60s 2-30,text,true,,10656,472,21,21,http://localhost:5000/api/patients?page=6&limit=20,3,0,0
1784912451310,2,09 GET /api/appointments (day view),200,OK,Moderate Load - 50 users over 60s 2-17,text,true,,1806,460,21,21,http://localhost:5000/api/appointments,2,0,0
1784912451307,6,02 GET / (index.html),200,OK,Moderate Load - 50 users over 60s 2-28,text,true,,1795,444,21,21,http://localhost:5000/,6,0,0
1784912451345,1,04 GET /assets/index.css,200,OK,Moderate Load - 50 users over 60s 2-35,text,true,,29024,460,21,21,http://localhost:5000/assets/index.css,1,0,0
1784912451346,4,07 GET /api/patients?search= (name search),200,OK,Moderate Load - 50 users over 60s 2-24,text,true,,1161,482,21,21,http://localhost:5000/api/patients?search=ju&page=1&limit=20,4,0,0
1784912451352,2,09 GET /api/appointments (day view),200,OK,Moderate Load - 50 users over 60s 2-21,text,true,,1806,460,21,21,http://localhost:5000/api/appointments,2,0,0
1784912451353,63,01 POST /api/auth/login,200,OK,Moderate Load - 50 users over 60s 2-22,text,true,,1486,543,21,21,http://localhost:5000/api/auth/login,63,0,0
1784912451369,48,09 GET /api/appointments (day view),200,OK,Moderate Load - 50 users over 60s 2-25,text,true,,1806,460,21,21,http://localhost:5000/api/appointments,48,0,0
1784912451483,1,02 GET / (index.html),200,OK,Moderate Load - 50 users over 60s 2-32,text,true,,1795,444,21,21,http://localhost:5000/,1,0,0
1784912451484,5,07 GET /api/patients?search= (name search),200,OK,Moderate Load - 50 users over 60s 2-26,text,true,,1161,482,21,21,http://localhost:5000/api/patients?search=pv&page=1&limit=20,5,0,0
1784912451549,1,09 GET /api/appointments (day view),200,OK,Moderate Load - 50 users over 60s 2-33,text,true,,1806,460,21,21,http://localhost:5000/api/appointments,1,0,0
1784912451549,2,05 GET /api/dashboard/stats,200,OK,Moderate Load - 50 users over 60s 2-19,text,true,,1219,463,21,21,http://localhost:5000/api/dashboard/stats,2,0,0
1784912451547,4,02 GET / (index.html),200,OK,Moderate Load - 50 users over 60s 2-36,text,true,,1795,444,21,21,http://localhost:5000/,4,0,0
1784912451547,9,08 GET /api/patients/{id} (record with history),200,OK,Moderate Load - 50 users over 60s 2-20,text,true,,12331,459,21,21,http://localhost:5000/api/patients/26,9,0,0
1784912451591,1,09 GET /api/appointments (day view),200,OK,Moderate Load - 50 users over 60s 2-29,text,true,,1806,460,21,21,http://localhost:5000/api/appointments,1,0,0
1784912451637,2,05 GET /api/dashboard/stats,200,OK,Moderate Load - 50 users over 60s 2-27,text,true,,1219,463,21,21,http://localhost:5000/api/dashboard/stats,2,0,0
1784912451684,2,05 GET /api/dashboard/stats,200,OK,Moderate Load - 50 users over 60s 2-23,text,true,,1219,463,22,22,http://localhost:5000/api/dashboard/stats,2,0,0
1784912451743,2,05 GET /api/dashboard/stats,200,OK,Moderate Load - 50 users over 60s 2-31,text,true,,1219,463,22,22,http://localhost:5000/api/dashboard/stats,2,0,0
1784912451753,7,08 GET /api/patients/{id} (record with history),200,OK,Moderate Load - 50 users over 60s 2-18,text,true,,12406,459,22,22,http://localhost:5000/api/patients/23,7,0,0
1784912451811,3,07 GET /api/patients?search= (name search),200,OK,Moderate Load - 50 users over 60s 2-30,text,true,,1160,482,22,22,http://localhost:5000/api/patients?search=gx&page=1&limit=20,3,0,0
1784912451815,6,03 GET /assets/index.js (main bundle),200,OK,Moderate Load - 50 users over 60s 2-28,text,true,,233662,459,22,22,http://localhost:5000/assets/index.js,5,0,0
1784912451811,16,07 GET /api/patients?search= (name search),200,OK,Moderate Load - 50 users over 60s 2-34,text,true,,10492,482,22,22,http://localhost:5000/api/patients?search=ah&page=1&limit=20,16,0,0
1784912451847,1,05 GET /api/dashboard/stats,200,OK,Moderate Load - 50 users over 60s 2-35,text,true,,1219,463,22,22,http://localhost:5000/api/dashboard/stats,1,0,0
1784912451852,2,08 GET /api/patients/{id} (record with history),200,OK,Moderate Load - 50 users over 60s 2-24,text,true,,11205,459,22,22,http://localhost:5000/api/patients/50,2,0,0
1784912451854,62,01 POST /api/auth/login,200,OK,Moderate Load - 50 users over 60s 2-21,text,true,,1486,543,22,22,http://localhost:5000/api/auth/login,62,0,0
1784912451917,2,02 GET / (index.html),200,OK,Moderate Load - 50 users over 60s 2-22,text,true,,1795,444,22,22,http://localhost:5000/,2,0,0
1784912451918,62,01 POST /api/auth/login,200,OK,Moderate Load - 50 users over 60s 2-25,text,true,,1486,543,22,22,http://localhost:5000/api/auth/login,62,0,0
1784912451984,3,03 GET /assets/index.js (main bundle),200,OK,Moderate Load - 50 users over 60s 2-32,text,true,,233662,459,22,22,http://localhost:5000/assets/index.js,2,0,0
1784912451990,2,08 GET /api/patients/{id} (record with history),200,OK,Moderate Load - 50 users over 60s 2-26,text,true,,10602,458,22,22,http://localhost:5000/api/patients/9,2,0,0
1784912452051,65,01 POST /api/auth/login,200,OK,Moderate Load - 50 users over 60s 2-33,text,true,,1486,543,22,22,http://localhost:5000/api/auth/login,65,0,0
1784912452056,61,09 GET /api/appointments (day view),200,OK,Moderate Load - 50 users over 60s 2-20,text,true,,1806,460,22,22,http://localhost:5000/api/appointments,61,0,0
1784912452052,68,06 GET /api/patients (paginated list),200,OK,Moderate Load - 50 users over 60s 2-19,text,true,,10721,473,22,22,http://localhost:5000/api/patients?page=29&limit=20,68,0,0
1784912452095,87,01 POST /api/auth/login,200,OK,Moderate Load - 50 users over 60s 2-29,text,true,,1486,543,22,22,http://localhost:5000/api/auth/login,87,0,0
1784912452142,42,06 GET /api/patients (paginated list),200,OK,Moderate Load - 50 users over 60s 2-27,text,true,,10874,473,22,22,http://localhost:5000/api/patients?page=30&limit=20,42,0,0
1784912452052,133,03 GET /assets/index.js (main bundle),200,OK,Moderate Load - 50 users over 60s 2-36,text,true,,233662,459,22,22,http://localhost:5000/assets/index.js,69,0,0
1784912452176,70,01 POST /api/auth/login,200,OK,Moderate Load - 50 users over 60s 2-37,text,true,,1486,326,22,22,http://localhost:5000/api/auth/login,70,0,1
1784912452192,56,06 GET /api/patients (paginated list),200,OK,Moderate Load - 50 users over 60s 2-23,text,true,,10736,473,22,22,http://localhost:5000/api/patients?page=20&limit=20,56,0,0
1784912452254,2,06 GET /api/patients (paginated list),200,OK,Moderate Load - 50 users over 60s 2-31,text,true,,10625,473,22,22,http://localhost:5000/api/patients?page=37&limit=20,2,0,0
1784912452270,1,09 GET /api/appointments (day view),200,OK,Moderate Load - 50 users over 60s 2-18,text,true,,1806,460,22,22,http://localhost:5000/api/appointments,1,0,0
1784912452316,2,08 GET /api/patients/{id} (record with history),200,OK,Moderate Load - 50 users over 60s 2-30,text,true,,11258,459,21,21,http://localhost:5000/api/patients/19,2,0,0
1784912452331,3,08 GET /api/patients/{id} (record with history),200,OK,Moderate Load - 50 users over 60s 2-34,text,true,,11156,458,21,21,http://localhost:5000/api/patients/7,3,0,0
1784912452331,4,04 GET /assets/index.css,200,OK,Moderate Load - 50 users over 60s 2-28,text,true,,29024,460,21,21,http://localhost:5000/assets/index.css,4,0,0
1784912452363,2,06 GET /api/patients (paginated list),200,OK,Moderate Load - 50 users over 60s 2-35,text,true,,10480,472,21,21,http://localhost:5000/api/patients?page=2&limit=20,2,0,0
1784912452363,3,09 GET /api/appointments (day view),200,OK,Moderate Load - 50 users over 60s 2-24,text,true,,1806,460,21,21,http://localhost:5000/api/appointments,3,0,0
1784912452424,1,02 GET / (index.html),200,OK,Moderate Load - 50 users over 60s 2-21,text,true,,1795,444,21,21,http://localhost:5000/,1,0,0
1784912452424,2,03 GET /assets/index.js (main bundle),200,OK,Moderate Load - 50 users over 60s 2-22,text,true,,233662,459,21,21,http://localhost:5000/assets/index.js,2,0,0
1784912452486,2,02 GET / (index.html),200,OK,Moderate Load - 50 users over 60s 2-25,text,true,,1795,444,21,21,http://localhost:5000/,2,0,0
1784912452501,3,09 GET /api/appointments (day view),200,OK,Moderate Load - 50 users over 60s 2-26,text,true,,1806,460,21,21,http://localhost:5000/api/appointments,3,0,0
1784912452501,4,04 GET /assets/index.css,200,OK,Moderate Load - 50 users over 60s 2-32,text,true,,29024,460,21,21,http://localhost:5000/assets/index.css,4,0,0
1784912452626,64,01 POST /api/auth/login,200,OK,Moderate Load - 50 users over 60s 2-20,text,true,,1486,543,21,21,http://localhost:5000/api/auth/login,64,0,0
1784912452626,65,02 GET / (index.html),200,OK,Moderate Load - 50 users over 60s 2-33,text,true,,1795,444,21,21,http://localhost:5000/,65,0,0
1784912452626,65,07 GET /api/patients?search= (name search),200,OK,Moderate Load - 50 users over 60s 2-19,text,true,,1161,482,21,21,http://localhost:5000/api/patients?search=sh&page=1&limit=20,65,0,0
1784912452689,5,02 GET / (index.html),200,OK,Moderate Load - 50 users over 60s 2-29,text,true,,1795,444,21,21,http://localhost:5000/,5,0,0
1784912452689,6,04 GET /assets/index.css,200,OK,Moderate Load - 50 users over 60s 2-36,text,true,,29024,460,21,21,http://localhost:5000/assets/index.css,6,0,0
1784912452689,8,07 GET /api/patients?search= (name search),200,OK,Moderate Load - 50 users over 60s 2-27,text,true,,1161,482,21,21,http://localhost:5000/api/patients?search=ht&page=1&limit=20,8,0,0
1784912452751,2,02 GET / (index.html),200,OK,Moderate Load - 50 users over 60s 2-37,text,true,,1795,444,21,21,http://localhost:5000/,2,0,0
1784912452751,14,07 GET /api/patients?search= (name search),200,OK,Moderate Load - 50 users over 60s 2-23,text,true,,10605,482,21,21,http://localhost:5000/api/patients?search=ka&page=1&limit=20,14,0,0
1784912452767,5,07 GET /api/patients?search= (name search),200,OK,Moderate Load - 50 users over 60s 2-31,text,true,,1161,482,21,21,http://localhost:5000/api/patients?search=st&page=1&limit=20,5,0,0
1784912452828,1,09 GET /api/appointments (day view),200,OK,Moderate Load - 50 users over 60s 2-30,text,true,,1806,460,21,21,http://localhost:5000/api/appointments,1,0,0
1784912452844,2,09 GET /api/appointments (day view),200,OK,Moderate Load - 50 users over 60s 2-34,text,true,,1806,460,21,21,http://localhost:5000/api/appointments,2,0,0
1784912452844,3,05 GET /api/dashboard/stats,200,OK,Moderate Load - 50 users over 60s 2-28,text,true,,1219,463,21,21,http://localhost:5000/api/dashboard/stats,3,0,0
1784912452874,62,01 POST /api/auth/login,200,OK,Moderate Load - 50 users over 60s 2-24,text,true,,1486,543,22,22,http://localhost:5000/api/auth/login,62,0,0
1784912452874,65,07 GET /api/patients?search= (name search),200,OK,Moderate Load - 50 users over 60s 2-35,text,true,,1161,482,22,22,http://localhost:5000/api/patients?search=ry&page=1&limit=20,65,0,0
1784912452937,3,04 GET /assets/index.css,200,OK,Moderate Load - 50 users over 60s 2-22,text,true,,29024,460,22,22,http://localhost:5000/assets/index.css,3,0,0
1784912452937,4,03 GET /assets/index.js (main bundle),200,OK,Moderate Load - 50 users over 60s 2-21,text,true,,233662,459,22,22,http://localhost:5000/assets/index.js,3,0,0
1784912452999,2,03 GET /assets/index.js (main bundle),200,OK,Moderate Load - 50 users over 60s 2-25,text,true,,233662,459,22,22,http://localhost:5000/assets/index.js,1,0,0
1784912453014,2,05 GET /api/dashboard/stats,200,OK,Moderate Load - 50 users over 60s 2-32,text,true,,1219,463,22,22,http://localhost:5000/api/dashboard/stats,2,0,0
1784912453014,63,01 POST /api/auth/login,200,OK,Moderate Load - 50 users over 60s 2-26,text,true,,1486,543,22,22,http://localhost:5000/api/auth/login,63,0,0
1784912453201,2,08 GET /api/patients/{id} (record with history),200,OK,Moderate Load - 50 users over 60s 2-19,text,true,,11218,459,22,22,http://localhost:5000/api/patients/30,2,0,0
1784912453201,4,08 GET /api/patients/{id} (record with history),200,OK,Moderate Load - 50 users over 60s 2-27,text,true,,11220,459,22,22,http://localhost:5000/api/patients/45,4,0,0
1784912453201,5,05 GET /api/dashboard/stats,200,OK,Moderate Load - 50 users over 60s 2-36,text,true,,1219,463,22,22,http://localhost:5000/api/dashboard/stats,5,0,0
1784912453201,6,02 GET / (index.html),200,OK,Moderate Load - 50 users over 60s 2-20,text,true,,1795,444,22,22,http://localhost:5000/,6,0,0
1784912453201,7,03 GET /assets/index.js (main bundle),200,OK,Moderate Load - 50 users over 60s 2-29,text,true,,233662,459,22,22,http://localhost:5000/assets/index.js,6,0,0
1784912453201,7,03 GET /assets/index.js (main bundle),200,OK,Moderate Load - 50 users over 60s 2-33,text,true,,233662,459,22,22,http://localhost:5000/assets/index.js,6,0,0
1784912453254,3,03 GET /assets/index.js (main bundle),200,OK,Moderate Load - 50 users over 60s 2-37,text,true,,233662,459,22,22,http://localhost:5000/assets/index.js,3,0,0
1784912453266,2,08 GET /api/patients/{id} (record with history),200,OK,Moderate Load - 50 users over 60s 2-23,text,true,,12447,459,22,22,http://localhost:5000/api/patients/17,2,0,0
1784912453273,2,08 GET /api/patients/{id} (record with history),200,OK,Moderate Load - 50 users over 60s 2-31,text,true,,11258,459,22,22,http://localhost:5000/api/patients/19,2,0,0
1784912451815,1491,10 POST /api/ai/pre-appointment/{id},200,OK,Moderate Load - 50 users over 60s 2-17,text,true,,2384,490,22,22,http://localhost:5000/api/ai/pre-appointment/120,1491,0,0
1784912453348,2,06 GET /api/patients (paginated list),200,OK,Moderate Load - 50 users over 60s 2-28,text,true,,10656,473,21,21,http://localhost:5000/api/patients?page=33&limit=20,2,0,0
1784912453347,62,01 POST /api/auth/login,200,OK,Moderate Load - 50 users over 60s 2-34,text,true,,1486,543,21,21,http://localhost:5000/api/auth/login,62,0,0
1784912453372,98,01 POST /api/auth/login,200,OK,Moderate Load - 50 users over 60s 2-38,text,true,,1486,326,21,21,http://localhost:5000/api/auth/login,97,0,1
1784912453449,21,05 GET /api/dashboard/stats,200,OK,Moderate Load - 50 users over 60s 2-22,text,true,,1219,463,21,21,http://localhost:5000/api/dashboard/stats,21,0,0
1784912453449,23,08 GET /api/patients/{id} (record with history),200,OK,Moderate Load - 50 users over 60s 2-35,text,true,,10664,459,21,21,http://localhost:5000/api/patients/44,23,0,0
1784912453449,24,02 GET / (index.html),200,OK,Moderate Load - 50 users over 60s 2-24,text,true,,1795,444,21,21,http://localhost:5000/,24,0,0
1784912453449,24,04 GET /assets/index.css,200,OK,Moderate Load - 50 users over 60s 2-21,text,true,,29024,460,21,21,http://localhost:5000/assets/index.css,24,0,0
1784912453512,2,04 GET /assets/index.css,200,OK,Moderate Load - 50 users over 60s 2-25,text,true,,29024,460,21,21,http://localhost:5000/assets/index.css,2,0,0
1784912453527,3,06 GET /api/patients (paginated list),200,OK,Moderate Load - 50 users over 60s 2-32,text,true,,10480,472,21,21,http://localhost:5000/api/patients?page=2&limit=20,3,0,0
1784912453588,2,02 GET / (index.html),200,OK,Moderate Load - 50 users over 60s 2-26,text,true,,1795,444,21,21,http://localhost:5000/,2,0,0
1784912453713,2,09 GET /api/appointments (day view),200,OK,Moderate Load - 50 users over 60s 2-27,text,true,,1806,460,21,21,http://localhost:5000/api/appointments,2,0,0
1784912453713,4,09 GET /api/appointments (day view),200,OK,Moderate Load - 50 users over 60s 2-19,text,true,,1806,460,21,21,http://localhost:5000/api/appointments,4,0,0
1784912453713,5,04 GET /assets/index.css,200,OK,Moderate Load - 50 users over 60s 2-33,text,true,,29024,460,20,20,http://localhost:5000/assets/index.css,5,0,0
1784912453713,6,04 GET /assets/index.css,200,OK,Moderate Load - 50 users over 60s 2-29,text,true,,29024,460,20,20,http://localhost:5000/assets/index.css,6,0,0
1784912453713,6,03 GET /assets/index.js (main bundle),200,OK,Moderate Load - 50 users over 60s 2-20,text,true,,233662,459,20,20,http://localhost:5000/assets/index.js,6,0,0
1784912453713,24,06 GET /api/patients (paginated list),200,OK,Moderate Load - 50 users over 60s 2-36,text,true,,10835,473,20,20,http://localhost:5000/api/patients?page=28&limit=20,24,0,0
1784912453759,2,04 GET /assets/index.css,200,OK,Moderate Load - 50 users over 60s 2-37,text,true,,29024,460,20,20,http://localhost:5000/assets/index.css,2,0,0
1784912453775,2,09 GET /api/appointments (day view),200,OK,Moderate Load - 50 users over 60s 2-23,text,true,,1806,460,20,20,http://localhost:5000/api/appointments,2,0,0
1784912453790,2,09 GET /api/appointments (day view),200,OK,Moderate Load - 50 users over 60s 2-31,text,true,,1806,460,20,20,http://localhost:5000/api/appointments,2,0,0
1784912453852,5,07 GET /api/patients?search= (name search),200,OK,Moderate Load - 50 users over 60s 2-28,text,true,,1161,482,20,20,http://localhost:5000/api/patients?search=bk&page=1&limit=20,5,0,0
1784912453914,2,02 GET / (index.html),200,OK,Moderate Load - 50 users over 60s 2-34,text,true,,1795,444,20,20,http://localhost:5000/,2,0,0
1784912453976,1,09 GET /api/appointments (day view),200,OK,Moderate Load - 50 users over 60s 2-35,text,true,,1806,460,20,20,http://localhost:5000/api/appointments,1,0,0
1784912453976,3,06 GET /api/patients (paginated list),200,OK,Moderate Load - 50 users over 60s 2-22,text,true,,10819,473,20,20,http://localhost:5000/api/patients?page=46&limit=20,3,0,0
1784912453976,5,05 GET /api/dashboard/stats,200,OK,Moderate Load - 50 users over 60s 2-21,text,true,,1219,463,20,20,http://localhost:5000/api/dashboard/stats,5,0,0
1784912453976,5,02 GET / (index.html),200,OK,Moderate Load - 50 users over 60s 2-38,text,true,,1795,444,20,20,http://localhost:5000/,5,0,0
1784912453976,6,03 GET /assets/index.js (main bundle),200,OK,Moderate Load - 50 users over 60s 2-24,text,true,,233662,459,20,20,http://localhost:5000/assets/index.js,6,0,0
1784912454022,2,05 GET /api/dashboard/stats,200,OK,Moderate Load - 50 users over 60s 2-25,text,true,,1219,463,20,20,http://localhost:5000/api/dashboard/stats,2,0,0
1784912454037,23,07 GET /api/patients?search= (name search),200,OK,Moderate Load - 50 users over 60s 2-32,text,true,,10663,482,20,20,http://localhost:5000/api/patients?search=be&page=1&limit=20,23,0,0
1784912454099,2,03 GET /assets/index.js (main bundle),200,OK,Moderate Load - 50 users over 60s 2-26,text,true,,233662,459,21,21,http://localhost:5000/assets/index.js,2,0,0
1784912454223,1,05 GET /api/dashboard/stats,200,OK,Moderate Load - 50 users over 60s 2-29,text,true,,1219,463,21,21,http://localhost:5000/api/dashboard/stats,1,0,0
1784912454223,2,05 GET /api/dashboard/stats,200,OK,Moderate Load - 50 users over 60s 2-33,text,true,,1219,463,21,21,http://localhost:5000/api/dashboard/stats,2,0,0
1784912454223,64,01 POST /api/auth/login,200,OK,Moderate Load - 50 users over 60s 2-27,text,true,,1486,543,21,21,http://localhost:5000/api/auth/login,64,0,0
1784912454223,65,04 GET /assets/index.css,200,OK,Moderate Load - 50 users over 60s 2-20,text,true,,29024,460,21,21,http://localhost:5000/assets/index.css,65,0,0
1784912454261,29,05 GET /api/dashboard/stats,200,OK,Moderate Load - 50 users over 60s 2-37,text,true,,1219,463,21,21,http://localhost:5000/api/dashboard/stats,29,0,0
1784912454238,113,07 GET /api/patients?search= (name search),200,OK,Moderate Load - 50 users over 60s 2-36,text,true,,1161,482,21,21,http://localhost:5000/api/patients?search=kz&page=1&limit=20,113,0,0
1784912454276,76,01 POST /api/auth/login,200,OK,Moderate Load - 50 users over 60s 2-23,text,true,,1486,543,21,21,http://localhost:5000/api/auth/login,76,0,0
1784912454291,120,01 POST /api/auth/login,200,OK,Moderate Load - 50 users over 60s 2-31,text,true,,1486,543,21,21,http://localhost:5000/api/auth/login,120,0,0
1784912454356,56,08 GET /api/patients/{id} (record with history),200,OK,Moderate Load - 50 users over 60s 2-28,text,true,,8743,458,21,21,http://localhost:5000/api/patients/4,56,0,0
1784912454416,2,03 GET /assets/index.js (main bundle),200,OK,Moderate Load - 50 users over 60s 2-34,text,true,,233662,459,21,21,http://localhost:5000/assets/index.js,2,0,0
1784912454478,60,01 POST /api/auth/login,200,OK,Moderate Load - 50 users over 60s 2-35,text,true,,1486,543,21,21,http://localhost:5000/api/auth/login,60,0,0
1784912454481,60,06 GET /api/patients (paginated list),200,OK,Moderate Load - 50 users over 60s 2-21,text,true,,10585,472,21,21,http://localhost:5000/api/patients?page=3&limit=20,60,0,0
1784912454525,18,06 GET /api/patients (paginated list),200,OK,Moderate Load - 50 users over 60s 2-25,text,true,,10642,473,21,21,http://localhost:5000/api/patients?page=22&limit=20,18,0,0
1784912454481,64,07 GET /api/patients?search= (name search),200,OK,Moderate Load - 50 users over 60s 2-22,text,true,,1161,482,21,21,http://localhost:5000/api/patients?search=hj&page=1&limit=20,64,0,0
1784912454483,63,04 GET /assets/index.css,200,OK,Moderate Load - 50 users over 60s 2-24,text,true,,29024,460,21,21,http://localhost:5000/assets/index.css,63,0,0
1784912454483,64,03 GET /assets/index.js (main bundle),200,OK,Moderate Load - 50 users over 60s 2-38,text,true,,233662,459,21,21,http://localhost:5000/assets/index.js,63,0,0
1784912454561,2,08 GET /api/patients/{id} (record with history),200,OK,Moderate Load - 50 users over 60s 2-32,text,true,,10579,459,21,21,http://localhost:5000/api/patients/38,2,0,0
1784912454565,62,01 POST /api/auth/login,200,OK,Moderate Load - 50 users over 60s 2-39,text,true,,1486,326,21,21,http://localhost:5000/api/auth/login,62,0,1
1784912454612,16,04 GET /assets/index.css,200,OK,Moderate Load - 50 users over 60s 2-26,text,true,,29024,460,21,21,http://localhost:5000/assets/index.css,16,0,0
1784912453330,1325,10 POST /api/ai/pre-appointment/{id},200,OK,Moderate Load - 50 users over 60s 2-30,text,true,,2275,490,21,21,http://localhost:5000/api/ai/pre-appointment/421,1325,0,0
1784912454735,2,06 GET /api/patients (paginated list),200,OK,Moderate Load - 50 users over 60s 2-33,text,true,,10720,473,21,21,http://localhost:5000/api/patients?page=29&limit=20,2,0,0
1784912454735,3,06 GET /api/patients (paginated list),200,OK,Moderate Load - 50 users over 60s 2-29,text,true,,10903,473,21,21,http://localhost:5000/api/patients?page=48&limit=20,3,0,0
1784912454797,2,05 GET /api/dashboard/stats,200,OK,Moderate Load - 50 users over 60s 2-20,text,true,,1219,463,21,21,http://localhost:5000/api/dashboard/stats,2,0,0
1784912454797,3,06 GET /api/patients (paginated list),200,OK,Moderate Load - 50 users over 60s 2-37,text,true,,10753,473,21,21,http://localhost:5000/api/patients?page=26&limit=20,3,0,0
1784912454797,5,02 GET / (index.html),200,OK,Moderate Load - 50 users over 60s 2-27,text,true,,1795,444,21,21,http://localhost:5000/,5,0,0
1784912454859,2,08 GET /api/patients/{id} (record with history),200,OK,Moderate Load - 50 users over 60s 2-36,text,true,,11218,459,21,21,http://localhost:5000/api/patients/30,2,0,0
1784912454859,4,02 GET / (index.html),200,OK,Moderate Load - 50 users over 60s 2-23,text,true,,1795,444,21,21,http://localhost:5000/,4,0,0
1784912454922,2,09 GET /api/appointments (day view),200,OK,Moderate Load - 50 users over 60s 2-28,text,true,,1806,460,21,21,http://localhost:5000/api/appointments,2,0,0
1784912454922,2,04 GET /assets/index.css,200,OK,Moderate Load - 50 users over 60s 2-34,text,true,,29024,460,21,21,http://localhost:5000/assets/index.css,2,0,0
1784912454922,3,02 GET / (index.html),200,OK,Moderate Load - 50 users over 60s 2-31,text,true,,1795,444,21,21,http://localhost:5000/,3,0,0
1784912455045,3,08 GET /api/patients/{id} (record with history),200,OK,Moderate Load - 50 users over 60s 2-22,text,true,,12033,458,21,21,http://localhost:5000/api/patients/3,3,0,0
1784912455045,6,02 GET / (index.html),200,OK,Moderate Load - 50 users over 60s 2-35,text,true,,1795,444,21,21,http://localhost:5000/,6,0,0
1784912455045,7,07 GET /api/patients?search= (name search),200,OK,Moderate Load - 50 users over 60s 2-21,text,true,,1161,482,21,21,http://localhost:5000/api/patients?search=qj&page=1&limit=20,7,0,0
1784912455045,7,07 GET /api/patients?search= (name search),200,OK,Moderate Load - 50 users over 60s 2-25,text,true,,1161,482,21,21,http://localhost:5000/api/patients?search=hb&page=1&limit=20,7,0,0
1784912455061,1,05 GET /api/dashboard/stats,200,OK,Moderate Load - 50 users over 60s 2-24,text,true,,1219,463,21,21,http://localhost:5000/api/dashboard/stats,1,0,0
1784912455061,2,04 GET /assets/index.css,200,OK,Moderate Load - 50 users over 60s 2-38,text,true,,29024,460,21,21,http://localhost:5000/assets/index.css,2,0,0
1784912455076,2,09 GET /api/appointments (day view),200,OK,Moderate Load - 50 users over 60s 2-32,text,true,,1806,460,21,21,http://localhost:5000/api/appointments,2,0,0
1784912455139,2,05 GET /api/dashboard/stats,200,OK,Moderate Load - 50 users over 60s 2-26,text,true,,1219,463,21,21,http://localhost:5000/api/dashboard/stats,2,0,0
1784912455139,3,02 GET / (index.html),200,OK,Moderate Load - 50 users over 60s 2-39,text,true,,1795,444,21,21,http://localhost:5000/,3,0,0
1784912455156,63,01 POST /api/auth/login,200,OK,Moderate Load - 50 users over 60s 2-30,text,true,,1486,543,21,21,http://localhost:5000/api/auth/login,63,0,0
1784912455247,2,07 GET /api/patients?search= (name search),200,OK,Moderate Load - 50 users over 60s 2-29,text,true,,1160,482,21,21,http://localhost:5000/api/patients?search=oj&page=1&limit=20,2,0,0
1784912455247,6,07 GET /api/patients?search= (name search),200,OK,Moderate Load - 50 users over 60s 2-33,text,true,,1161,482,21,21,http://localhost:5000/api/patients?search=kj&page=1&limit=20,6,0,0
1784912455300,2,06 GET /api/patients (paginated list),200,OK,Moderate Load - 50 users over 60s 2-20,text,true,,10834,473,22,22,http://localhost:5000/api/patients?page=28&limit=20,2,0,0
1784912455303,3,03 GET /assets/index.js (main bundle),200,OK,Moderate Load - 50 users over 60s 2-27,text,true,,233662,459,22,22,http://localhost:5000/assets/index.js,2,0,0
1784912455303,4,07 GET /api/patients?search= (name search),200,OK,Moderate Load - 50 users over 60s 2-37,text,true,,1161,482,22,22,http://localhost:5000/api/patients?search=cj&page=1&limit=20,4,0,0
1784912455362,2,09 GET /api/appointments (day view),200,OK,Moderate Load - 50 users over 60s 2-36,text,true,,1806,460,22,22,http://localhost:5000/api/appointments,2,0,0
1784912455363,2,03 GET /assets/index.js (main bundle),200,OK,Moderate Load - 50 users over 60s 2-23,text,true,,233662,459,22,22,http://localhost:5000/assets/index.js,1,0,0
1784912455426,1,05 GET /api/dashboard/stats,200,OK,Moderate Load - 50 users over 60s 2-34,text,true,,1219,463,22,22,http://localhost:5000/api/dashboard/stats,1,0,0
1784912455426,62,01 POST /api/auth/login,200,OK,Moderate Load - 50 users over 60s 2-28,text,true,,1486,543,22,22,http://localhost:5000/api/auth/login,62,0,0
1784912455425,63,03 GET /assets/index.js (main bundle),200,OK,Moderate Load - 50 users over 60s 2-31,text,true,,233662,459,22,22,http://localhost:5000/assets/index.js,4,0,0
1784912455550,1,09 GET /api/appointments (day view),200,OK,Moderate Load - 50 users over 60s 2-22,text,true,,1806,460,22,22,http://localhost:5000/api/appointments,1,0,0
1784912455553,2,08 GET /api/patients/{id} (record with history),200,OK,Moderate Load - 50 users over 60s 2-25,text,true,,10022,459,22,22,http://localhost:5000/api/patients/25,2,0,0
1784912455554,3,08 GET /api/patients/{id} (record with history),200,OK,Moderate Load - 50 users over 60s 2-21,text,true,,12602,458,22,22,http://localhost:5000/api/patients/2,3,0,0
1784912455552,6,03 GET /assets/index.js (main bundle),200,OK,Moderate Load - 50 users over 60s 2-35,text,true,,233662,459,22,22,http://localhost:5000/assets/index.js,4,0,0
1784912455565,2,05 GET /api/dashboard/stats,200,OK,Moderate Load - 50 users over 60s 2-38,text,true,,1219,463,22,22,http://localhost:5000/api/dashboard/stats,2,0,0
1784912455579,64,01 POST /api/auth/login,200,OK,Moderate Load - 50 users over 60s 2-32,text,true,,1486,543,22,22,http://localhost:5000/api/auth/login,64,0,0
1784912455642,6,06 GET /api/patients (paginated list),200,OK,Moderate Load - 50 users over 60s 2-26,text,true,,10903,473,22,22,http://localhost:5000/api/patients?page=48&limit=20,6,0,0
1784912455566,84,06 GET /api/patients (paginated list),200,OK,Moderate Load - 50 users over 60s 2-24,text,true,,10536,473,22,22,http://localhost:5000/api/patients?page=18&limit=20,84,0,0
1784912455642,9,03 GET /assets/index.js (main bundle),200,OK,Moderate Load - 50 users over 60s 2-39,text,true,,233662,459,22,22,http://localhost:5000/assets/index.js,9,0,0
1784912455722,1,02 GET / (index.html),200,OK,Moderate Load - 50 users over 60s 2-30,text,true,,1795,444,22,22,http://localhost:5000/,1,0,0
1784912455750,2,08 GET /api/patients/{id} (record with history),200,OK,Moderate Load - 50 users over 60s 2-29,text,true,,10022,459,22,22,http://localhost:5000/api/patients/25,2,0,0
1784912455754,2,08 GET /api/patients/{id} (record with history),200,OK,Moderate Load - 50 users over 60s 2-33,text,true,,11224,459,22,22,http://localhost:5000/api/patients/33,2,0,0
1784912455776,62,01 POST /api/auth/login,200,OK,Moderate Load - 50 users over 60s 2-40,text,true,,1486,326,22,22,http://localhost:5000/api/auth/login,62,0,1
1784912455803,40,07 GET /api/patients?search= (name search),200,OK,Moderate Load - 50 users over 60s 2-20,text,true,,1161,482,22,22,http://localhost:5000/api/patients?search=tc&page=1&limit=20,40,0,0
1784912455808,36,04 GET /assets/index.css,200,OK,Moderate Load - 50 users over 60s 2-27,text,true,,29024,460,22,22,http://localhost:5000/assets/index.css,36,0,0
1784912455823,24,08 GET /api/patients/{id} (record with history),200,OK,Moderate Load - 50 users over 60s 2-37,text,true,,12043,458,22,22,http://localhost:5000/api/patients/6,24,0,0
1784912455870,59,01 POST /api/auth/login,200,OK,Moderate Load - 50 users over 60s 2-36,text,true,,1486,543,22,22,http://localhost:5000/api/auth/login,59,0,0
1784912455870,59,04 GET /assets/index.css,200,OK,Moderate Load - 50 users over 60s 2-23,text,true,,29024,460,22,22,http://localhost:5000/assets/index.css,59,0,0
1784912455932,2,06 GET /api/patients (paginated list),200,OK,Moderate Load - 50 users over 60s 2-34,text,true,,10903,473,22,22,http://localhost:5000/api/patients?page=48&limit=20,2,0,0
1784912455994,1,02 GET / (index.html),200,OK,Moderate Load - 50 users over 60s 2-28,text,true,,1795,444,22,22,http://localhost:5000/,1,0,0
1784912455994,1,04 GET /assets/index.css,200,OK,Moderate Load - 50 users over 60s 2-31,text,true,,29024,460,22,22,http://localhost:5000/assets/index.css,1,0,0
1784912456054,65,01 POST /api/auth/login,200,OK,Moderate Load - 50 users over 60s 2-22,text,true,,1486,543,22,22,http://localhost:5000/api/auth/login,65,0,0
1784912456069,52,06 GET /api/patients (paginated list),200,OK,Moderate Load - 50 users over 60s 2-38,text,true,,10874,473,22,22,http://localhost:5000/api/patients?page=30&limit=20,52,0,0
1784912456069,53,09 GET /api/appointments (day view),200,OK,Moderate Load - 50 users over 60s 2-21,text,true,,1806,460,22,22,http://localhost:5000/api/appointments,53,0,0
1784912456069,55,09 GET /api/appointments (day view),200,OK,Moderate Load - 50 users over 60s 2-25,text,true,,1806,460,22,22,http://localhost:5000/api/appointments,55,0,0
1784912456069,56,04 GET /assets/index.css,200,OK,Moderate Load - 50 users over 60s 2-35,text,true,,29024,460,22,22,http://localhost:5000/assets/index.css,56,0,0
1784912456147,2,02 GET / (index.html),200,OK,Moderate Load - 50 users over 60s 2-32,text,true,,1795,444,22,22,http://localhost:5000/,2,0,0
1784912456162,3,07 GET /api/patients?search= (name search),200,OK,Moderate Load - 50 users over 60s 2-26,text,true,,1160,482,22,22,http://localhost:5000/api/patients?search=hb&page=1&limit=20,3,0,0
1784912456162,5,04 GET /assets/index.css,200,OK,Moderate Load - 50 users over 60s 2-39,text,true,,29024,460,22,22,http://localhost:5000/assets/index.css,5,0,0
1784912456162,7,07 GET /api/patients?search= (name search),200,OK,Moderate Load - 50 users over 60s 2-24,text,true,,1161,482,22,22,http://localhost:5000/api/patients?search=if&page=1&limit=20,7,0,0
1784912456225,2,03 GET /assets/index.js (main bundle),200,OK,Moderate Load - 50 users over 60s 2-30,text,true,,233662,459,22,22,http://localhost:5000/assets/index.js,1,0,0
1784912456252,2,09 GET /api/appointments (day view),200,OK,Moderate Load - 50 users over 60s 2-29,text,true,,1806,460,22,22,http://localhost:5000/api/appointments,2,0,0
1784912456256,2,09 GET /api/appointments (day view),200,OK,Moderate Load - 50 users over 60s 2-33,text,true,,1806,460,22,22,http://localhost:5000/api/appointments,2,0,0
1784912456339,2,02 GET / (index.html),200,OK,Moderate Load - 50 users over 60s 2-40,text,true,,1795,444,22,22,http://localhost:5000/,2,0,0
1784912456344,2,08 GET /api/patients/{id} (record with history),200,OK,Moderate Load - 50 users over 60s 2-20,text,true,,11165,458,22,22,http://localhost:5000/api/patients/8,2,0,0
1784912456346,1,05 GET /api/dashboard/stats,200,OK,Moderate Load - 50 users over 60s 2-27,text,true,,1219,463,22,22,http://localhost:5000/api/dashboard/stats,1,0,0
1784912456349,1,09 GET /api/appointments (day view),200,OK,Moderate Load - 50 users over 60s 2-37,text,true,,1806,460,22,22,http://localhost:5000/api/appointments,1,0,0
1784912456432,1,05 GET /api/dashboard/stats,200,OK,Moderate Load - 50 users over 60s 2-23,text,true,,1219,463,22,22,http://localhost:5000/api/dashboard/stats,1,0,0
1784912456432,2,02 GET / (index.html),200,OK,Moderate Load - 50 users over 60s 2-36,text,true,,1795,444,22,22,http://localhost:5000/,2,0,0
1784912456435,4,07 GET /api/patients?search= (name search),200,OK,Moderate Load - 50 users over 60s 2-34,text,true,,1161,482,22,22,http://localhost:5000/api/patients?search=qs&page=1&limit=20,4,0,0
1784912456495,2,05 GET /api/dashboard/stats,200,OK,Moderate Load - 50 users over 60s 2-31,text,true,,1219,463,23,23,http://localhost:5000/api/dashboard/stats,2,0,0
1784912456496,3,03 GET /assets/index.js (main bundle),200,OK,Moderate Load - 50 users over 60s 2-28,text,true,,233662,459,23,23,http://localhost:5000/assets/index.js,2,0,0
1784912456619,2,02 GET / (index.html),200,OK,Moderate Load - 50 users over 60s 2-22,text,true,,1795,444,23,23,http://localhost:5000/,2,0,0
1784912456621,6,07 GET /api/patients?search= (name search),200,OK,Moderate Load - 50 users over 60s 2-38,text,true,,1161,482,23,23,http://localhost:5000/api/patients?search=dz&page=1&limit=20,6,0,0
1784912456626,62,05 GET /api/dashboard/stats,200,OK,Moderate Load - 50 users over 60s 2-35,text,true,,1219,463,23,23,http://localhost:5000/api/dashboard/stats,62,0,0
1784912456624,64,01 POST /api/auth/login,200,OK,Moderate Load - 50 users over 60s 2-25,text,true,,1486,543,23,23,http://localhost:5000/api/auth/login,64,0,0
1784912456666,25,08 GET /api/patients/{id} (record with history),200,OK,Moderate Load - 50 users over 60s 2-26,text,true,,10582,459,23,23,http://localhost:5000/api/patients/36,25,0,0
1784912456668,24,05 GET /api/dashboard/stats,200,OK,Moderate Load - 50 users over 60s 2-39,text,true,,1219,463,23,23,http://localhost:5000/api/dashboard/stats,24,0,0
1784912456670,24,08 GET /api/patients/{id} (record with history),200,OK,Moderate Load - 50 users over 60s 2-24,text,true,,12437,459,23,23,http://localhost:5000/api/patients/31,24,0,0
1784912456649,48,03 GET /assets/index.js (main bundle),200,OK,Moderate Load - 50 users over 60s 2-32,text,true,,233662,459,23,23,http://localhost:5000/assets/index.js,46,0,0
1784912456727,2,04 GET /assets/index.css,200,OK,Moderate Load - 50 users over 60s 2-30,text,true,,29024,460,23,23,http://localhost:5000/assets/index.css,2,0,0
1784912456755,60,01 POST /api/auth/login,200,OK,Moderate Load - 50 users over 60s 2-29,text,true,,1486,543,23,23,http://localhost:5000/api/auth/login,60,0,0
1784912456759,118,01 POST /api/auth/login,200,OK,Moderate Load - 50 users over 60s 2-33,text,true,,1486,543,23,23,http://localhost:5000/api/auth/login,118,0,0
1784912456846,32,09 GET /api/appointments (day view),200,OK,Moderate Load - 50 users over 60s 2-20,text,true,,1806,460,23,23,http://localhost:5000/api/appointments,32,0,0
1784912456849,31,06 GET /api/patients (paginated list),200,OK,Moderate Load - 50 users over 60s 2-27,text,true,,10805,473,22,22,http://localhost:5000/api/patients?page=12&limit=20,31,0,0
1784912456851,90,01 POST /api/auth/login,200,OK,Moderate Load - 50 users over 60s 2-37,text,true,,1486,543,22,22,http://localhost:5000/api/auth/login,90,0,0
1784912456934,10,06 GET /api/patients (paginated list),200,OK,Moderate Load - 50 users over 60s 2-23,text,true,,10639,473,22,22,http://localhost:5000/api/patients?page=43&limit=20,10,0,0
1784912456940,5,08 GET /api/patients/{id} (record with history),200,OK,Moderate Load - 50 users over 60s 2-34,text,true,,11780,459,22,22,http://localhost:5000/api/patients/24,5,0,0
1784912456842,103,03 GET /assets/index.js (main bundle),200,OK,Moderate Load - 50 users over 60s 2-40,text,true,,233662,459,22,22,http://localhost:5000/assets/index.js,100,0,0
1784912456934,13,03 GET /assets/index.js (main bundle),200,OK,Moderate Load - 50 users over 60s 2-36,text,true,,233662,459,22,22,http://localhost:5000/assets/index.js,12,0,0
1784912456971,62,01 POST /api/auth/login,200,OK,Moderate Load - 50 users over 60s 2-41,text,true,,1486,326,22,22,http://localhost:5000/api/auth/login,62,0,0
1784912457001,34,06 GET /api/patients (paginated list),200,OK,Moderate Load - 50 users over 60s 2-31,text,true,,10807,473,22,22,http://localhost:5000/api/patients?page=21&limit=20,34,0,0
1784912457001,35,04 GET /assets/index.css,200,OK,Moderate Load - 50 users over 60s 2-28,text,true,,29024,460,22,22,http://localhost:5000/assets/index.css,35,0,0
1784912457125,2,03 GET /assets/index.js (main bundle),200,OK,Moderate Load - 50 users over 60s 2-22,text,true,,233662,459,22,22,http://localhost:5000/assets/index.js,2,0,0
1784912457140,7,08 GET /api/patients/{id} (record with history),200,OK,Moderate Load - 50 users over 60s 2-38,text,true,,9998,459,22,22,http://localhost:5000/api/patients/15,7,0,0
1784912457202,1,09 GET /api/appointments (day view),200,OK,Moderate Load - 50 users over 60s 2-24,text,true,,1806,460,22,22,http://localhost:5000/api/appointments,1,0,0
1784912457202,2,09 GET /api/appointments (day view),200,OK,Moderate Load - 50 users over 60s 2-26,text,true,,1806,460,22,22,http://localhost:5000/api/appointments,2,0,0
1784912457202,4,06 GET /api/patients (paginated list),200,OK,Moderate Load - 50 users over 60s 2-35,text,true,,11090,473,22,22,http://localhost:5000/api/patients?page=16&limit=20,4,0,0
1784912457202,6,06 GET /api/patients (paginated list),200,OK,Moderate Load - 50 users over 60s 2-39,text,true,,10807,473,22,22,http://localhost:5000/api/patients?page=21&limit=20,6,0,0
1784912457202,7,02 GET / (index.html),200,OK,Moderate Load - 50 users over 60s 2-25,text,true,,1795,444,22,22,http://localhost:5000/,7,0,0
1784912457202,7,04 GET /assets/index.css,200,OK,Moderate Load - 50 users over 60s 2-32,text,true,,29024,460,22,22,http://localhost:5000/assets/index.css,7,0,0
1784912457233,2,05 GET /api/dashboard/stats,200,OK,Moderate Load - 50 users over 60s 2-30,text,true,,1219,463,22,22,http://localhost:5000/api/dashboard/stats,2,0,0
1784912457316,2,02 GET / (index.html),200,OK,Moderate Load - 50 users over 60s 2-29,text,true,,1795,444,22,22,http://localhost:5000/,2,0,0
1784912457377,2,02 GET / (index.html),200,OK,Moderate Load - 50 users over 60s 2-33,text,true,,1795,444,22,22,http://localhost:5000/,2,0,0
1784912457380,5,07 GET /api/patients?search= (name search),200,OK,Moderate Load - 50 users over 60s 2-27,text,true,,1161,482,22,22,http://localhost:5000/api/patients?search=ti&page=1&limit=20,5,0,0
1784912457442,1,02 GET / (index.html),200,OK,Moderate Load - 50 users over 60s 2-37,text,true,,1795,444,22,22,http://localhost:5000/,1,0,0
1784912457447,1,09 GET /api/appointments (day view),200,OK,Moderate Load - 50 users over 60s 2-34,text,true,,1806,460,22,22,http://localhost:5000/api/appointments,1,0,0
1784912457444,6,07 GET /api/patients?search= (name search),200,OK,Moderate Load - 50 users over 60s 2-23,text,true,,1161,482,22,22,http://localhost:5000/api/patients?search=jy&page=1&limit=20,6,0,0
1784912457447,3,04 GET /assets/index.css,200,OK,Moderate Load - 50 users over 60s 2-40,text,true,,29024,460,22,22,http://localhost:5000/assets/index.css,3,0,0
1784912457447,3,04 GET /assets/index.css,200,OK,Moderate Load - 50 users over 60s 2-36,text,true,,29024,460,22,22,http://localhost:5000/assets/index.css,3,0,0
1784912457538,1,05 GET /api/dashboard/stats,200,OK,Moderate Load - 50 users over 60s 2-28,text,true,,1219,463,22,22,http://localhost:5000/api/dashboard/stats,1,0,0
1784912457536,4,02 GET / (index.html),200,OK,Moderate Load - 50 users over 60s 2-41,text,true,,1795,444,22,22,http://localhost:5000/,4,0,0
1784912457536,5,07 GET /api/patients?search= (name search),200,OK,Moderate Load - 50 users over 60s 2-31,text,true,,1161,482,22,22,http://localhost:5000/api/patients?search=wi&page=1&limit=20,5,0,0
1784912418549,39001,10 POST /api/ai/pre-appointment/{id},200,OK,Moderate Load - 50 users over 60s 2-1,text,true,,1862,490,22,22,http://localhost:5000/api/ai/pre-appointment/179,39001,0,0
1784912457628,2,04 GET /assets/index.css,200,OK,Moderate Load - 50 users over 60s 2-22,text,true,,29024,460,22,22,http://localhost:5000/assets/index.css,2,0,0
1784912457648,1,09 GET /api/appointments (day view),200,OK,Moderate Load - 50 users over 60s 2-38,text,true,,1806,460,22,22,http://localhost:5000/api/appointments,1,0,0
1784912457707,62,07 GET /api/patients?search= (name search),200,OK,Moderate Load - 50 users over 60s 2-35,text,true,,1160,482,23,23,http://localhost:5000/api/patients?search=hb&page=1&limit=20,62,0,0
1784912457705,65,01 POST /api/auth/login,200,OK,Moderate Load - 50 users over 60s 2-26,text,true,,1486,543,23,23,http://localhost:5000/api/auth/login,65,0,0
1784912457710,123,05 GET /api/dashboard/stats,200,OK,Moderate Load - 50 users over 60s 2-32,text,true,,1219,463,23,23,http://localhost:5000/api/dashboard/stats,123,0,0
1784912457736,98,06 GET /api/patients (paginated list),200,OK,Moderate Load - 50 users over 60s 2-30,text,true,,10906,473,23,23,http://localhost:5000/api/patients?page=17&limit=20,98,0,0
1784912457705,130,01 POST /api/auth/login,200,OK,Moderate Load - 50 users over 60s 2-24,text,true,,1486,543,23,23,http://localhost:5000/api/auth/login,130,0,0
1784912457709,130,07 GET /api/patients?search= (name search),200,OK,Moderate Load - 50 users over 60s 2-39,text,true,,1161,482,23,23,http://localhost:5000/api/patients?search=xs&page=1&limit=20,130,0,0
1784912457709,130,03 GET /assets/index.js (main bundle),200,OK,Moderate Load - 50 users over 60s 2-25,text,true,,233662,459,23,23,http://localhost:5000/assets/index.js,128,0,0
1784912457820,20,03 GET /assets/index.js (main bundle),200,OK,Moderate Load - 50 users over 60s 2-29,text,true,,233662,459,23,23,http://localhost:5000/assets/index.js,18,0,0
1784912457881,1,03 GET /assets/index.js (main bundle),200,OK,Moderate Load - 50 users over 60s 2-33,text,true,,233662,459,23,23,http://localhost:5000/assets/index.js,1,0,0
1784912457887,2,08 GET /api/patients/{id} (record with history),200,OK,Moderate Load - 50 users over 60s 2-27,text,true,,10554,459,23,23,http://localhost:5000/api/patients/28,2,0,0
1784912457945,3,03 GET /assets/index.js (main bundle),200,OK,Moderate Load - 50 users over 60s 2-37,text,true,,233662,459,23,23,http://localhost:5000/assets/index.js,2,0,0
1784912457949,65,01 POST /api/auth/login,200,OK,Moderate Load - 50 users over 60s 2-34,text,true,,1486,543,23,23,http://localhost:5000/api/auth/login,65,0,0
1784912457952,64,08 GET /api/patients/{id} (record with history),200,OK,Moderate Load - 50 users over 60s 2-23,text,true,,12033,458,23,23,http://localhost:5000/api/patients/3,63,0,0
1784912457952,64,05 GET /api/dashboard/stats,200,OK,Moderate Load - 50 users over 60s 2-36,text,true,,1219,463,23,23,http://localhost:5000/api/dashboard/stats,64,0,0
1784912457952,65,05 GET /api/dashboard/stats,200,OK,Moderate Load - 50 users over 60s 2-40,text,true,,1219,463,23,23,http://localhost:5000/api/dashboard/stats,65,0,0
1784912458043,1,08 GET /api/patients/{id} (record with history),200,OK,Moderate Load - 50 users over 60s 2-31,text,true,,8809,459,23,23,http://localhost:5000/api/patients/11,1,0,0
1784912458041,3,03 GET /assets/index.js (main bundle),200,OK,Moderate Load - 50 users over 60s 2-41,text,true,,233662,459,23,23,http://localhost:5000/assets/index.js,2,0,0
1784912458052,60,01 POST /api/auth/login,200,OK,Moderate Load - 50 users over 60s 2-1,text,true,,1486,543,23,23,http://localhost:5000/api/auth/login,60,0,0
1784912458040,75,06 GET /api/patients (paginated list),200,OK,Moderate Load - 50 users over 60s 2-28,text,true,,10809,473,23,23,http://localhost:5000/api/patients?page=42&limit=20,75,0,0
1784912458131,2,05 GET /api/dashboard/stats,200,OK,Moderate Load - 50 users over 60s 2-22,text,true,,1219,463,23,23,http://localhost:5000/api/dashboard/stats,2,0,0
1784912458150,61,01 POST /api/auth/login,200,OK,Moderate Load - 50 users over 60s 2-38,text,true,,1486,543,23,23,http://localhost:5000/api/auth/login,61,0,0
1784912458166,108,01 POST /api/auth/login,200,OK,Moderate Load - 50 users over 60s 2-42,text,true,,1486,326,23,23,http://localhost:5000/api/auth/login,108,0,0
1784912458272,4,08 GET /api/patients/{id} (record with history),200,OK,Moderate Load - 50 users over 60s 2-35,text,true,,9416,459,23,23,http://localhost:5000/api/patients/22,4,0,0
1784912458272,5,02 GET / (index.html),200,OK,Moderate Load - 50 users over 60s 2-26,text,true,,1795,444,23,23,http://localhost:5000/,5,0,0
1784912458334,4,06 GET /api/patients (paginated list),200,OK,Moderate Load - 50 users over 60s 2-32,text,true,,10720,473,23,23,http://localhost:5000/api/patients?page=29&limit=20,4,0,0
1784912458334,6,07 GET /api/patients?search= (name search),200,OK,Moderate Load - 50 users over 60s 2-30,text,true,,1161,482,23,23,http://localhost:5000/api/patients?search=od&page=1&limit=20,6,0,0
1784912458350,3,08 GET /api/patients/{id} (record with history),200,OK,Moderate Load - 50 users over 60s 2-39,text,true,,10593,459,23,23,http://localhost:5000/api/patients/18,3,0,0
1784912458350,4,04 GET /assets/index.css,200,OK,Moderate Load - 50 users over 60s 2-25,text,true,,29024,460,23,23,http://localhost:5000/assets/index.css,4,0,0
1784912458350,4,02 GET / (index.html),200,OK,Moderate Load - 50 users over 60s 2-24,text,true,,1795,444,23,23,http://localhost:5000/,4,0,0
1784912458350,4,04 GET /assets/index.css,200,OK,Moderate Load - 50 users over 60s 2-29,text,true,,29024,460,23,23,http://localhost:5000/assets/index.css,4,0,0
1784912456624,1750,10 POST /api/ai/pre-appointment/{id},200,OK,Moderate Load - 50 users over 60s 2-21,text,true,,2368,489,23,23,http://localhost:5000/api/ai/pre-appointment/62,1750,0,0
1784912458397,2,09 GET /api/appointments (day view),200,OK,Moderate Load - 50 users over 60s 2-27,text,true,,1806,460,22,22,http://localhost:5000/api/appointments,2,0,0
1784912458397,3,04 GET /assets/index.css,200,OK,Moderate Load - 50 users over 60s 2-33,text,true,,29024,460,22,22,http://localhost:5000/assets/index.css,3,0,0
1784912458458,2,04 GET /assets/index.css,200,OK,Moderate Load - 50 users over 60s 2-37,text,true,,29024,460,22,22,http://localhost:5000/assets/index.css,2,0,0
1784912458521,1,09 GET /api/appointments (day view),200,OK,Moderate Load - 50 users over 60s 2-23,text,true,,1806,460,22,22,http://localhost:5000/api/appointments,1,0,0
1784912458521,3,06 GET /api/patients (paginated list),200,OK,Moderate Load - 50 users over 60s 2-36,text,true,,10906,472,21,21,http://localhost:5000/api/patients?page=9&limit=20,3,0,0
1784912458521,4,06 GET /api/patients (paginated list),200,OK,Moderate Load - 50 users over 60s 2-40,text,true,,10775,473,21,21,http://localhost:5000/api/patients?page=23&limit=20,4,0,0
1784912458521,5,02 GET / (index.html),200,OK,Moderate Load - 50 users over 60s 2-34,text,true,,1795,444,21,21,http://localhost:5000/,5,0,0
1784912458553,1,09 GET /api/appointments (day view),200,OK,Moderate Load - 50 users over 60s 2-31,text,true,,1806,460,21,21,http://localhost:5000/api/appointments,1,0,0
1784912458553,7,04 GET /assets/index.css,200,OK,Moderate Load - 50 users over 60s 2-41,text,true,,29024,460,21,21,http://localhost:5000/assets/index.css,7,0,0
1784912458615,3,02 GET / (index.html),200,OK,Moderate Load - 50 users over 60s 2-1,text,true,,1795,444,21,21,http://localhost:5000/,3,0,0
1784912458616,5,07 GET /api/patients?search= (name search),200,OK,Moderate Load - 50 users over 60s 2-28,text,true,,1161,482,21,21,http://localhost:5000/api/patients?search=qo&page=1&limit=20,5,0,0
1784912458646,3,06 GET /api/patients (paginated list),200,OK,Moderate Load - 50 users over 60s 2-22,text,true,,10656,473,21,21,http://localhost:5000/api/patients?page=33&limit=20,3,0,0
1784912458724,1,02 GET / (index.html),200,OK,Moderate Load - 50 users over 60s 2-38,text,true,,1795,444,21,21,http://localhost:5000/,1,0,0
1784912458785,2,09 GET /api/appointments (day view),200,OK,Moderate Load - 50 users over 60s 2-35,text,true,,1806,460,21,21,http://localhost:5000/api/appointments,2,0,0
1784912458785,2,02 GET / (index.html),200,OK,Moderate Load - 50 users over 60s 2-42,text,true,,1795,444,21,21,http://localhost:5000/,2,0,0
1784912458785,3,03 GET /assets/index.js (main bundle),200,OK,Moderate Load - 50 users over 60s 2-26,text,true,,233662,459,21,21,http://localhost:5000/assets/index.js,3,0,0
1784912458846,3,08 GET /api/patients/{id} (record with history),200,OK,Moderate Load - 50 users over 60s 2-30,text,true,,12378,459,21,21,http://localhost:5000/api/patients/34,3,0,0
1784912458846,5,07 GET /api/patients?search= (name search),200,OK,Moderate Load - 50 users over 60s 2-32,text,true,,1161,482,21,21,http://localhost:5000/api/patients?search=xa&page=1&limit=20,5,0,0
1784912458862,1,05 GET /api/dashboard/stats,200,OK,Moderate Load - 50 users over 60s 2-25,text,true,,1219,463,22,22,http://localhost:5000/api/dashboard/stats,1,0,0
1784912458862,3,05 GET /api/dashboard/stats,200,OK,Moderate Load - 50 users over 60s 2-29,text,true,,1219,463,22,22,http://localhost:5000/api/dashboard/stats,3,0,0
1784912458862,4,09 GET /api/appointments (day view),200,OK,Moderate Load - 50 users over 60s 2-39,text,true,,1806,460,22,22,http://localhost:5000/api/appointments,4,0,0
1784912458862,5,03 GET /assets/index.js (main bundle),200,OK,Moderate Load - 50 users over 60s 2-24,text,true,,233662,459,22,22,http://localhost:5000/assets/index.js,4,0,0
1784912458909,3,05 GET /api/dashboard/stats,200,OK,Moderate Load - 50 users over 60s 2-33,text,true,,1219,463,22,22,http://localhost:5000/api/dashboard/stats,3,0,0
1784912458970,2,05 GET /api/dashboard/stats,200,OK,Moderate Load - 50 users over 60s 2-37,text,true,,1219,463,22,22,http://localhost:5000/api/dashboard/stats,2,0,0
1784912459032,2,07 GET /api/patients?search= (name search),200,OK,Moderate Load - 50 users over 60s 2-40,text,true,,1160,482,22,22,http://localhost:5000/api/patients?search=qz&page=1&limit=20,2,0,0
1784912459032,12,03 GET /assets/index.js (main bundle),200,OK,Moderate Load - 50 users over 60s 2-34,text,true,,233662,459,22,22,http://localhost:5000/assets/index.js,11,0,0
1784912459032,13,07 GET /api/patients?search= (name search),200,OK,Moderate Load - 50 users over 60s 2-36,text,true,,1161,482,22,22,http://localhost:5000/api/patients?search=vq&page=1&limit=20,13,0,0
1784912459063,2,05 GET /api/dashboard/stats,200,OK,Moderate Load - 50 users over 60s 2-41,text,true,,1219,463,22,22,http://localhost:5000/api/dashboard/stats,2,0,0
1784912459063,64,01 POST /api/auth/login,200,OK,Moderate Load - 50 users over 60s 2-31,text,true,,1486,543,22,22,http://localhost:5000/api/auth/login,64,0,0
1784912459126,3,08 GET /api/patients/{id} (record with history),200,OK,Moderate Load - 50 users over 60s 2-28,text,true,,11218,459,22,22,http://localhost:5000/api/patients/30,3,0,0
1784912459126,4,03 GET /assets/index.js (main bundle),200,OK,Moderate Load - 50 users over 60s 2-1,text,true,,233662,459,22,22,http://localhost:5000/assets/index.js,3,0,0
1784912459156,5,07 GET /api/patients?search= (name search),200,OK,Moderate Load - 50 users over 60s 2-22,text,true,,1161,482,22,22,http://localhost:5000/api/patients?search=jh&page=1&limit=20,5,0,0
1784912459234,2,03 GET /assets/index.js (main bundle),200,OK,Moderate Load - 50 users over 60s 2-38,text,true,,233662,459,22,22,http://localhost:5000/assets/index.js,2,0,0
1784912459288,61,01 POST /api/auth/login,200,OK,Moderate Load - 50 users over 60s 2-35,text,true,,1486,543,22,22,http://localhost:5000/api/auth/login,61,0,0
1784912459290,60,04 GET /assets/index.css,200,OK,Moderate Load - 50 users over 60s 2-26,text,true,,29024,460,22,22,http://localhost:5000/assets/index.css,60,0,0
1784912459288,62,03 GET /assets/index.js (main bundle),200,OK,Moderate Load - 50 users over 60s 2-42,text,true,,233662,459,22,22,http://localhost:5000/assets/index.js,61,0,0
1784912459350,3,09 GET /api/appointments (day view),200,OK,Moderate Load - 50 users over 60s 2-30,text,true,,1806,460,22,22,http://localhost:5000/api/appointments,3,0,0
1784912459353,2,08 GET /api/patients/{id} (record with history),200,OK,Moderate Load - 50 users over 60s 2-32,text,true,,11783,459,22,22,http://localhost:5000/api/patients/29,2,0,0
1784912459373,4,06 GET /api/patients (paginated list),200,OK,Moderate Load - 50 users over 60s 2-29,text,true,,10659,473,22,22,http://localhost:5000/api/patients?page=10&limit=20,3,0,0
1784912459373,65,01 POST /api/auth/login,200,OK,Moderate Load - 50 users over 60s 2-39,text,true,,1486,543,22,22,http://localhost:5000/api/auth/login,65,0,0
1784912459420,20,06 GET /api/patients (paginated list),200,OK,Moderate Load - 50 users over 60s 2-33,text,true,,10696,472,22,22,http://localhost:5000/api/patients?page=1&limit=20,20,0,0
1784912459374,125,01 POST /api/auth/login,200,OK,Moderate Load - 50 users over 60s 2-43,text,true,,1486,326,22,22,http://localhost:5000/api/auth/login,125,0,1
1784912459373,127,06 GET /api/patients (paginated list),200,OK,Moderate Load - 50 users over 60s 2-25,text,true,,10690,473,22,22,http://localhost:5000/api/patients?page=50&limit=20,127,0,0
1784912459373,128,04 GET /assets/index.css,200,OK,Moderate Load - 50 users over 60s 2-24,text,true,,29024,460,22,22,http://localhost:5000/assets/index.css,128,0,0
1784912459482,20,06 GET /api/patients (paginated list),200,OK,Moderate Load - 50 users over 60s 2-37,text,true,,10686,473,22,22,http://localhost:5000/api/patients?page=19&limit=20,20,0,0
1784912459545,3,08 GET /api/patients/{id} (record with history),200,OK,Moderate Load - 50 users over 60s 2-40,text,true,,12028,458,22,22,http://localhost:5000/api/patients/1,3,0,0
1784912459545,4,04 GET /assets/index.css,200,OK,Moderate Load - 50 users over 60s 2-34,text,true,,29024,460,22,22,http://localhost:5000/assets/index.css,4,0,0
1784912459561,3,08 GET /api/patients/{id} (record with history),200,OK,Moderate Load - 50 users over 60s 2-36,text,true,,8821,459,22,22,http://localhost:5000/api/patients/43,3,0,0
1784912459576,2,06 GET /api/patients (paginated list),200,OK,Moderate Load - 50 users over 60s 2-41,text,true,,10775,473,22,22,http://localhost:5000/api/patients?page=23&limit=20,2,0,0
1784912459638,2,09 GET /api/appointments (day view),200,OK,Moderate Load - 50 users over 60s 2-28,text,true,,1806,460,22,22,http://localhost:5000/api/appointments,2,0,0
1784912459638,3,02 GET / (index.html),200,OK,Moderate Load - 50 users over 60s 2-31,text,true,,1795,444,22,22,http://localhost:5000/,3,0,0
1784912459638,3,04 GET /assets/index.css,200,OK,Moderate Load - 50 users over 60s 2-1,text,true,,29024,460,22,22,http://localhost:5000/assets/index.css,3,0,0
1784912459669,2,08 GET /api/patients/{id} (record with history),200,OK,Moderate Load - 50 users over 60s 2-22,text,true,,11218,459,22,22,http://localhost:5000/api/patients/30,2,0,0
1784912459746,2,04 GET /assets/index.css,200,OK,Moderate Load - 50 users over 60s 2-38,text,true,,29024,460,22,22,http://localhost:5000/assets/index.css,2,0,0
1784912459854,2,05 GET /api/dashboard/stats,200,OK,Moderate Load - 50 users over 60s 2-26,text,true,,1219,463,22,22,http://localhost:5000/api/dashboard/stats,2,0,0
1784912459854,66,01 POST /api/auth/login,200,OK,Moderate Load - 50 users over 60s 2-30,text,true,,1486,543,22,22,http://localhost:5000/api/auth/login,66,0,0
1784912459870,51,09 GET /api/appointments (day view),200,OK,Moderate Load - 50 users over 60s 2-32,text,true,,1806,460,22,22,http://localhost:5000/api/appointments,51,0,0
1784912459885,38,07 GET /api/patients?search= (name search),200,OK,Moderate Load - 50 users over 60s 2-29,text,true,,1160,482,22,22,http://localhost:5000/api/patients?search=ti&page=1&limit=20,38,0,0
1784912459854,69,02 GET / (index.html),200,OK,Moderate Load - 50 users over 60s 2-35,text,true,,1795,444,22,22,http://localhost:5000/,69,0,0
1784912459854,69,04 GET /assets/index.css,200,OK,Moderate Load - 50 users over 60s 2-42,text,true,,29024,460,22,22,http://localhost:5000/assets/index.css,69,0,0
1784912459947,4,02 GET / (index.html),200,OK,Moderate Load - 50 users over 60s 2-39,text,true,,1795,444,22,22,http://localhost:5000/,4,0,0
1784912459947,6,07 GET /api/patients?search= (name search),200,OK,Moderate Load - 50 users over 60s 2-33,text,true,,1161,482,22,22,http://localhost:5000/api/patients?search=zk&page=1&limit=20,6,0,0
1784912460009,2,05 GET /api/dashboard/stats,200,OK,Moderate Load - 50 users over 60s 2-24,text,true,,1219,463,22,22,http://localhost:5000/api/dashboard/stats,2,0,0
1784912460009,8,02 GET / (index.html),200,OK,Moderate Load - 50 users over 60s 2-43,text,true,,1795,444,22,22,http://localhost:5000/,8,0,0
1784912460009,11,07 GET /api/patients?search= (name search),200,OK,Moderate Load - 50 users over 60s 2-25,text,true,,1161,482,22,22,http://localhost:5000/api/patients?search=fb&page=1&limit=20,11,0,0
1784912460009,26,07 GET /api/patients?search= (name search),200,OK,Moderate Load - 50 users over 60s 2-37,text,true,,10698,482,22,22,http://localhost:5000/api/patients?search=la&page=1&limit=20,26,0,0
1784912460055,2,09 GET /api/appointments (day view),200,OK,Moderate Load - 50 users over 60s 2-40,text,true,,1806,460,22,22,http://localhost:5000/api/appointments,2,0,0
1784912460055,3,05 GET /api/dashboard/stats,200,OK,Moderate Load - 50 users over 60s 2-34,text,true,,1219,463,22,22,http://localhost:5000/api/dashboard/stats,3,0,0
1784912460071,2,09 GET /api/appointments (day view),200,OK,Moderate Load - 50 users over 60s 2-36,text,true,,1806,460,23,23,http://localhost:5000/api/appointments,2,0,0
1784912460087,4,07 GET /api/patients?search= (name search),200,OK,Moderate Load - 50 users over 60s 2-41,text,true,,1161,482,23,23,http://localhost:5000/api/patients?search=xc&page=1&limit=20,4,0,0
1784912460150,2,05 GET /api/dashboard/stats,200,OK,Moderate Load - 50 users over 60s 2-1,text,true,,1219,463,23,23,http://localhost:5000/api/dashboard/stats,2,0,0
1784912460150,61,01 POST /api/auth/login,200,OK,Moderate Load - 50 users over 60s 2-28,text,true,,1486,543,23,23,http://localhost:5000/api/auth/login,61,0,0
1784912460181,32,09 GET /api/appointments (day view),200,OK,Moderate Load - 50 users over 60s 2-22,text,true,,1806,460,23,23,http://localhost:5000/api/appointments,32,0,0
1784912460150,64,03 GET /assets/index.js (main bundle),200,OK,Moderate Load - 50 users over 60s 2-31,text,true,,233662,459,23,23,http://localhost:5000/assets/index.js,3,0,0
1784912458909,1308,10 POST /api/ai/pre-appointment/{id},200,OK,Moderate Load - 50 users over 60s 2-27,text,true,,2103,490,23,23,http://localhost:5000/api/ai/pre-appointment/478,1308,0,0
1784912460259,1,05 GET /api/dashboard/stats,200,OK,Moderate Load - 50 users over 60s 2-38,text,true,,1219,463,23,23,http://localhost:5000/api/dashboard/stats,1,0,0
1784912460356,3,06 GET /api/patients (paginated list),200,OK,Moderate Load - 50 users over 60s 2-26,text,true,,10682,473,23,23,http://localhost:5000/api/patients?page=38&limit=20,3,0,0
1784912460421,1,02 GET / (index.html),200,OK,Moderate Load - 50 users over 60s 2-30,text,true,,1795,444,23,23,http://localhost:5000/,1,0,0
1784912460424,1,05 GET /api/dashboard/stats,200,OK,Moderate Load - 50 users over 60s 2-42,text,true,,1219,463,23,23,http://localhost:5000/api/dashboard/stats,1,0,0
1784912460423,62,01 POST /api/auth/login,200,OK,Moderate Load - 50 users over 60s 2-32,text,true,,1486,543,23,23,http://localhost:5000/api/auth/login,62,0,0
1784912460425,61,08 GET /api/patients/{id} (record with history),200,OK,Moderate Load - 50 users over 60s 2-29,text,true,,11802,459,23,23,http://localhost:5000/api/patients/42,61,0,0
1784912460453,36,08 GET /api/patients/{id} (record with history),200,OK,Moderate Load - 50 users over 60s 2-33,text,true,,12479,459,23,23,http://localhost:5000/api/patients/10,35,0,0
1784912460424,66,03 GET /assets/index.js (main bundle),200,OK,Moderate Load - 50 users over 60s 2-35,text,true,,233662,459,23,23,http://localhost:5000/assets/index.js,65,0,0
1784912460452,39,03 GET /assets/index.js (main bundle),200,OK,Moderate Load - 50 users over 60s 2-39,text,true,,233662,459,23,23,http://localhost:5000/assets/index.js,38,0,0
1784912460513,2,06 GET /api/patients (paginated list),200,OK,Moderate Load - 50 users over 60s 2-24,text,true,,10753,473,23,23,http://localhost:5000/api/patients?page=26&limit=20,2,0,0
1784912460518,2,03 GET /assets/index.js (main bundle),200,OK,Moderate Load - 50 users over 60s 2-43,text,true,,233662,459,23,23,http://localhost:5000/assets/index.js,2,0,0
1784912460521,3,08 GET /api/patients/{id} (record with history),200,OK,Moderate Load - 50 users over 60s 2-25,text,true,,11865,459,23,23,http://localhost:5000/api/patients/27,3,0,0
1784912460537,6,08 GET /api/patients/{id} (record with history),200,OK,Moderate Load - 50 users over 60s 2-37,text,true,,12436,459,23,23,http://localhost:5000/api/patients/21,6,0,0
1784912460558,3,06 GET /api/patients (paginated list),200,OK,Moderate Load - 50 users over 60s 2-34,text,true,,10834,473,23,23,http://localhost:5000/api/patients?page=28&limit=20,3,0,0
1784912460558,66,01 POST /api/auth/login,200,OK,Moderate Load - 50 users over 60s 2-40,text,true,,1486,543,23,23,http://localhost:5000/api/auth/login,66,0,0
1784912460597,29,08 GET /api/patients/{id} (record with history),200,OK,Moderate Load - 50 users over 60s 2-41,text,true,,12435,459,23,23,http://localhost:5000/api/patients/21,29,0,0
1784912460582,106,01 POST /api/auth/login,200,OK,Moderate Load - 50 users over 60s 2-36,text,true,,1486,543,23,23,http://localhost:5000/api/auth/login,106,0,0
1784912460658,90,06 GET /api/patients (paginated list),200,OK,Moderate Load - 50 users over 60s 2-1,text,true,,11090,473,23,23,http://localhost:5000/api/patients?page=16&limit=20,90,0,0
1784912460567,183,01 POST /api/auth/login,200,OK,Moderate Load - 50 users over 60s 2-44,text,true,,1486,326,23,23,http://localhost:5000/api/auth/login,183,0,0
1784912460721,92,01 POST /api/auth/login,200,OK,Moderate Load - 50 users over 60s 2-27,text,true,,1486,543,23,23,http://localhost:5000/api/auth/login,92,0,0
1784912460767,49,06 GET /api/patients (paginated list),200,OK,Moderate Load - 50 users over 60s 2-38,text,true,,10775,473,23,23,http://localhost:5000/api/patients?page=23&limit=20,49,0,0
1784912460721,95,02 GET / (index.html),200,OK,Moderate Load - 50 users over 60s 2-28,text,true,,1795,444,23,23,http://localhost:5000/,95,0,0
1784912460721,95,04 GET /assets/index.css,200,OK,Moderate Load - 50 users over 60s 2-31,text,true,,29024,460,23,23,http://localhost:5000/assets/index.css,95,0,0
1784912460721,101,10 POST /api/ai/pre-appointment/{id},200,OK,Moderate Load - 50 users over 60s 2-22,text,true,,2436,489,23,23,http://localhost:5000/api/ai/pre-appointment/24,101,0,0
1784912460860,5,07 GET /api/patients?search= (name search),200,OK,Moderate Load - 50 users over 60s 2-26,text,true,,1161,482,22,22,http://localhost:5000/api/patients?search=ft&page=1&limit=20,5,0,0
1784912460923,2,03 GET /assets/index.js (main bundle),200,OK,Moderate Load - 50 users over 60s 2-30,text,true,,233662,459,22,22,http://localhost:5000/assets/index.js,1,0,0
1784912460938,2,06 GET /api/patients (paginated list),200,OK,Moderate Load - 50 users over 60s 2-42,text,true,,10914,473,22,22,http://localhost:5000/api/patients?page=49&limit=20,2,0,0
1784912460999,2,09 GET /api/appointments (day view),200,OK,Moderate Load - 50 users over 60s 2-29,text,true,,1806,460,22,22,http://localhost:5000/api/appointments,2,0,0
1784912461000,2,09 GET /api/appointments (day view),200,OK,Moderate Load - 50 users over 60s 2-33,text,true,,1806,460,22,22,http://localhost:5000/api/appointments,2,0,0
1784912460999,4,04 GET /assets/index.css,200,OK,Moderate Load - 50 users over 60s 2-39,text,true,,29024,460,22,22,http://localhost:5000/assets/index.css,4,0,0
1784912460999,4,04 GET /assets/index.css,200,OK,Moderate Load - 50 users over 60s 2-35,text,true,,29024,460,22,22,http://localhost:5000/assets/index.css,4,0,0
1784912461000,4,02 GET / (index.html),200,OK,Moderate Load - 50 users over 60s 2-32,text,true,,1795,444,22,22,http://localhost:5000/,4,0,0
1784912461030,4,09 GET /api/appointments (day view),200,OK,Moderate Load - 50 users over 60s 2-25,text,true,,1806,460,22,22,http://localhost:5000/api/appointments,4,0,0
1784912461030,5,04 GET /assets/index.css,200,OK,Moderate Load - 50 users over 60s 2-43,text,true,,29024,460,21,21,http://localhost:5000/assets/index.css,5,0,0
1784912461030,6,07 GET /api/patients?search= (name search),200,OK,Moderate Load - 50 users over 60s 2-24,text,true,,1161,482,21,21,http://localhost:5000/api/patients?search=ji&page=1&limit=20,6,0,0
1784912461046,2,09 GET /api/appointments (day view),200,OK,Moderate Load - 50 users over 60s 2-37,text,true,,1806,460,21,21,http://localhost:5000/api/appointments,2,0,0
1784912461061,5,07 GET /api/patients?search= (name search),200,OK,Moderate Load - 50 users over 60s 2-34,text,true,,1161,482,21,21,http://localhost:5000/api/patients?search=lg&page=1&limit=20,5,0,0
1784912461139,2,09 GET /api/appointments (day view),200,OK,Moderate Load - 50 users over 60s 2-41,text,true,,1806,460,21,21,http://localhost:5000/api/appointments,2,0,0
1784912461139,3,02 GET / (index.html),200,OK,Moderate Load - 50 users over 60s 2-40,text,true,,1795,444,21,21,http://localhost:5000/,3,0,0
1784912461202,2,02 GET / (index.html),200,OK,Moderate Load - 50 users over 60s 2-36,text,true,,1795,444,21,21,http://localhost:5000/,2,0,0
1784912461249,5,07 GET /api/patients?search= (name search),200,OK,Moderate Load - 50 users over 60s 2-1,text,true,,1161,482,21,21,http://localhost:5000/api/patients?search=un&page=1&limit=20,5,0,0
1784912461264,2,02 GET / (index.html),200,OK,Moderate Load - 50 users over 60s 2-44,text,true,,1795,444,22,22,http://localhost:5000/,2,0,0
1784912461315,1,02 GET / (index.html),200,OK,Moderate Load - 50 users over 60s 2-27,text,true,,1795,444,22,22,http://localhost:5000/,1,0,0
1784912461317,2,07 GET /api/patients?search= (name search),200,OK,Moderate Load - 50 users over 60s 2-38,text,true,,1160,482,22,22,http://localhost:5000/api/patients?search=pb&page=1&limit=20,2,0,0
1784912461317,3,05 GET /api/dashboard/stats,200,OK,Moderate Load - 50 users over 60s 2-31,text,true,,1219,463,22,22,http://localhost:5000/api/dashboard/stats,3,0,0
1784912461317,4,03 GET /assets/index.js (main bundle),200,OK,Moderate Load - 50 users over 60s 2-28,text,true,,233662,459,22,22,http://localhost:5000/assets/index.js,3,0,0
1784912461366,2,08 GET /api/patients/{id} (record with history),200,OK,Moderate Load - 50 users over 60s 2-26,text,true,,12437,459,22,22,http://localhost:5000/api/patients/31,1,0,0
1784912461426,2,04 GET /assets/index.css,200,OK,Moderate Load - 50 users over 60s 2-30,text,true,,29024,460,22,22,http://localhost:5000/assets/index.css,2,0,0
1784912461441,4,07 GET /api/patients?search= (name search),200,OK,Moderate Load - 50 users over 60s 2-42,text,true,,1161,482,22,22,http://localhost:5000/api/patients?search=bo&page=1&limit=20,4,0,0
1784912461503,4,05 GET /api/dashboard/stats,200,OK,Moderate Load - 50 users over 60s 2-39,text,true,,1219,463,22,22,http://localhost:5000/api/dashboard/stats,4,0,0
1784912461503,64,01 POST /api/auth/login,200,OK,Moderate Load - 50 users over 60s 2-29,text,true,,1486,543,22,22,http://localhost:5000/api/auth/login,64,0,0
1784912461505,63,05 GET /api/dashboard/stats,200,OK,Moderate Load - 50 users over 60s 2-35,text,true,,1219,463,22,22,http://localhost:5000/api/dashboard/stats,63,0,0
1784912461537,92,08 GET /api/patients/{id} (record with history),200,OK,Moderate Load - 50 users over 60s 2-24,text,true,,8821,459,22,22,http://localhost:5000/api/patients/43,92,0,0
1784912461537,93,05 GET /api/dashboard/stats,200,OK,Moderate Load - 50 users over 60s 2-43,text,true,,1219,463,22,22,http://localhost:5000/api/dashboard/stats,93,0,0
1784912461503,129,01 POST /api/auth/login,200,OK,Moderate Load - 50 users over 60s 2-33,text,true,,1486,543,22,22,http://localhost:5000/api/auth/login,129,0,0
1784912461569,64,08 GET /api/patients/{id} (record with history),200,OK,Moderate Load - 50 users over 60s 2-34,text,true,,11783,459,22,22,http://localhost:5000/api/patients/29,64,0,0
1784912461548,146,01 POST /api/auth/login,200,OK,Moderate Load - 50 users over 60s 2-37,text,true,,1486,543,22,22,http://localhost:5000/api/auth/login,146,0,0
1784912461641,115,01 POST /api/auth/login,200,OK,Moderate Load - 50 users over 60s 2-41,text,true,,1486,543,22,22,http://localhost:5000/api/auth/login,115,0,0
1784912461755,3,08 GET /api/patients/{id} (record with history),200,OK,Moderate Load - 50 users over 60s 2-1,text,true,,11220,459,22,22,http://localhost:5000/api/patients/45,3,0,0
1784912461505,253,03 GET /assets/index.js (main bundle),200,OK,Moderate Load - 50 users over 60s 2-32,text,true,,233662,459,22,22,http://localhost:5000/assets/index.js,190,0,0
1784912461643,116,03 GET /assets/index.js (main bundle),200,OK,Moderate Load - 50 users over 60s 2-40,text,true,,233662,459,22,22,http://localhost:5000/assets/index.js,114,0,0
1784912461704,56,03 GET /assets/index.js (main bundle),200,OK,Moderate Load - 50 users over 60s 2-36,text,true,,233662,459,22,22,http://localhost:5000/assets/index.js,55,0,0
1784912461778,62,01 POST /api/auth/login,200,OK,Moderate Load - 50 users over 60s 2-45,text,true,,1486,326,22,22,http://localhost:5000/api/auth/login,62,0,1
1784912461825,17,08 GET /api/patients/{id} (record with history),200,OK,Moderate Load - 50 users over 60s 2-38,text,true,,11220,459,22,22,http://localhost:5000/api/patients/45,17,0,0
1784912461825,19,06 GET /api/patients (paginated list),200,OK,Moderate Load - 50 users over 60s 2-31,text,true,,10736,473,22,22,http://localhost:5000/api/patients?page=20&limit=20,19,0,0
1784912461778,67,03 GET /assets/index.js (main bundle),200,OK,Moderate Load - 50 users over 60s 2-44,text,true,,233662,459,22,22,http://localhost:5000/assets/index.js,3,0,0
1784912461825,20,04 GET /assets/index.css,200,OK,Moderate Load - 50 users over 60s 2-28,text,true,,29024,460,22,22,http://localhost:5000/assets/index.css,20,0,0
1784912461819,27,03 GET /assets/index.js (main bundle),200,OK,Moderate Load - 50 users over 60s 2-27,text,true,,233662,459,22,22,http://localhost:5000/assets/index.js,26,0,0
1784912461872,2,09 GET /api/appointments (day view),200,OK,Moderate Load - 50 users over 60s 2-26,text,true,,1806,460,22,22,http://localhost:5000/api/appointments,2,0,0
1784912461935,1,05 GET /api/dashboard/stats,200,OK,Moderate Load - 50 users over 60s 2-30,text,true,,1219,463,21,21,http://localhost:5000/api/dashboard/stats,1,0,0
1784912461951,2,08 GET /api/patients/{id} (record with history),200,OK,Moderate Load - 50 users over 60s 2-42,text,true,,11780,459,21,21,http://localhost:5000/api/patients/24,2,0,0
1784912462013,3,06 GET /api/patients (paginated list),200,OK,Moderate Load - 50 users over 60s 2-39,text,true,,10656,472,21,21,http://localhost:5000/api/patients?page=6&limit=20,3,0,0
1784912462068,2,02 GET / (index.html),200,OK,Moderate Load - 50 users over 60s 2-29,text,true,,1795,444,21,21,http://localhost:5000/,2,0,0
1784912462069,2,06 GET /api/patients (paginated list),200,OK,Moderate Load - 50 users over 60s 2-35,text,true,,10782,473,21,21,http://localhost:5000/api/patients?page=24&limit=20,2,0,0
1784912462137,2,09 GET /api/appointments (day view),200,OK,Moderate Load - 50 users over 60s 2-24,text,true,,1806,460,21,21,http://localhost:5000/api/appointments,2,0,0
1784912462137,3,06 GET /api/patients (paginated list),200,OK,Moderate Load - 50 users over 60s 2-43,text,true,,10906,473,20,20,http://localhost:5000/api/patients?page=17&limit=20,3,0,0
1784912462137,4,09 GET /api/appointments (day view),200,OK,Moderate Load - 50 users over 60s 2-34,text,true,,1806,460,20,20,http://localhost:5000/api/appointments,4,0,0
1784912462137,6,02 GET / (index.html),200,OK,Moderate Load - 50 users over 60s 2-33,text,true,,1795,444,20,20,http://localhost:5000/,6,0,0
1784912462200,2,02 GET / (index.html),200,OK,Moderate Load - 50 users over 60s 2-37,text,true,,1795,444,20,20,http://localhost:5000/,2,0,0
1784912462262,2,09 GET /api/appointments (day view),200,OK,Moderate Load - 50 users over 60s 2-1,text,true,,1806,460,20,20,http://localhost:5000/api/appointments,2,0,0
1784912462262,3,04 GET /assets/index.css,200,OK,Moderate Load - 50 users over 60s 2-32,text,true,,29024,460,20,20,http://localhost:5000/assets/index.css,3,0,0
1784912462262,3,04 GET /assets/index.css,200,OK,Moderate Load - 50 users over 60s 2-40,text,true,,29024,460,20,20,http://localhost:5000/assets/index.css,3,0,0
1784912462262,4,02 GET / (index.html),200,OK,Moderate Load - 50 users over 60s 2-41,text,true,,1795,444,20,20,http://localhost:5000/,4,0,0
1784912462262,4,04 GET /assets/index.css,200,OK,Moderate Load - 50 users over 60s 2-36,text,true,,29024,460,20,20,http://localhost:5000/assets/index.css,4,0,0
1784912462341,1,02 GET / (index.html),200,OK,Moderate Load - 50 users over 60s 2-45,text,true,,1795,444,20,20,http://localhost:5000/,1,0,0
1784912462343,2,09 GET /api/appointments (day view),200,OK,Moderate Load - 50 users over 60s 2-38,text,true,,1806,460,20,20,http://localhost:5000/api/appointments,2,0,0
1784912462346,2,05 GET /api/dashboard/stats,200,OK,Moderate Load - 50 users over 60s 2-28,text,true,,1219,463,20,20,http://localhost:5000/api/dashboard/stats,2,0,0
1784912462346,3,04 GET /assets/index.css,200,OK,Moderate Load - 50 users over 60s 2-27,text,true,,29024,460,20,20,http://localhost:5000/assets/index.css,3,0,0
1784912462345,5,04 GET /assets/index.css,200,OK,Moderate Load - 50 users over 60s 2-44,text,true,,29024,460,20,20,http://localhost:5000/assets/index.css,5,0,0
1784912462344,6,07 GET /api/patients?search= (name search),200,OK,Moderate Load - 50 users over 60s 2-31,text,true,,1161,482,20,20,http://localhost:5000/api/patients?search=hg&page=1&limit=20,6,0,0
1784912462437,3,06 GET /api/patients (paginated list),200,OK,Moderate Load - 50 users over 60s 2-30,text,true,,10834,473,20,20,http://localhost:5000/api/patients?page=28&limit=20,3,0,0
1784912462454,1,09 GET /api/appointments (day view),200,OK,Moderate Load - 50 users over 60s 2-42,text,true,,1806,460,20,20,http://localhost:5000/api/appointments,1,0,0
1784912462518,4,07 GET /api/patients?search= (name search),200,OK,Moderate Load - 50 users over 60s 2-39,text,true,,1161,482,21,21,http://localhost:5000/api/patients?search=qg&page=1&limit=20,4,0,0
1784912462570,2,03 GET /assets/index.js (main bundle),200,OK,Moderate Load - 50 users over 60s 2-29,text,true,,233662,459,21,21,http://localhost:5000/assets/index.js,2,0,0
1784912462574,2,07 GET /api/patients?search= (name search),200,OK,Moderate Load - 50 users over 60s 2-35,text,true,,1160,482,21,21,http://localhost:5000/api/patients?search=tj&page=1&limit=20,2,0,0
1784912462642,64,01 POST /api/auth/login,200,OK,Moderate Load - 50 users over 60s 2-34,text,true,,1486,543,21,21,http://localhost:5000/api/auth/login,64,0,0
1784912462641,66,07 GET /api/patients?search= (name search),200,OK,Moderate Load - 50 users over 60s 2-43,text,true,,1161,482,21,21,http://localhost:5000/api/patients?search=aq&page=1&limit=20,66,0,0
1784912462648,61,03 GET /assets/index.js (main bundle),200,OK,Moderate Load - 50 users over 60s 2-33,text,true,,233662,459,21,21,http://localhost:5000/assets/index.js,60,0,0
1784912462702,7,03 GET /assets/index.js (main bundle),200,OK,Moderate Load - 50 users over 60s 2-37,text,true,,233662,459,21,21,http://localhost:5000/assets/index.js,6,0,0
1784912462765,2,05 GET /api/dashboard/stats,200,OK,Moderate Load - 50 users over 60s 2-32,text,true,,1219,463,21,21,http://localhost:5000/api/dashboard/stats,2,0,0
1784912462765,3,05 GET /api/dashboard/stats,200,OK,Moderate Load - 50 users over 60s 2-40,text,true,,1219,463,21,21,http://localhost:5000/api/dashboard/stats,3,0,0
1784912462767,4,05 GET /api/dashboard/stats,200,OK,Moderate Load - 50 users over 60s 2-36,text,true,,1219,463,21,21,http://localhost:5000/api/dashboard/stats,4,0,0
1784912462766,65,01 POST /api/auth/login,200,OK,Moderate Load - 50 users over 60s 2-1,text,true,,1486,543,21,21,http://localhost:5000/api/auth/login,65,0,0
1784912462767,65,03 GET /assets/index.js (main bundle),200,OK,Moderate Load - 50 users over 60s 2-41,text,true,,233662,459,21,21,http://localhost:5000/assets/index.js,65,0,0
1784912462842,2,03 GET /assets/index.js (main bundle),200,OK,Moderate Load - 50 users over 60s 2-45,text,true,,233662,459,21,21,http://localhost:5000/assets/index.js,2,0,0
1784912462849,3,06 GET /api/patients (paginated list),200,OK,Moderate Load - 50 users over 60s 2-28,text,true,,10705,473,21,21,http://localhost:5000/api/patients?page=14&limit=20,3,0,0
1784912462851,2,05 GET /api/dashboard/stats,200,OK,Moderate Load - 50 users over 60s 2-44,text,true,,1219,463,21,21,http://localhost:5000/api/dashboard/stats,2,0,0
1784912462851,3,05 GET /api/dashboard/stats,200,OK,Moderate Load - 50 users over 60s 2-27,text,true,,1219,463,21,21,http://localhost:5000/api/dashboard/stats,3,0,0
1784912462851,4,08 GET /api/patients/{id} (record with history),200,OK,Moderate Load - 50 users over 60s 2-31,text,true,,12405,459,21,21,http://localhost:5000/api/patients/23,4,0,0
1784912462846,17,10 POST /api/ai/pre-appointment/{id},200,OK,Moderate Load - 50 users over 60s 2-38,text,true,,2366,490,21,21,http://localhost:5000/api/ai/pre-appointment/148,17,0,0
1784912462940,6,07 GET /api/patients?search= (name search),200,OK,Moderate Load - 50 users over 60s 2-30,text,true,,1161,482,21,21,http://localhost:5000/api/patients?search=aw&page=1&limit=20,6,0,0
1784912462956,62,01 POST /api/auth/login,200,OK,Moderate Load - 50 users over 60s 2-42,text,true,,1486,543,21,21,http://localhost:5000/api/auth/login,62,0,0
1784912462976,103,01 POST /api/auth/login,200,OK,Moderate Load - 50 users over 60s 2-46,text,true,,1486,326,21,21,http://localhost:5000/api/auth/login,103,0,2
1784912463073,10,04 GET /assets/index.css,200,OK,Moderate Load - 50 users over 60s 2-29,text,true,,29024,460,21,21,http://localhost:5000/assets/index.css,10,0,0
1784912463038,48,08 GET /api/patients/{id} (record with history),200,OK,Moderate Load - 50 users over 60s 2-39,text,true,,11224,459,21,21,http://localhost:5000/api/patients/12,48,0,0
1784912463084,3,08 GET /api/patients/{id} (record with history),200,OK,Moderate Load - 50 users over 60s 2-35,text,true,,12028,458,21,21,http://localhost:5000/api/patients/1,3,0,0
1784912463209,2,08 GET /api/patients/{id} (record with history),200,OK,Moderate Load - 50 users over 60s 2-43,text,true,,12439,459,21,21,http://localhost:5000/api/patients/13,2,0,0
1784912463209,2,02 GET / (index.html),200,OK,Moderate Load - 50 users over 60s 2-34,text,true,,1795,444,21,21,http://localhost:5000/,2,0,0
1784912463224,2,04 GET /assets/index.css,200,OK,Moderate Load - 50 users over 60s 2-33,text,true,,29024,460,21,21,http://localhost:5000/assets/index.css,2,0,0
1784912463224,3,04 GET /assets/index.css,200,OK,Moderate Load - 50 users over 60s 2-37,text,true,,29024,460,21,21,http://localhost:5000/assets/index.css,3,0,0
1784912463269,2,06 GET /api/patients (paginated list),200,OK,Moderate Load - 50 users over 60s 2-32,text,true,,10795,473,21,21,http://localhost:5000/api/patients?page=15&limit=20,2,0,0
1784912463271,2,06 GET /api/patients (paginated list),200,OK,Moderate Load - 50 users over 60s 2-40,text,true,,10513,472,21,21,http://localhost:5000/api/patients?page=4&limit=20,2,0,0
1784912463271,3,06 GET /api/patients (paginated list),200,OK,Moderate Load - 50 users over 60s 2-36,text,true,,10480,472,21,21,http://localhost:5000/api/patients?page=2&limit=20,3,0,0
1784912463332,1,02 GET / (index.html),200,OK,Moderate Load - 50 users over 60s 2-1,text,true,,1795,444,21,21,http://localhost:5000/,1,0,0
1784912463333,1,04 GET /assets/index.css,200,OK,Moderate Load - 50 users over 60s 2-41,text,true,,29024,460,21,21,http://localhost:5000/assets/index.css,1,0,0
1784912463345,1,04 GET /assets/index.css,200,OK,Moderate Load - 50 users over 60s 2-45,text,true,,29024,460,21,21,http://localhost:5000/assets/index.css,1,0,0
1784912463354,2,06 GET /api/patients (paginated list),200,OK,Moderate Load - 50 users over 60s 2-44,text,true,,10705,473,21,21,http://localhost:5000/api/patients?page=14&limit=20,2,0,0
1784912463355,3,06 GET /api/patients (paginated list),200,OK,Moderate Load - 50 users over 60s 2-27,text,true,,10686,473,21,21,http://localhost:5000/api/patients?page=19&limit=20,3,0,0
1784912463356,4,09 GET /api/appointments (day view),200,OK,Moderate Load - 50 users over 60s 2-31,text,true,,1806,460,21,21,http://localhost:5000/api/appointments,4,0,0
1784912463353,8,07 GET /api/patients?search= (name search),200,OK,Moderate Load - 50 users over 60s 2-28,text,true,,1161,482,21,21,http://localhost:5000/api/patients?search=lf&page=1&limit=20,8,0,0
1784912463365,64,01 POST /api/auth/login,200,OK,Moderate Load - 50 users over 60s 2-38,text,true,,1486,543,21,21,http://localhost:5000/api/auth/login,64,0,0
1784912463447,2,08 GET /api/patients/{id} (record with history),200,OK,Moderate Load - 50 users over 60s 2-30,text,true,,11764,459,21,21,http://localhost:5000/api/patients/49,2,0,0
1784912463519,2,02 GET / (index.html),200,OK,Moderate Load - 50 users over 60s 2-42,text,true,,1795,444,21,21,http://localhost:5000/,2,0,0
1784912463580,1,02 GET / (index.html),200,OK,Moderate Load - 50 users over 60s 2-46,text,true,,1795,444,21,21,http://localhost:5000/,1,0,0
1784912463584,1,05 GET /api/dashboard/stats,200,OK,Moderate Load - 50 users over 60s 2-29,text,true,,1219,463,21,21,http://localhost:5000/api/dashboard/stats,1,0,0
1784912463588,1,09 GET /api/appointments (day view),200,OK,Moderate Load - 50 users over 60s 2-39,text,true,,1806,460,21,21,http://localhost:5000/api/appointments,1,0,0
1784912463589,1,09 GET /api/appointments (day view),200,OK,Moderate Load - 50 users over 60s 2-35,text,true,,1806,460,21,21,http://localhost:5000/api/appointments,1,0,0
1784912463711,2,09 GET /api/appointments (day view),200,OK,Moderate Load - 50 users over 60s 2-43,text,true,,1806,460,22,22,http://localhost:5000/api/appointments,2,0,0
1784912463712,2,03 GET /assets/index.js (main bundle),200,OK,Moderate Load - 50 users over 60s 2-34,text,true,,233662,459,22,22,http://localhost:5000/assets/index.js,2,0,0
1784912463727,2,05 GET /api/dashboard/stats,200,OK,Moderate Load - 50 users over 60s 2-33,text,true,,1219,463,22,22,http://localhost:5000/api/dashboard/stats,2,0,0
1784912463727,3,05 GET /api/dashboard/stats,200,OK,Moderate Load - 50 users over 60s 2-37,text,true,,1219,463,22,22,http://localhost:5000/api/dashboard/stats,3,0,0
1784912463772,1,07 GET /api/patients?search= (name search),200,OK,Moderate Load - 50 users over 60s 2-32,text,true,,1160,482,22,22,http://localhost:5000/api/patients?search=bh&page=1&limit=20,1,0,0
1784912463773,2,07 GET /api/patients?search= (name search),200,OK,Moderate Load - 50 users over 60s 2-40,text,true,,1160,482,22,22,http://localhost:5000/api/patients?search=ot&page=1&limit=20,2,0,0
1784912463778,1,07 GET /api/patients?search= (name search),200,OK,Moderate Load - 50 users over 60s 2-36,text,true,,1160,482,22,22,http://localhost:5000/api/patients?search=ba&page=1&limit=20,1,0,0
1784912463836,2,05 GET /api/dashboard/stats,200,OK,Moderate Load - 50 users over 60s 2-41,text,true,,1219,463,22,22,http://localhost:5000/api/dashboard/stats,2,0,0
1784912463836,4,03 GET /assets/index.js (main bundle),200,OK,Moderate Load - 50 users over 60s 2-1,text,true,,233662,459,22,22,http://localhost:5000/assets/index.js,3,0,0
1784912463847,2,05 GET /api/dashboard/stats,200,OK,Moderate Load - 50 users over 60s 2-45,text,true,,1219,463,22,22,http://localhost:5000/api/dashboard/stats,2,0,0
1784912463859,1,07 GET /api/patients?search= (name search),200,OK,Moderate Load - 50 users over 60s 2-44,text,true,,1160,482,22,22,http://localhost:5000/api/patients?search=qh&page=1&limit=20,1,0,0
1784912463861,2,08 GET /api/patients/{id} (record with history),200,OK,Moderate Load - 50 users over 60s 2-28,text,true,,10579,459,22,22,http://localhost:5000/api/patients/38,2,0,0
1784912463861,64,01 POST /api/auth/login,200,OK,Moderate Load - 50 users over 60s 2-31,text,true,,1486,543,22,22,http://localhost:5000/api/auth/login,64,0,0
1784912463858,67,07 GET /api/patients?search= (name search),200,OK,Moderate Load - 50 users over 60s 2-27,text,true,,1161,482,22,22,http://localhost:5000/api/patients?search=lj&page=1&limit=20,67,0,0
1784912463931,1,02 GET / (index.html),200,OK,Moderate Load - 50 users over 60s 2-38,text,true,,1795,444,22,22,http://localhost:5000/,1,0,0
1784912463950,1,09 GET /api/appointments (day view),200,OK,Moderate Load - 50 users over 60s 2-30,text,true,,1806,460,22,22,http://localhost:5000/api/appointments,1,0,0
1784912464021,2,03 GET /assets/index.js (main bundle),200,OK,Moderate Load - 50 users over 60s 2-42,text,true,,233662,459,22,22,http://localhost:5000/assets/index.js,2,0,0
1784912464083,2,03 GET /assets/index.js (main bundle),200,OK,Moderate Load - 50 users over 60s 2-46,text,true,,233662,459,22,22,http://localhost:5000/assets/index.js,1,0,0
1784912464087,2,06 GET /api/patients (paginated list),200,OK,Moderate Load - 50 users over 60s 2-29,text,true,,10625,473,22,22,http://localhost:5000/api/patients?page=37&limit=20,2,0,0
1784912464091,61,01 POST /api/auth/login,200,OK,Moderate Load - 50 users over 60s 2-39,text,true,,1486,543,22,22,http://localhost:5000/api/auth/login,61,0,0
1784912464093,121,01 POST /api/auth/login,200,OK,Moderate Load - 50 users over 60s 2-35,text,true,,1486,543,22,22,http://localhost:5000/api/auth/login,121,0,0
1784912464173,104,01 POST /api/auth/login,200,OK,Moderate Load - 50 users over 60s 2-47,text,true,,1486,326,22,22,http://localhost:5000/api/auth/login,104,0,1
1784912464236,43,06 GET /api/patients (paginated list),200,OK,Moderate Load - 50 users over 60s 2-33,text,true,,10689,473,22,22,http://localhost:5000/api/patients?page=50&limit=20,43,0,0
1784912464236,45,06 GET /api/patients (paginated list),200,OK,Moderate Load - 50 users over 60s 2-37,text,true,,10689,473,22,22,http://localhost:5000/api/patients?page=50&limit=20,45,0,0
1784912464277,5,08 GET /api/patients/{id} (record with history),200,OK,Moderate Load - 50 users over 60s 2-40,text,true,,10554,459,22,22,http://localhost:5000/api/patients/28,5,0,0
1784912464220,122,01 POST /api/auth/login,200,OK,Moderate Load - 50 users over 60s 2-43,text,true,,1486,543,22,22,http://localhost:5000/api/auth/login,122,0,0
1784912464282,64,08 GET /api/patients/{id} (record with history),200,OK,Moderate Load - 50 users over 60s 2-36,text,true,,10651,459,22,22,http://localhost:5000/api/patients/16,64,0,0
1784912464343,5,06 GET /api/patients (paginated list),200,OK,Moderate Load - 50 users over 60s 2-41,text,true,,10808,473,22,22,http://localhost:5000/api/patients?page=42&limit=20,5,0,0
1784912464220,128,04 GET /assets/index.css,200,OK,Moderate Load - 50 users over 60s 2-34,text,true,,29024,460,22,22,http://localhost:5000/assets/index.css,128,0,0
1784912464343,7,04 GET /assets/index.css,200,OK,Moderate Load - 50 users over 60s 2-1,text,true,,29024,460,22,22,http://localhost:5000/assets/index.css,7,0,0
1784912464282,69,08 GET /api/patients/{id} (record with history),200,OK,Moderate Load - 50 users over 60s 2-32,text,true,,11806,459,22,22,http://localhost:5000/api/patients/20,69,0,0
1784912464358,2,06 GET /api/patients (paginated list),200,OK,Moderate Load - 50 users over 60s 2-45,text,true,,10795,473,22,22,http://localhost:5000/api/patients?page=15&limit=20,2,0,0
1784912464373,2,09 GET /api/appointments (day view),200,OK,Moderate Load - 50 users over 60s 2-28,text,true,,1806,460,22,22,http://localhost:5000/api/appointments,2,0,0
1784912464373,3,08 GET /api/patients/{id} (record with history),200,OK,Moderate Load - 50 users over 60s 2-44,text,true,,12042,458,21,21,http://localhost:5000/api/patients/6,3,0,0
1784912464435,3,08 GET /api/patients/{id} (record with history),200,OK,Moderate Load - 50 users over 60s 2-27,text,true,,12439,459,21,21,http://localhost:5000/api/patients/13,3,0,0
1784912464435,3,02 GET / (index.html),200,OK,Moderate Load - 50 users over 60s 2-31,text,true,,1795,444,21,21,http://localhost:5000/,3,0,0
1784912464435,5,03 GET /assets/index.js (main bundle),200,OK,Moderate Load - 50 users over 60s 2-38,text,true,,233662,459,21,21,http://localhost:5000/assets/index.js,3,0,0
1784912464465,62,01 POST /api/auth/login,200,OK,Moderate Load - 50 users over 60s 2-30,text,true,,1486,543,21,21,http://localhost:5000/api/auth/login,62,0,0
1784912464527,1,04 GET /assets/index.css,200,OK,Moderate Load - 50 users over 60s 2-42,text,true,,29024,460,21,21,http://localhost:5000/assets/index.css,1,0,0
1784912464589,2,04 GET /assets/index.css,200,OK,Moderate Load - 50 users over 60s 2-46,text,true,,29024,460,21,21,http://localhost:5000/assets/index.css,2,0,0
1784912464591,6,07 GET /api/patients?search= (name search),200,OK,Moderate Load - 50 users over 60s 2-29,text,true,,1161,482,21,21,http://localhost:5000/api/patients?search=mj&page=1&limit=20,6,0,0
1784912464666,1,02 GET / (index.html),200,OK,Moderate Load - 50 users over 60s 2-39,text,true,,1795,444,21,21,http://localhost:5000/,1,0,0
1784912464728,2,02 GET / (index.html),200,OK,Moderate Load - 50 users over 60s 2-35,text,true,,1795,444,21,21,http://localhost:5000/,2,0,0
1784912464791,3,09 GET /api/appointments (day view),200,OK,Moderate Load - 50 users over 60s 2-40,text,true,,1806,460,21,21,http://localhost:5000/api/appointments,3,0,0
1784912464791,3,07 GET /api/patients?search= (name search),200,OK,Moderate Load - 50 users over 60s 2-37,text,true,,1160,482,21,21,http://localhost:5000/api/patients?search=di&page=1&limit=20,3,0,0
1784912464791,4,02 GET / (index.html),200,OK,Moderate Load - 50 users over 60s 2-47,text,true,,1795,444,21,21,http://localhost:5000/,4,0,0
1784912464791,5,07 GET /api/patients?search= (name search),200,OK,Moderate Load - 50 users over 60s 2-33,text,true,,1161,482,21,21,http://localhost:5000/api/patients?search=dj&page=1&limit=20,5,0,0
1784912464852,2,05 GET /api/dashboard/stats,200,OK,Moderate Load - 50 users over 60s 2-1,text,true,,1219,463,21,21,http://localhost:5000/api/dashboard/stats,2,0,0
1784912464852,3,09 GET /api/appointments (day view),200,OK,Moderate Load - 50 users over 60s 2-32,text,true,,1806,460,21,21,http://localhost:5000/api/appointments,3,0,0
1784912464852,4,09 GET /api/appointments (day view),200,OK,Moderate Load - 50 users over 60s 2-36,text,true,,1806,460,21,21,http://localhost:5000/api/appointments,4,0,0
1784912464852,6,05 GET /api/dashboard/stats,200,OK,Moderate Load - 50 users over 60s 2-34,text,true,,1219,463,21,21,http://localhost:5000/api/dashboard/stats,6,0,0
1784912464852,8,02 GET / (index.html),200,OK,Moderate Load - 50 users over 60s 2-43,text,true,,1795,444,21,21,http://localhost:5000/,8,0,0
1784912464852,8,07 GET /api/patients?search= (name search),200,OK,Moderate Load - 50 users over 60s 2-41,text,true,,1161,482,21,21,http://localhost:5000/api/patients?search=uz&page=1&limit=20,8,0,0
1784912464868,5,07 GET /api/patients?search= (name search),200,OK,Moderate Load - 50 users over 60s 2-45,text,true,,1161,482,22,22,http://localhost:5000/api/patients?search=nd&page=1&limit=20,5,0,0
1784912464884,1,09 GET /api/appointments (day view),200,OK,Moderate Load - 50 users over 60s 2-44,text,true,,1806,460,22,22,http://localhost:5000/api/appointments,1,0,0
1784912464946,2,09 GET /api/appointments (day view),200,OK,Moderate Load - 50 users over 60s 2-27,text,true,,1806,460,22,22,http://localhost:5000/api/appointments,2,0,0
1784912464946,2,04 GET /assets/index.css,200,OK,Moderate Load - 50 users over 60s 2-38,text,true,,29024,460,21,21,http://localhost:5000/assets/index.css,2,0,0
1784912464946,3,03 GET /assets/index.js (main bundle),200,OK,Moderate Load - 50 users over 60s 2-31,text,true,,233662,459,21,21,http://localhost:5000/assets/index.js,2,0,0
1784912465040,1,05 GET /api/dashboard/stats,200,OK,Moderate Load - 50 users over 60s 2-42,text,true,,1219,463,21,21,http://localhost:5000/api/dashboard/stats,1,0,0
1784912465040,2,02 GET / (index.html),200,OK,Moderate Load - 50 users over 60s 2-30,text,true,,1795,444,21,21,http://localhost:5000/,2,0,0
1784912465091,2,05 GET /api/dashboard/stats,200,OK,Moderate Load - 50 users over 60s 2-46,text,true,,1219,463,21,21,http://localhost:5000/api/dashboard/stats,2,0,0
1784912465102,3,08 GET /api/patients/{id} (record with history),200,OK,Moderate Load - 50 users over 60s 2-29,text,true,,11802,459,21,21,http://localhost:5000/api/patients/42,3,0,0
1784912465179,2,03 GET /assets/index.js (main bundle),200,OK,Moderate Load - 50 users over 60s 2-39,text,true,,233662,459,21,21,http://localhost:5000/assets/index.js,1,0,0
1784912465241,2,03 GET /assets/index.js (main bundle),200,OK,Moderate Load - 50 users over 60s 2-35,text,true,,233662,459,21,21,http://localhost:5000/assets/index.js,1,0,0
1784912465295,2,08 GET /api/patients/{id} (record with history),200,OK,Moderate Load - 50 users over 60s 2-37,text,true,,11224,459,21,21,http://localhost:5000/api/patients/33,2,0,0
1784912465297,3,08 GET /api/patients/{id} (record with history),200,OK,Moderate Load - 50 users over 60s 2-33,text,true,,12344,459,21,21,http://localhost:5000/api/patients/40,3,0,0
1784912465295,65,01 POST /api/auth/login,200,OK,Moderate Load - 50 users over 60s 2-40,text,true,,1486,543,21,21,http://localhost:5000/api/auth/login,65,0,0
1784912465354,8,06 GET /api/patients (paginated list),200,OK,Moderate Load - 50 users over 60s 2-1,text,true,,10659,473,21,21,http://localhost:5000/api/patients?page=10&limit=20,8,0,0
1784912465359,6,06 GET /api/patients (paginated list),200,OK,Moderate Load - 50 users over 60s 2-34,text,true,,10906,473,21,21,http://localhost:5000/api/patients?page=17&limit=20,5,0,0
1784912465360,6,08 GET /api/patients/{id} (record with history),200,OK,Moderate Load - 50 users over 60s 2-41,text,true,,11783,459,21,21,http://localhost:5000/api/patients/29,6,0,0
1784912465356,132,01 POST /api/auth/login,200,OK,Moderate Load - 50 users over 60s 2-36,text,true,,1486,543,21,21,http://localhost:5000/api/auth/login,132,0,0
1784912465357,132,01 POST /api/auth/login,200,OK,Moderate Load - 50 users over 60s 2-32,text,true,,1486,543,21,21,http://localhost:5000/api/auth/login,132,0,0
1784912465382,109,08 GET /api/patients/{id} (record with history),200,OK,Moderate Load - 50 users over 60s 2-45,text,true,,11223,459,21,21,http://localhost:5000/api/patients/12,109,0,0
1784912465460,34,05 GET /api/dashboard/stats,200,OK,Moderate Load - 50 users over 60s 2-38,text,true,,1219,463,21,21,http://localhost:5000/api/dashboard/stats,34,0,0
1784912465367,190,01 POST /api/auth/login,200,OK,Moderate Load - 50 users over 60s 2-48,text,true,,1486,326,21,21,http://localhost:5000/api/auth/login,190,0,1
1784912465296,261,03 GET /assets/index.js (main bundle),200,OK,Moderate Load - 50 users over 60s 2-47,text,true,,233662,459,21,21,http://localhost:5000/assets/index.js,193,0,0
1784912465460,98,04 GET /assets/index.css,200,OK,Moderate Load - 50 users over 60s 2-31,text,true,,29024,460,21,21,http://localhost:5000/assets/index.css,98,0,0
1784912465554,6,06 GET /api/patients (paginated list),200,OK,Moderate Load - 50 users over 60s 2-42,text,true,,10795,473,21,21,http://localhost:5000/api/patients?page=15&limit=20,6,0,0
1784912465360,202,03 GET /assets/index.js (main bundle),200,OK,Moderate Load - 50 users over 60s 2-43,text,true,,233662,459,21,21,http://localhost:5000/assets/index.js,136,0,0
1784912465554,11,03 GET /assets/index.js (main bundle),200,OK,Moderate Load - 50 users over 60s 2-30,text,true,,233662,459,21,21,http://localhost:5000/assets/index.js,9,0,0
1784912465600,2,06 GET /api/patients (paginated list),200,OK,Moderate Load - 50 users over 60s 2-46,text,true,,10775,473,21,21,http://localhost:5000/api/patients?page=23&limit=20,2,0,0
1784912465615,2,09 GET /api/appointments (day view),200,OK,Moderate Load - 50 users over 60s 2-29,text,true,,1806,460,21,21,http://localhost:5000/api/appointments,2,0,0
1784912465691,2,04 GET /assets/index.css,200,OK,Moderate Load - 50 users over 60s 2-39,text,true,,29024,460,20,20,http://localhost:5000/assets/index.css,2,0,0
1784912465753,2,04 GET /assets/index.css,200,OK,Moderate Load - 50 users over 60s 2-35,text,true,,29024,460,20,20,http://localhost:5000/assets/index.css,2,0,0
1784912465801,2,09 GET /api/appointments (day view),200,OK,Moderate Load - 50 users over 60s 2-37,text,true,,1806,460,20,20,http://localhost:5000/api/appointments,1,0,0
1784912465801,3,09 GET /api/appointments (day view),200,OK,Moderate Load - 50 users over 60s 2-33,text,true,,1806,460,20,20,http://localhost:5000/api/appointments,3,0,0
1784912465862,2,02 GET / (index.html),200,OK,Moderate Load - 50 users over 60s 2-40,text,true,,1795,444,20,20,http://localhost:5000/,2,0,0
1784912465864,5,07 GET /api/patients?search= (name search),200,OK,Moderate Load - 50 users over 60s 2-1,text,true,,1161,482,20,20,http://localhost:5000/api/patients?search=xi&page=1&limit=20,5,0,0
1784912465878,3,09 GET /api/appointments (day view),200,OK,Moderate Load - 50 users over 60s 2-41,text,true,,1806,460,20,20,http://localhost:5000/api/appointments,3,0,0
1784912465878,5,07 GET /api/patients?search= (name search),200,OK,Moderate Load - 50 users over 60s 2-34,text,true,,1161,482,20,20,http://localhost:5000/api/patients?search=ts&page=1&limit=20,5,0,0
1784912466000,3,09 GET /api/appointments (day view),200,OK,Moderate Load - 50 users over 60s 2-45,text,true,,1806,460,20,20,http://localhost:5000/api/appointments,3,0,0
1784912466000,4,06 GET /api/patients (paginated list),200,OK,Moderate Load - 50 users over 60s 2-38,text,true,,10553,473,20,20,http://localhost:5000/api/patients?page=34&limit=20,4,0,0
1784912466001,4,02 GET / (index.html),200,OK,Moderate Load - 50 users over 60s 2-32,text,true,,1795,444,20,20,http://localhost:5000/,4,0,0
1784912466000,5,02 GET / (index.html),200,OK,Moderate Load - 50 users over 60s 2-36,text,true,,1795,444,20,20,http://localhost:5000/,5,0,0
1784912466063,2,05 GET /api/dashboard/stats,200,OK,Moderate Load - 50 users over 60s 2-31,text,true,,1219,463,21,21,http://localhost:5000/api/dashboard/stats,2,0,0
1784912466063,4,04 GET /assets/index.css,200,OK,Moderate Load - 50 users over 60s 2-43,text,true,,29024,460,21,21,http://localhost:5000/assets/index.css,4,0,0
1784912466063,5,02 GET / (index.html),200,OK,Moderate Load - 50 users over 60s 2-48,text,true,,1795,444,21,21,http://localhost:5000/,5,0,0
1784912466063,6,04 GET /assets/index.css,200,OK,Moderate Load - 50 users over 60s 2-47,text,true,,29024,460,21,21,http://localhost:5000/assets/index.css,6,0,0
1784912466063,7,07 GET /api/patients?search= (name search),200,OK,Moderate Load - 50 users over 60s 2-42,text,true,,1161,482,21,21,http://localhost:5000/api/patients?search=ef&page=1&limit=20,7,0,0
1784912466079,1,04 GET /assets/index.css,200,OK,Moderate Load - 50 users over 60s 2-30,text,true,,29024,460,21,21,http://localhost:5000/assets/index.css,1,0,0
1784912466110,15,07 GET /api/patients?search= (name search),200,OK,Moderate Load - 50 users over 60s 2-46,text,true,,10697,482,21,21,http://localhost:5000/api/patients?search=no&page=1&limit=20,15,0,0
1784912466203,2,05 GET /api/dashboard/stats,200,OK,Moderate Load - 50 users over 60s 2-39,text,true,,1219,463,21,21,http://localhost:5000/api/dashboard/stats,2,0,0
1784912466266,1,05 GET /api/dashboard/stats,200,OK,Moderate Load - 50 users over 60s 2-35,text,true,,1219,463,21,21,http://localhost:5000/api/dashboard/stats,1,0,0
1784912466303,63,01 POST /api/auth/login,200,OK,Moderate Load - 50 users over 60s 2-37,text,true,,1486,543,21,21,http://localhost:5000/api/auth/login,63,0,0
1784912466305,122,01 POST /api/auth/login,200,OK,Moderate Load - 50 users over 60s 2-33,text,true,,1486,543,21,21,http://localhost:5000/api/auth/login,122,0,0
1784912466369,60,08 GET /api/patients/{id} (record with history),200,OK,Moderate Load - 50 users over 60s 2-1,text,true,,12437,459,21,21,http://localhost:5000/api/patients/31,60,0,0
1784912466383,48,08 GET /api/patients/{id} (record with history),200,OK,Moderate Load - 50 users over 60s 2-34,text,true,,12042,458,21,21,http://localhost:5000/api/patients/6,48,0,0
1784912466381,111,01 POST /api/auth/login,200,OK,Moderate Load - 50 users over 60s 2-41,text,true,,1486,543,21,21,http://localhost:5000/api/auth/login,111,0,0
1784912466364,129,03 GET /assets/index.js (main bundle),200,OK,Moderate Load - 50 users over 60s 2-40,text,true,,233662,459,21,21,http://localhost:5000/assets/index.js,128,0,0
1784912466503,65,01 POST /api/auth/login,200,OK,Moderate Load - 50 users over 60s 2-45,text,true,,1486,543,21,21,http://localhost:5000/api/auth/login,65,0,0
1784912466506,65,03 GET /assets/index.js (main bundle),200,OK,Moderate Load - 50 users over 60s 2-36,text,true,,233662,459,21,21,http://localhost:5000/assets/index.js,64,0,0
1784912466507,64,03 GET /assets/index.js (main bundle),200,OK,Moderate Load - 50 users over 60s 2-32,text,true,,233662,459,21,21,http://localhost:5000/assets/index.js,63,0,0
1784912466505,72,07 GET /api/patients?search= (name search),200,OK,Moderate Load - 50 users over 60s 2-38,text,true,,10602,482,21,21,http://localhost:5000/api/patients?search=je&page=1&limit=20,72,0,0
1784912466575,3,05 GET /api/dashboard/stats,200,OK,Moderate Load - 50 users over 60s 2-43,text,true,,1219,463,21,21,http://localhost:5000/api/dashboard/stats,3,0,0
1784912466575,4,06 GET /api/patients (paginated list),200,OK,Moderate Load - 50 users over 60s 2-31,text,true,,10795,473,21,21,http://localhost:5000/api/patients?page=15&limit=20,4,0,0
1784912466575,5,05 GET /api/dashboard/stats,200,OK,Moderate Load - 50 users over 60s 2-47,text,true,,1219,463,21,21,http://localhost:5000/api/dashboard/stats,5,0,0
1784912466575,7,08 GET /api/patients/{id} (record with history),200,OK,Moderate Load - 50 users over 60s 2-42,text,true,,11258,459,21,21,http://localhost:5000/api/patients/19,7,0,0
1784912466576,66,01 POST /api/auth/login,200,OK,Moderate Load - 50 users over 60s 2-49,text,true,,1486,326,21,21,http://localhost:5000/api/auth/login,66,0,0
1784912466590,53,05 GET /api/dashboard/stats,200,OK,Moderate Load - 50 users over 60s 2-30,text,true,,1219,463,21,21,http://localhost:5000/api/dashboard/stats,53,0,0
1784912466635,9,08 GET /api/patients/{id} (record with history),200,OK,Moderate Load - 50 users over 60s 2-46,text,true,,11223,459,21,21,http://localhost:5000/api/patients/12,9,0,0
1784912466575,70,03 GET /assets/index.js (main bundle),200,OK,Moderate Load - 50 users over 60s 2-48,text,true,,233662,459,21,21,http://localhost:5000/assets/index.js,66,0,0
1784912466714,2,06 GET /api/patients (paginated list),200,OK,Moderate Load - 50 users over 60s 2-39,text,true,,10906,472,21,21,http://localhost:5000/api/patients?page=9&limit=20,2,0,0
1784912466776,3,06 GET /api/patients (paginated list),200,OK,Moderate Load - 50 users over 60s 2-35,text,true,,10834,473,21,21,http://localhost:5000/api/patients?page=28&limit=20,2,0,0
1784912466867,2,02 GET / (index.html),200,OK,Moderate Load - 50 users over 60s 2-37,text,true,,1795,444,21,21,http://localhost:5000/,2,0,0
1784912466928,2,02 GET / (index.html),200,OK,Moderate Load - 50 users over 60s 2-33,text,true,,1795,444,21,21,http://localhost:5000/,2,0,0
1784912466931,2,09 GET /api/appointments (day view),200,OK,Moderate Load - 50 users over 60s 2-1,text,true,,1806,460,21,21,http://localhost:5000/api/appointments,2,0,0
1784912466945,1,09 GET /api/appointments (day view),200,OK,Moderate Load - 50 users over 60s 2-34,text,true,,1806,460,21,21,http://localhost:5000/api/appointments,1,0,0
1784912467006,1,04 GET /assets/index.css,200,OK,Moderate Load - 50 users over 60s 2-40,text,true,,29024,460,21,21,http://localhost:5000/assets/index.css,1,0,0
1784912467006,1,02 GET / (index.html),200,OK,Moderate Load - 50 users over 60s 2-41,text,true,,1795,444,21,21,http://localhost:5000/,1,0,0
1784912467083,3,06 GET /api/patients (paginated list),200,OK,Moderate Load - 50 users over 60s 2-47,text,true,,10805,473,21,21,http://localhost:5000/api/patients?page=12&limit=20,3,0,0
1784912467083,5,09 GET /api/appointments (day view),200,OK,Moderate Load - 50 users over 60s 2-42,text,true,,1806,460,21,21,http://localhost:5000/api/appointments,5,0,0
1784912467083,7,06 GET /api/patients (paginated list),200,OK,Moderate Load - 50 users over 60s 2-43,text,true,,10803,473,21,21,http://localhost:5000/api/patients?page=35&limit=20,7,0,0
1784912467084,7,08 GET /api/patients/{id} (record with history),200,OK,Moderate Load - 50 users over 60s 2-38,text,true,,9997,459,21,21,http://localhost:5000/api/patients/15,7,0,0
1784912467083,10,04 GET /assets/index.css,200,OK,Moderate Load - 50 users over 60s 2-36,text,true,,29024,460,21,21,http://localhost:5000/assets/index.css,10,0,0
1784912467083,10,04 GET /assets/index.css,200,OK,Moderate Load - 50 users over 60s 2-32,text,true,,29024,460,21,21,http://localhost:5000/assets/index.css,10,0,0
1784912467083,10,02 GET / (index.html),200,OK,Moderate Load - 50 users over 60s 2-45,text,true,,1795,444,21,21,http://localhost:5000/,10,0,0
1784912467083,11,07 GET /api/patients?search= (name search),200,OK,Moderate Load - 50 users over 60s 2-31,text,true,,1161,482,21,21,http://localhost:5000/api/patients?search=ym&page=1&limit=20,11,0,0
1784912467145,3,06 GET /api/patients (paginated list),200,OK,Moderate Load - 50 users over 60s 2-30,text,true,,10595,473,21,21,http://localhost:5000/api/patients?page=44&limit=20,3,0,0
1784912467145,6,09 GET /api/appointments (day view),200,OK,Moderate Load - 50 users over 60s 2-46,text,true,,1806,460,21,21,http://localhost:5000/api/appointments,6,0,0
1784912467145,7,02 GET / (index.html),200,OK,Moderate Load - 50 users over 60s 2-49,text,true,,1795,444,21,21,http://localhost:5000/,7,0,0
1784912467146,7,04 GET /assets/index.css,200,OK,Moderate Load - 50 users over 60s 2-48,text,true,,29024,460,21,21,http://localhost:5000/assets/index.css,7,0,0
1784912467222,2,07 GET /api/patients?search= (name search),200,OK,Moderate Load - 50 users over 60s 2-39,text,true,,1160,482,21,21,http://localhost:5000/api/patients?search=aj&page=1&limit=20,2,0,0
1784912467285,5,07 GET /api/patients?search= (name search),200,OK,Moderate Load - 50 users over 60s 2-35,text,true,,1161,482,22,22,http://localhost:5000/api/patients?search=uv&page=1&limit=20,5,0,0
1784912467370,2,03 GET /assets/index.js (main bundle),200,OK,Moderate Load - 50 users over 60s 2-37,text,true,,233662,459,22,22,http://localhost:5000/assets/index.js,2,0,0
1784912467430,2,03 GET /assets/index.js (main bundle),200,OK,Moderate Load - 50 users over 60s 2-33,text,true,,233662,459,22,22,http://localhost:5000/assets/index.js,2,0,0
1784912467434,60,01 POST /api/auth/login,200,OK,Moderate Load - 50 users over 60s 2-1,text,true,,1486,543,22,22,http://localhost:5000/api/auth/login,60,0,0
1784912467447,110,01 POST /api/auth/login,200,OK,Moderate Load - 50 users over 60s 2-34,text,true,,1486,543,22,22,http://localhost:5000/api/auth/login,110,0,0
1784912467508,50,05 GET /api/dashboard/stats,200,OK,Moderate Load - 50 users over 60s 2-40,text,true,,1219,463,22,22,http://localhost:5000/api/dashboard/stats,50,0,0
1784912467508,52,03 GET /assets/index.js (main bundle),200,OK,Moderate Load - 50 users over 60s 2-41,text,true,,233662,459,22,22,http://localhost:5000/assets/index.js,51,0,0
1784912465398,2165,10 POST /api/ai/pre-appointment/{id},200,OK,Moderate Load - 50 users over 60s 2-44,text,true,,2493,490,22,22,http://localhost:5000/api/ai/pre-appointment/371,2165,0,0
1784912467586,2,07 GET /api/patients?search= (name search),200,OK,Moderate Load - 50 users over 60s 2-47,text,true,,1160,482,22,22,http://localhost:5000/api/patients?search=xv&page=1&limit=20,2,0,0
1784912467592,2,09 GET /api/appointments (day view),200,OK,Moderate Load - 50 users over 60s 2-38,text,true,,1806,460,22,22,http://localhost:5000/api/appointments,2,0,0
1784912467593,4,05 GET /api/dashboard/stats,200,OK,Moderate Load - 50 users over 60s 2-32,text,true,,1219,463,22,22,http://localhost:5000/api/dashboard/stats,4,0,0
1784912467593,5,05 GET /api/dashboard/stats,200,OK,Moderate Load - 50 users over 60s 2-36,text,true,,1219,463,22,22,http://localhost:5000/api/dashboard/stats,5,0,0
1784912467594,5,08 GET /api/patients/{id} (record with history),200,OK,Moderate Load - 50 users over 60s 2-31,text,true,,11156,458,22,22,http://localhost:5000/api/patients/7,5,0,0
1784912467590,11,07 GET /api/patients?search= (name search),200,OK,Moderate Load - 50 users over 60s 2-43,text,true,,1161,482,22,22,http://localhost:5000/api/patients?search=dk&page=1&limit=20,10,0,0
1784912467593,11,03 GET /assets/index.js (main bundle),200,OK,Moderate Load - 50 users over 60s 2-45,text,true,,233662,459,22,22,http://localhost:5000/assets/index.js,9,0,0
1784912467652,60,01 POST /api/auth/login,200,OK,Moderate Load - 50 users over 60s 2-46,text,true,,1486,543,22,22,http://localhost:5000/api/auth/login,60,0,0
1784912467649,64,07 GET /api/patients?search= (name search),200,OK,Moderate Load - 50 users over 60s 2-30,text,true,,1161,482,22,22,http://localhost:5000/api/patients?search=qv&page=1&limit=20,64,0,0
1784912467655,59,05 GET /api/dashboard/stats,200,OK,Moderate Load - 50 users over 60s 2-48,text,true,,1219,463,22,22,http://localhost:5000/api/dashboard/stats,59,0,0
1784912467653,62,03 GET /assets/index.js (main bundle),200,OK,Moderate Load - 50 users over 60s 2-49,text,true,,233662,459,22,22,http://localhost:5000/assets/index.js,62,0,0
1784912467726,3,08 GET /api/patients/{id} (record with history),200,OK,Moderate Load - 50 users over 60s 2-39,text,true,,9423,459,22,22,http://localhost:5000/api/patients/39,3,0,0
1784912467767,62,01 POST /api/auth/login,200,OK,Moderate Load - 50 users over 60s 2-50,text,true,,1486,326,22,22,http://localhost:5000/api/auth/login,62,0,1
1784912467798,33,08 GET /api/patients/{id} (record with history),200,OK,Moderate Load - 50 users over 60s 2-35,text,true,,8809,459,22,22,http://localhost:5000/api/patients/11,33,0,0
1784912467875,2,04 GET /assets/index.css,200,OK,Moderate Load - 50 users over 60s 2-37,text,true,,29024,460,22,22,http://localhost:5000/assets/index.css,2,0,0
1784912467938,1,04 GET /assets/index.css,200,OK,Moderate Load - 50 users over 60s 2-33,text,true,,29024,460,22,22,http://localhost:5000/assets/index.css,1,0,0
1784912467999,2,02 GET / (index.html),200,OK,Moderate Load - 50 users over 60s 2-1,text,true,,1795,444,22,22,http://localhost:5000/,1,0,0
1784912468062,2,06 GET /api/patients (paginated list),200,OK,Moderate Load - 50 users over 60s 2-40,text,true,,10775,473,22,22,http://localhost:5000/api/patients?page=23&limit=20,2,0,0
1784912468061,4,02 GET / (index.html),200,OK,Moderate Load - 50 users over 60s 2-34,text,true,,1795,444,22,22,http://localhost:5000/,4,0,0
1784912468061,4,04 GET /assets/index.css,200,OK,Moderate Load - 50 users over 60s 2-41,text,true,,29024,460,22,22,http://localhost:5000/assets/index.css,4,0,0
1784912468077,62,01 POST /api/auth/login,200,OK,Moderate Load - 50 users over 60s 2-44,text,true,,1486,543,22,22,http://localhost:5000/api/auth/login,62,0,0
1784912468092,48,08 GET /api/patients/{id} (record with history),200,OK,Moderate Load - 50 users over 60s 2-47,text,true,,11218,459,22,22,http://localhost:5000/api/patients/30,48,0,0
1784912468108,34,08 GET /api/patients/{id} (record with history),200,OK,Moderate Load - 50 users over 60s 2-43,text,true,,9423,459,22,22,http://localhost:5000/api/patients/39,34,0,0
1784912468108,35,06 GET /api/patients (paginated list),200,OK,Moderate Load - 50 users over 60s 2-36,text,true,,10705,473,22,22,http://localhost:5000/api/patients?page=14&limit=20,35,0,0
1784912468108,37,09 GET /api/appointments (day view),200,OK,Moderate Load - 50 users over 60s 2-31,text,true,,1806,460,22,22,http://localhost:5000/api/appointments,37,0,0
1784912468108,39,06 GET /api/patients (paginated list),200,OK,Moderate Load - 50 users over 60s 2-32,text,true,,10605,473,21,21,http://localhost:5000/api/patients?page=13&limit=20,39,0,0
1784912468108,100,04 GET /assets/index.css,200,OK,Moderate Load - 50 users over 60s 2-45,text,true,,29024,460,21,21,http://localhost:5000/assets/index.css,100,0,0
1784912468108,99,01 POST /api/auth/login,200,OK,Moderate Load - 50 users over 60s 2-38,text,true,,1486,543,21,21,http://localhost:5000/api/auth/login,99,0,0
1784912468217,2,08 GET /api/patients/{id} (record with history),200,OK,Moderate Load - 50 users over 60s 2-30,text,true,,10579,459,21,21,http://localhost:5000/api/patients/38,2,0,0
1784912468217,4,06 GET /api/patients (paginated list),200,OK,Moderate Load - 50 users over 60s 2-48,text,true,,10914,473,21,21,http://localhost:5000/api/patients?page=49&limit=20,4,0,0
1784912468217,7,02 GET / (index.html),200,OK,Moderate Load - 50 users over 60s 2-46,text,true,,1795,444,21,21,http://localhost:5000/,7,0,0
1784912468217,7,04 GET /assets/index.css,200,OK,Moderate Load - 50 users over 60s 2-49,text,true,,29024,460,21,21,http://localhost:5000/assets/index.css,7,0,0
1784912468233,1,09 GET /api/appointments (day view),200,OK,Moderate Load - 50 users over 60s 2-39,text,true,,1806,460,21,21,http://localhost:5000/api/appointments,1,0,0
1784912468342,2,09 GET /api/appointments (day view),200,OK,Moderate Load - 50 users over 60s 2-35,text,true,,1806,460,21,21,http://localhost:5000/api/appointments,2,0,0
1784912468342,2,02 GET / (index.html),200,OK,Moderate Load - 50 users over 60s 2-50,text,true,,1795,444,21,21,http://localhost:5000/,2,0,0
1784912468388,1,05 GET /api/dashboard/stats,200,OK,Moderate Load - 50 users over 60s 2-37,text,true,,1219,463,21,21,http://localhost:5000/api/dashboard/stats,1,0,0
1784912468449,2,05 GET /api/dashboard/stats,200,OK,Moderate Load - 50 users over 60s 2-33,text,true,,1219,463,21,21,http://localhost:5000/api/dashboard/stats,2,0,0
1784912468512,2,03 GET /assets/index.js (main bundle),200,OK,Moderate Load - 50 users over 60s 2-1,text,true,,233662,459,21,21,http://localhost:5000/assets/index.js,1,0,0
1784912468574,3,05 GET /api/dashboard/stats,200,OK,Moderate Load - 50 users over 60s 2-41,text,true,,1219,463,21,21,http://localhost:5000/api/dashboard/stats,3,0,0
1784912468574,12,07 GET /api/patients?search= (name search),200,OK,Moderate Load - 50 users over 60s 2-40,text,true,,1161,482,21,21,http://localhost:5000/api/patients?search=hk&page=1&limit=20,12,0,0
1784912468574,12,03 GET /assets/index.js (main bundle),200,OK,Moderate Load - 50 users over 60s 2-34,text,true,,233662,459,21,21,http://localhost:5000/assets/index.js,11,0,0
1784912468651,2,09 GET /api/appointments (day view),200,OK,Moderate Load - 50 users over 60s 2-47,text,true,,1806,460,21,21,http://localhost:5000/api/appointments,2,0,0
1784912468651,4,09 GET /api/appointments (day view),200,OK,Moderate Load - 50 users over 60s 2-43,text,true,,1806,460,21,21,http://localhost:5000/api/appointments,4,0,0
1784912468651,7,02 GET / (index.html),200,OK,Moderate Load - 50 users over 60s 2-44,text,true,,1795,444,21,21,http://localhost:5000/,7,0,0
1784912468651,8,07 GET /api/patients?search= (name search),200,OK,Moderate Load - 50 users over 60s 2-36,text,true,,1161,482,21,21,http://localhost:5000/api/patients?search=uk&page=1&limit=20,8,0,0
1784912468651,10,07 GET /api/patients?search= (name search),200,OK,Moderate Load - 50 users over 60s 2-32,text,true,,1161,482,21,21,http://localhost:5000/api/patients?search=bl&page=1&limit=20,9,0,0
1784912468713,2,05 GET /api/dashboard/stats,200,OK,Moderate Load - 50 users over 60s 2-45,text,true,,1219,463,21,21,http://localhost:5000/api/dashboard/stats,2,0,0
1784912468713,3,02 GET / (index.html),200,OK,Moderate Load - 50 users over 60s 2-38,text,true,,1795,444,21,21,http://localhost:5000/,3,0,0
1784912468728,2,09 GET /api/appointments (day view),200,OK,Moderate Load - 50 users over 60s 2-30,text,true,,1806,460,21,21,http://localhost:5000/api/appointments,2,0,0
1784912468728,5,05 GET /api/dashboard/stats,200,OK,Moderate Load - 50 users over 60s 2-49,text,true,,1219,463,20,20,http://localhost:5000/api/dashboard/stats,5,0,0
1784912468728,7,07 GET /api/patients?search= (name search),200,OK,Moderate Load - 50 users over 60s 2-48,text,true,,1161,482,20,20,http://localhost:5000/api/patients?search=lv&page=1&limit=20,7,0,0
1784912468728,8,03 GET /assets/index.js (main bundle),200,OK,Moderate Load - 50 users over 60s 2-46,text,true,,233662,459,20,20,http://localhost:5000/assets/index.js,8,0,0
1784912468744,59,01 POST /api/auth/login,200,OK,Moderate Load - 50 users over 60s 2-39,text,true,,1486,543,20,20,http://localhost:5000/api/auth/login,59,0,0
1784912468852,62,01 POST /api/auth/login,200,OK,Moderate Load - 50 users over 60s 2-35,text,true,,1486,543,20,20,http://localhost:5000/api/auth/login,62,0,0
1784912468898,18,06 GET /api/patients (paginated list),200,OK,Moderate Load - 50 users over 60s 2-37,text,true,,10805,473,20,20,http://localhost:5000/api/patients?page=12&limit=20,18,0,0
1784912468852,64,03 GET /assets/index.js (main bundle),200,OK,Moderate Load - 50 users over 60s 2-50,text,true,,233662,459,20,20,http://localhost:5000/assets/index.js,64,0,0
1784912468960,3,06 GET /api/patients (paginated list),200,OK,Moderate Load - 50 users over 60s 2-33,text,true,,10635,473,20,20,http://localhost:5000/api/patients?page=40&limit=20,3,0,0
1784912469021,3,04 GET /assets/index.css,200,OK,Moderate Load - 50 users over 60s 2-1,text,true,,29024,460,20,20,http://localhost:5000/assets/index.css,3,0,0
1784912467589,1485,10 POST /api/ai/pre-appointment/{id},200,OK,Moderate Load - 50 users over 60s 2-42,text,true,,2341,490,20,20,http://localhost:5000/api/ai/pre-appointment/267,1485,0,0
1784912469083,2,06 GET /api/patients (paginated list),200,OK,Moderate Load - 50 users over 60s 2-41,text,true,,10696,472,20,20,http://localhost:5000/api/patients?page=1&limit=20,2,0,0
1784912469099,2,08 GET /api/patients/{id} (record with history),200,OK,Moderate Load - 50 users over 60s 2-40,text,true,,11802,459,20,20,http://localhost:5000/api/patients/42,2,0,0
1784912469099,3,04 GET /assets/index.css,200,OK,Moderate Load - 50 users over 60s 2-34,text,true,,29024,460,20,20,http://localhost:5000/assets/index.css,3,0,0
1784912469160,2,08 GET /api/patients/{id} (record with history),200,OK,Moderate Load - 50 users over 60s 2-36,text,true,,9972,459,20,20,http://localhost:5000/api/patients/37,2,0,0
1784912469160,4,08 GET /api/patients/{id} (record with history),200,OK,Moderate Load - 50 users over 60s 2-32,text,true,,10582,459,20,20,http://localhost:5000/api/patients/36,4,0,0
1784912469160,64,01 POST /api/auth/login,200,OK,Moderate Load - 50 users over 60s 2-43,text,true,,1486,543,20,20,http://localhost:5000/api/auth/login,64,0,0
1784912469223,61,06 GET /api/patients (paginated list),200,OK,Moderate Load - 50 users over 60s 2-45,text,true,,10668,472,20,20,http://localhost:5000/api/patients?page=5&limit=20,61,0,0
1784912469160,125,01 POST /api/auth/login,200,OK,Moderate Load - 50 users over 60s 2-47,text,true,,1486,543,20,20,http://localhost:5000/api/auth/login,125,0,0
1784912469238,48,08 GET /api/patients/{id} (record with history),200,OK,Moderate Load - 50 users over 60s 2-48,text,true,,11156,458,20,20,http://localhost:5000/api/patients/7,48,0,0
1784912469238,50,06 GET /api/patients (paginated list),200,OK,Moderate Load - 50 users over 60s 2-49,text,true,,10605,473,20,20,http://localhost:5000/api/patients?page=13&limit=20,50,0,0
1784912469160,129,03 GET /assets/index.js (main bundle),200,OK,Moderate Load - 50 users over 60s 2-44,text,true,,233662,459,20,20,http://localhost:5000/assets/index.js,128,0,0
1784912469238,51,04 GET /assets/index.css,200,OK,Moderate Load - 50 users over 60s 2-46,text,true,,29024,460,20,20,http://localhost:5000/assets/index.css,51,0,0
1784912469223,67,03 GET /assets/index.js (main bundle),200,OK,Moderate Load - 50 users over 60s 2-38,text,true,,233662,459,20,20,http://localhost:5000/assets/index.js,66,0,0
1784912469317,1,02 GET / (index.html),200,OK,Moderate Load - 50 users over 60s 2-39,text,true,,1795,444,20,20,http://localhost:5000/,1,0,0
1784912469425,1,07 GET /api/patients?search= (name search),200,OK,Moderate Load - 50 users over 60s 2-37,text,true,,1160,482,20,20,http://localhost:5000/api/patients?search=wq&page=1&limit=20,1,0,0
1784912469425,2,02 GET / (index.html),200,OK,Moderate Load - 50 users over 60s 2-35,text,true,,1795,444,20,20,http://localhost:5000/,2,0,0
1784912469425,3,04 GET /assets/index.css,200,OK,Moderate Load - 50 users over 60s 2-50,text,true,,29024,460,20,20,http://localhost:5000/assets/index.css,3,0,0
1784912469472,4,07 GET /api/patients?search= (name search),200,OK,Moderate Load - 50 users over 60s 2-33,text,true,,1161,482,20,20,http://localhost:5000/api/patients?search=xy&page=1&limit=20,4,0,0
1784912469534,2,05 GET /api/dashboard/stats,200,OK,Moderate Load - 50 users over 60s 2-1,text,true,,1219,463,20,20,http://localhost:5000/api/dashboard/stats,2,0,1
1784912469580,61,01 POST /api/auth/login,200,OK,Moderate Load - 50 users over 60s 2-42,text,true,,1486,543,20,20,http://localhost:5000/api/auth/login,61,0,0
1784912469595,47,07 GET /api/patients?search= (name search),200,OK,Moderate Load - 50 users over 60s 2-41,text,true,,1160,482,20,20,http://localhost:5000/api/patients?search=ao&page=1&limit=20,47,0,0
1784912469610,33,05 GET /api/dashboard/stats,200,OK,Moderate Load - 50 users over 60s 2-34,text,true,,1219,463,20,20,http://localhost:5000/api/dashboard/stats,33,0,0
1784912469610,34,09 GET /api/appointments (day view),200,OK,Moderate Load - 50 users over 60s 2-40,text,true,,1806,460,20,20,http://localhost:5000/api/appointments,34,0,0
1784912469672,1,09 GET /api/appointments (day view),200,OK,Moderate Load - 50 users over 60s 2-32,text,true,,1806,460,20,20,http://localhost:5000/api/appointments,1,0,0
1784912469672,2,09 GET /api/appointments (day view),200,OK,Moderate Load - 50 users over 60s 2-36,text,true,,1806,460,20,20,http://localhost:5000/api/appointments,2,0,0
1784912469734,2,02 GET / (index.html),200,OK,Moderate Load - 50 users over 60s 2-43,text,true,,1795,444,20,20,http://localhost:5000/,2,0,0
1784912469797,2,09 GET /api/appointments (day view),200,OK,Moderate Load - 50 users over 60s 2-48,text,true,,1806,460,20,20,http://localhost:5000/api/appointments,2,0,0
1784912469797,5,05 GET /api/dashboard/stats,200,OK,Moderate Load - 50 users over 60s 2-46,text,true,,1219,463,20,20,http://localhost:5000/api/dashboard/stats,5,0,0
1784912469797,8,02 GET / (index.html),200,OK,Moderate Load - 50 users over 60s 2-47,text,true,,1795,444,20,20,http://localhost:5000/,8,0,0
1784912469797,8,04 GET /assets/index.css,200,OK,Moderate Load - 50 users over 60s 2-44,text,true,,29024,460,20,20,http://localhost:5000/assets/index.css,8,0,0
1784912469797,8,04 GET /assets/index.css,200,OK,Moderate Load - 50 users over 60s 2-38,text,true,,29024,460,20,20,http://localhost:5000/assets/index.css,8,0,0
1784912469797,9,07 GET /api/patients?search= (name search),200,OK,Moderate Load - 50 users over 60s 2-49,text,true,,1161,482,20,20,http://localhost:5000/api/patients?search=co&page=1&limit=20,9,0,0
1784912469797,9,07 GET /api/patients?search= (name search),200,OK,Moderate Load - 50 users over 60s 2-45,text,true,,1161,482,20,20,http://localhost:5000/api/patients?search=os&page=1&limit=20,9,0,0
1784912469828,2,03 GET /assets/index.js (main bundle),200,OK,Moderate Load - 50 users over 60s 2-39,text,true,,233662,459,20,20,http://localhost:5000/assets/index.js,1,0,0
1784912469937,1,08 GET /api/patients/{id} (record with history),200,OK,Moderate Load - 50 users over 60s 2-37,text,true,,10602,458,20,20,http://localhost:5000/api/patients/9,1,0,0
1784912469936,10,05 GET /api/dashboard/stats,200,OK,Moderate Load - 50 users over 60s 2-50,text,true,,1219,463,20,20,http://localhost:5000/api/dashboard/stats,10,0,0
1784912469936,11,03 GET /assets/index.js (main bundle),200,OK,Moderate Load - 50 users over 60s 2-35,text,true,,233662,459,20,20,http://localhost:5000/assets/index.js,11,0,0
1784912469983,2,08 GET /api/patients/{id} (record with history),200,OK,Moderate Load - 50 users over 60s 2-33,text,true,,10626,459,20,20,http://localhost:5000/api/patients/41,2,0,0
1784912470046,2,06 GET /api/patients (paginated list),200,OK,Moderate Load - 50 users over 60s 2-1,text,true,,10656,472,20,20,http://localhost:5000/api/patients?page=6&limit=20,2,0,0
1784912470154,2,06 GET /api/patients (paginated list),200,OK,Moderate Load - 50 users over 60s 2-34,text,true,,10553,473,20,20,http://localhost:5000/api/patients?page=34&limit=20,2,0,0
1784912470154,3,08 GET /api/patients/{id} (record with history),200,OK,Moderate Load - 50 users over 60s 2-41,text,true,,11865,459,20,20,http://localhost:5000/api/patients/27,3,0,0
1784912470154,5,02 GET / (index.html),200,OK,Moderate Load - 50 users over 60s 2-42,text,true,,1795,444,20,20,http://localhost:5000/,5,0,0
1784912470154,66,01 POST /api/auth/login,200,OK,Moderate Load - 50 users over 60s 2-40,text,true,,1486,543,20,20,http://localhost:5000/api/auth/login,66,0,0
1784912470184,98,01 POST /api/auth/login,200,OK,Moderate Load - 50 users over 60s 2-36,text,true,,1486,543,20,20,http://localhost:5000/api/auth/login,98,0,0
1784912470246,41,03 GET /assets/index.js (main bundle),200,OK,Moderate Load - 50 users over 60s 2-43,text,true,,233662,459,20,20,http://localhost:5000/assets/index.js,39,0,0
1784912470308,3,08 GET /api/patients/{id} (record with history),200,OK,Moderate Load - 50 users over 60s 2-45,text,true,,11220,459,20,20,http://localhost:5000/api/patients/45,3,0,0
1784912470308,5,06 GET /api/patients (paginated list),200,OK,Moderate Load - 50 users over 60s 2-46,text,true,,10906,472,20,20,http://localhost:5000/api/patients?page=9&limit=20,5,0,0
1784912470308,6,05 GET /api/dashboard/stats,200,OK,Moderate Load - 50 users over 60s 2-44,text,true,,1219,463,20,20,http://localhost:5000/api/dashboard/stats,6,0,0
1784912470308,7,05 GET /api/dashboard/stats,200,OK,Moderate Load - 50 users over 60s 2-38,text,true,,1219,463,20,20,http://localhost:5000/api/dashboard/stats,7,0,0
1784912470308,9,08 GET /api/patients/{id} (record with history),200,OK,Moderate Load - 50 users over 60s 2-49,text,true,,12437,459,20,20,http://localhost:5000/api/patients/31,9,0,0
1784912470308,68,01 POST /api/auth/login,200,OK,Moderate Load - 50 users over 60s 2-48,text,true,,1486,543,20,20,http://localhost:5000/api/auth/login,68,0,0
1784912470339,38,04 GET /assets/index.css,200,OK,Moderate Load - 50 users over 60s 2-39,text,true,,29024,460,20,20,http://localhost:5000/assets/index.css,38,0,0
1784912470308,69,03 GET /assets/index.js (main bundle),200,OK,Moderate Load - 50 users over 60s 2-47,text,true,,233662,459,20,20,http://localhost:5000/assets/index.js,69,0,0
1784912470449,2,09 GET /api/appointments (day view),200,OK,Moderate Load - 50 users over 60s 2-37,text,true,,1806,460,20,20,http://localhost:5000/api/appointments,2,0,0
1784912470449,5,04 GET /assets/index.css,200,OK,Moderate Load - 50 users over 60s 2-35,text,true,,29024,460,20,20,http://localhost:5000/assets/index.css,5,0,0
1784912470449,23,06 GET /api/patients (paginated list),200,OK,Moderate Load - 50 users over 60s 2-50,text,true,,10608,473,20,20,http://localhost:5000/api/patients?page=41&limit=20,23,0,0
1784912470495,2,09 GET /api/appointments (day view),200,OK,Moderate Load - 50 users over 60s 2-33,text,true,,1806,460,20,20,http://localhost:5000/api/appointments,2,0,0
1784912470556,2,07 GET /api/patients?search= (name search),200,OK,Moderate Load - 50 users over 60s 2-1,text,true,,1160,482,19,19,http://localhost:5000/api/patients?search=ef&page=1&limit=20,2,0,0
1784912470666,2,09 GET /api/appointments (day view),200,OK,Moderate Load - 50 users over 60s 2-41,text,true,,1806,460,19,19,http://localhost:5000/api/appointments,2,0,0
1784912470666,5,07 GET /api/patients?search= (name search),200,OK,Moderate Load - 50 users over 60s 2-34,text,true,,1161,482,19,19,http://localhost:5000/api/patients?search=gl&page=1&limit=20,5,0,0
1784912470666,6,03 GET /assets/index.js (main bundle),200,OK,Moderate Load - 50 users over 60s 2-42,text,true,,233662,459,19,19,http://localhost:5000/assets/index.js,4,0,0
1784912470728,1,02 GET / (index.html),200,OK,Moderate Load - 50 users over 60s 2-40,text,true,,1795,444,19,19,http://localhost:5000/,1,0,0
1784912470790,1,02 GET / (index.html),200,OK,Moderate Load - 50 users over 60s 2-36,text,true,,1795,444,19,19,http://localhost:5000/,1,0,0
1784912470790,2,04 GET /assets/index.css,200,OK,Moderate Load - 50 users over 60s 2-43,text,true,,29024,460,19,19,http://localhost:5000/assets/index.css,2,0,0
1784912470822,2,06 GET /api/patients (paginated list),200,OK,Moderate Load - 50 users over 60s 2-38,text,true,,10696,472,19,19,http://localhost:5000/api/patients?page=1&limit=20,2,0,0
1784912470822,3,09 GET /api/appointments (day view),200,OK,Moderate Load - 50 users over 60s 2-45,text,true,,1806,460,19,19,http://localhost:5000/api/appointments,3,0,0
1784912470822,4,09 GET /api/appointments (day view),200,OK,Moderate Load - 50 users over 60s 2-49,text,true,,1806,460,19,19,http://localhost:5000/api/appointments,4,0,0
1784912470822,7,06 GET /api/patients (paginated list),200,OK,Moderate Load - 50 users over 60s 2-44,text,true,,10834,473,19,19,http://localhost:5000/api/patients?page=28&limit=20,7,0,0
1784912470822,9,07 GET /api/patients?search= (name search),200,OK,Moderate Load - 50 users over 60s 2-46,text,true,,1161,482,19,19,http://localhost:5000/api/patients?search=mx&page=1&limit=20,9,0,0
1784912470884,1,05 GET /api/dashboard/stats,200,OK,Moderate Load - 50 users over 60s 2-39,text,true,,1219,463,19,19,http://localhost:5000/api/dashboard/stats,1,0,0
1784912470884,2,02 GET / (index.html),200,OK,Moderate Load - 50 users over 60s 2-48,text,true,,1795,444,19,19,http://localhost:5000/,2,0,0
1784912470884,4,04 GET /assets/index.css,200,OK,Moderate Load - 50 users over 60s 2-47,text,true,,29024,460,19,19,http://localhost:5000/assets/index.css,4,0,0
1784912470962,2,05 GET /api/dashboard/stats,200,OK,Moderate Load - 50 users over 60s 2-35,text,true,,1219,463,19,19,http://localhost:5000/api/dashboard/stats,2,0,0
1784912470962,63,01 POST /api/auth/login,200,OK,Moderate Load - 50 users over 60s 2-37,text,true,,1486,543,19,19,http://localhost:5000/api/auth/login,63,0,0
1784912470977,52,07 GET /api/patients?search= (name search),200,OK,Moderate Load - 50 users over 60s 2-50,text,true,,1161,482,19,19,http://localhost:5000/api/patients?search=ne&page=1&limit=20,52,0,0
1784912471071,2,08 GET /api/patients/{id} (record with history),200,OK,Moderate Load - 50 users over 60s 2-1,text,true,,11865,459,19,19,http://localhost:5000/api/patients/27,2,0,0
1784912471180,4,08 GET /api/patients/{id} (record with history),200,OK,Moderate Load - 50 users over 60s 2-34,text,true,,11805,459,19,19,http://localhost:5000/api/patients/20,4,0,0
1784912471180,68,01 POST /api/auth/login,200,OK,Moderate Load - 50 users over 60s 2-41,text,true,,1486,543,19,19,http://localhost:5000/api/auth/login,68,0,0
1784912471180,69,04 GET /assets/index.css,200,OK,Moderate Load - 50 users over 60s 2-42,text,true,,29024,460,19,19,http://localhost:5000/assets/index.css,69,0,0
1784912471242,8,03 GET /assets/index.js (main bundle),200,OK,Moderate Load - 50 users over 60s 2-40,text,true,,233662,459,19,19,http://localhost:5000/assets/index.js,8,0,0
1784912471304,2,05 GET /api/dashboard/stats,200,OK,Moderate Load - 50 users over 60s 2-43,text,true,,1219,463,19,19,http://localhost:5000/api/dashboard/stats,2,0,0
1784912471304,9,03 GET /assets/index.js (main bundle),200,OK,Moderate Load - 50 users over 60s 2-36,text,true,,233662,459,19,19,http://localhost:5000/assets/index.js,9,0,0
1784912471334,5,08 GET /api/patients/{id} (record with history),200,OK,Moderate Load - 50 users over 60s 2-46,text,true,,12042,458,19,19,http://localhost:5000/api/patients/6,4,0,0
1784912471334,130,01 POST /api/auth/login,200,OK,Moderate Load - 50 users over 60s 2-49,text,true,,1486,543,19,19,http://localhost:5000/api/auth/login,130,0,0
1784912471334,130,01 POST /api/auth/login,200,OK,Moderate Load - 50 users over 60s 2-45,text,true,,1486,543,19,19,http://localhost:5000/api/auth/login,130,0,0
1784912471334,131,07 GET /api/patients?search= (name search),200,OK,Moderate Load - 50 users over 60s 2-44,text,true,,1161,482,19,19,http://localhost:5000/api/patients?search=uo&page=1&limit=20,131,0,0
1784912471396,73,06 GET /api/patients (paginated list),200,OK,Moderate Load - 50 users over 60s 2-39,text,true,,10807,473,19,19,http://localhost:5000/api/patients?page=21&limit=20,73,0,0
1784912471334,139,07 GET /api/patients?search= (name search),200,OK,Moderate Load - 50 users over 60s 2-38,text,true,,10812,482,19,19,http://localhost:5000/api/patients?search=lu&page=1&limit=20,139,0,0
1784912470184,1290,10 POST /api/ai/pre-appointment/{id},200,OK,Moderate Load - 50 users over 60s 2-32,text,true,,1893,490,19,19,http://localhost:5000/api/ai/pre-appointment/229,1290,0,0
1784912471396,79,03 GET /assets/index.js (main bundle),200,OK,Moderate Load - 50 users over 60s 2-48,text,true,,233662,459,18,18,http://localhost:5000/assets/index.js,77,0,0
1784912471475,2,06 GET /api/patients (paginated list),200,OK,Moderate Load - 50 users over 60s 2-35,text,true,,10625,473,18,18,http://localhost:5000/api/patients?page=37&limit=20,2,0,0
1784912471537,2,08 GET /api/patients/{id} (record with history),200,OK,Moderate Load - 50 users over 60s 2-50,text,true,,12042,458,18,18,http://localhost:5000/api/patients/6,2,0,0
1784912471537,4,02 GET / (index.html),200,OK,Moderate Load - 50 users over 60s 2-37,text,true,,1795,444,18,18,http://localhost:5000/,4,0,0
1784912471396,164,05 GET /api/dashboard/stats,200,OK,Moderate Load - 50 users over 60s 2-47,text,true,,1220,463,18,18,http://localhost:5000/api/dashboard/stats,164,0,0
1784912471583,2,09 GET /api/appointments (day view),200,OK,Moderate Load - 50 users over 60s 2-1,text,true,,1806,460,18,18,http://localhost:5000/api/appointments,2,0,0
1784912471692,2,09 GET /api/appointments (day view),200,OK,Moderate Load - 50 users over 60s 2-34,text,true,,1806,460,17,17,http://localhost:5000/api/appointments,2,0,0
1784912471755,2,05 GET /api/dashboard/stats,200,OK,Moderate Load - 50 users over 60s 2-42,text,true,,1219,463,16,16,http://localhost:5000/api/dashboard/stats,2,0,0
1784912471755,3,04 GET /assets/index.css,200,OK,Moderate Load - 50 users over 60s 2-40,text,true,,29024,460,16,16,http://localhost:5000/assets/index.css,3,0,0
1784912471755,3,02 GET / (index.html),200,OK,Moderate Load - 50 users over 60s 2-41,text,true,,1795,444,16,16,http://localhost:5000/,3,0,0
1784912471816,2,06 GET /api/patients (paginated list),200,OK,Moderate Load - 50 users over 60s 2-43,text,true,,10805,473,16,16,http://localhost:5000/api/patients?page=12&limit=20,2,0,0
1784912471816,4,04 GET /assets/index.css,200,OK,Moderate Load - 50 users over 60s 2-36,text,true,,29024,460,16,16,http://localhost:5000/assets/index.css,3,0,0
1784912471846,3,09 GET /api/appointments (day view),200,OK,Moderate Load - 50 users over 60s 2-46,text,true,,1806,460,16,16,http://localhost:5000/api/appointments,3,0,0
1784912471972,4,08 GET /api/patients/{id} (record with history),200,OK,Moderate Load - 50 users over 60s 2-44,text,true,,11764,459,16,16,http://localhost:5000/api/patients/49,4,0,0
1784912471972,6,07 GET /api/patients?search= (name search),200,OK,Moderate Load - 50 users over 60s 2-39,text,true,,1160,482,16,16,http://localhost:5000/api/patients?search=kc&page=1&limit=20,6,0,0
1784912471972,7,02 GET / (index.html),200,OK,Moderate Load - 50 users over 60s 2-45,text,true,,1795,444,16,16,http://localhost:5000/,7,0,0
1784912471972,7,02 GET / (index.html),200,OK,Moderate Load - 50 users over 60s 2-49,text,true,,1795,444,16,16,http://localhost:5000/,7,0,0
1784912471988,2,07 GET /api/patients?search= (name search),200,OK,Moderate Load - 50 users over 60s 2-35,text,true,,1160,482,16,16,http://localhost:5000/api/patients?search=bo&page=1&limit=20,2,0,0
1784912471988,4,08 GET /api/patients/{id} (record with history),200,OK,Moderate Load - 50 users over 60s 2-38,text,true,,11165,458,16,16,http://localhost:5000/api/patients/8,4,0,0
1784912471988,5,04 GET /assets/index.css,200,OK,Moderate Load - 50 users over 60s 2-48,text,true,,29024,460,16,16,http://localhost:5000/assets/index.css,5,0,0
1784912472051,2,09 GET /api/appointments (day view),200,OK,Moderate Load - 50 users over 60s 2-50,text,true,,1806,460,16,16,http://localhost:5000/api/appointments,2,0,0
1784912472051,4,03 GET /assets/index.js (main bundle),200,OK,Moderate Load - 50 users over 60s 2-37,text,true,,233662,459,16,16,http://localhost:5000/assets/index.js,3,0,0
1784912472066,3,06 GET /api/patients (paginated list),200,OK,Moderate Load - 50 users over 60s 2-47,text,true,,10808,473,16,16,http://localhost:5000/api/patients?page=42&limit=20,3,0,0
1784912472267,2,06 GET /api/patients (paginated list),200,OK,Moderate Load - 50 users over 60s 2-42,text,true,,10834,473,16,16,http://localhost:5000/api/patients?page=28&limit=20,2,0,0
1784912472267,3,05 GET /api/dashboard/stats,200,OK,Moderate Load - 50 users over 60s 2-40,text,true,,1219,463,16,16,http://localhost:5000/api/dashboard/stats,3,0,0
1784912472267,5,03 GET /assets/index.js (main bundle),200,OK,Moderate Load - 50 users over 60s 2-41,text,true,,233662,459,16,16,http://localhost:5000/assets/index.js,4,0,0
1784912472328,1,05 GET /api/dashboard/stats,200,OK,Moderate Load - 50 users over 60s 2-36,text,true,,1219,463,16,16,http://localhost:5000/api/dashboard/stats,1,0,0
1784912472328,3,07 GET /api/patients?search= (name search),200,OK,Moderate Load - 50 users over 60s 2-43,text,true,,1160,482,16,16,http://localhost:5000/api/patients?search=hn&page=1&limit=20,3,0,0
1784912472484,1,09 GET /api/appointments (day view),200,OK,Moderate Load - 50 users over 60s 2-44,text,true,,1806,460,16,16,http://localhost:5000/api/appointments,1,0,0
1784912472484,5,03 GET /assets/index.js (main bundle),200,OK,Moderate Load - 50 users over 60s 2-49,text,true,,233662,459,16,16,http://localhost:5000/assets/index.js,4,0,0
1784912472484,5,03 GET /assets/index.js (main bundle),200,OK,Moderate Load - 50 users over 60s 2-45,text,true,,233662,459,16,16,http://localhost:5000/assets/index.js,4,0,0
1784912472484,9,08 GET /api/patients/{id} (record with history),200,OK,Moderate Load - 50 users over 60s 2-39,text,true,,8793,459,16,16,http://localhost:5000/api/patients/32,9,0,0
1784912472499,2,09 GET /api/appointments (day view),200,OK,Moderate Load - 50 users over 60s 2-38,text,true,,1806,460,16,16,http://localhost:5000/api/appointments,2,0,0
1784912472499,3,08 GET /api/patients/{id} (record with history),200,OK,Moderate Load - 50 users over 60s 2-35,text,true,,9972,459,16,16,http://localhost:5000/api/patients/37,3,0,0
1784912472499,4,05 GET /api/dashboard/stats,200,OK,Moderate Load - 50 users over 60s 2-48,text,true,,1219,463,16,16,http://localhost:5000/api/dashboard/stats,4,0,0
1784912472562,61,01 POST /api/auth/login,200,OK,Moderate Load - 50 users over 60s 2-50,text,true,,1486,543,16,16,http://localhost:5000/api/auth/login,61,0,0
1784912472562,63,04 GET /assets/index.css,200,OK,Moderate Load - 50 users over 60s 2-37,text,true,,29024,460,16,16,http://localhost:5000/assets/index.css,63,0,0
1784912472578,50,07 GET /api/patients?search= (name search),200,OK,Moderate Load - 50 users over 60s 2-47,text,true,,1161,482,16,16,http://localhost:5000/api/patients?search=eu&page=1&limit=20,50,0,0
1784912472780,2,06 GET /api/patients (paginated list),200,OK,Moderate Load - 50 users over 60s 2-40,text,true,,10656,472,16,16,http://localhost:5000/api/patients?page=6&limit=20,2,0,0
1784912472780,5,04 GET /assets/index.css,200,OK,Moderate Load - 50 users over 60s 2-41,text,true,,29024,460,16,16,http://localhost:5000/assets/index.css,5,0,0
1784912472780,7,07 GET /api/patients?search= (name search),200,OK,Moderate Load - 50 users over 60s 2-42,text,true,,1161,482,16,16,http://localhost:5000/api/patients?search=ic&page=1&limit=20,7,0,0
1784912472842,2,08 GET /api/patients/{id} (record with history),200,OK,Moderate Load - 50 users over 60s 2-43,text,true,,10579,459,16,16,http://localhost:5000/api/patients/38,2,0,0
1784912472842,4,06 GET /api/patients (paginated list),200,OK,Moderate Load - 50 users over 60s 2-36,text,true,,10927,473,16,16,http://localhost:5000/api/patients?page=11&limit=20,4,0,0
1784912472998,3,09 GET /api/appointments (day view),200,OK,Moderate Load - 50 users over 60s 2-39,text,true,,1806,460,16,16,http://localhost:5000/api/appointments,3,0,0
1784912472998,64,01 POST /api/auth/login,200,OK,Moderate Load - 50 users over 60s 2-44,text,true,,1486,543,16,16,http://localhost:5000/api/auth/login,64,0,0
1784912473014,49,06 GET /api/patients (paginated list),200,OK,Moderate Load - 50 users over 60s 2-48,text,true,,10553,473,16,16,http://localhost:5000/api/patients?page=34&limit=20,49,0,0
1784912473014,50,09 GET /api/appointments (day view),200,OK,Moderate Load - 50 users over 60s 2-35,text,true,,1806,460,16,16,http://localhost:5000/api/appointments,50,0,0
1784912472998,69,04 GET /assets/index.css,200,OK,Moderate Load - 50 users over 60s 2-49,text,true,,29024,460,15,15,http://localhost:5000/assets/index.css,69,0,0
1784912472998,70,04 GET /assets/index.css,200,OK,Moderate Load - 50 users over 60s 2-45,text,true,,29024,460,15,15,http://localhost:5000/assets/index.css,70,0,0
1784912473014,114,01 POST /api/auth/login,200,OK,Moderate Load - 50 users over 60s 2-38,text,true,,1486,543,15,15,http://localhost:5000/api/auth/login,114,0,0
1784912473138,2,05 GET /api/dashboard/stats,200,OK,Moderate Load - 50 users over 60s 2-37,text,true,,1219,463,15,15,http://localhost:5000/api/dashboard/stats,2,0,0
1784912473138,3,08 GET /api/patients/{id} (record with history),200,OK,Moderate Load - 50 users over 60s 2-47,text,true,,11258,459,15,15,http://localhost:5000/api/patients/19,3,0,0
1784912473138,4,02 GET / (index.html),200,OK,Moderate Load - 50 users over 60s 2-50,text,true,,1795,444,15,15,http://localhost:5000/,4,0,0
1784912473293,2,07 GET /api/patients?search= (name search),200,OK,Moderate Load - 50 users over 60s 2-40,text,true,,1160,482,15,15,http://localhost:5000/api/patients?search=hj&page=1&limit=20,2,0,0
1784912473293,3,05 GET /api/dashboard/stats,200,OK,Moderate Load - 50 users over 60s 2-41,text,true,,1219,463,15,15,http://localhost:5000/api/dashboard/stats,3,0,0
1784912473293,5,08 GET /api/patients/{id} (record with history),200,OK,Moderate Load - 50 users over 60s 2-42,text,true,,9997,459,15,15,http://localhost:5000/api/patients/15,5,0,0
1784912473356,1,07 GET /api/patients?search= (name search),200,OK,Moderate Load - 50 users over 60s 2-36,text,true,,1160,482,15,15,http://localhost:5000/api/patients?search=hg&page=1&limit=20,1,0,0
1784912473356,3,09 GET /api/appointments (day view),200,OK,Moderate Load - 50 users over 60s 2-43,text,true,,1806,460,15,15,http://localhost:5000/api/appointments,3,0,0
1784912473512,59,01 POST /api/auth/login,200,OK,Moderate Load - 50 users over 60s 2-39,text,true,,1486,543,15,15,http://localhost:5000/api/auth/login,59,0,0
1784912473573,2,05 GET /api/dashboard/stats,200,OK,Moderate Load - 50 users over 60s 2-49,text,true,,1219,463,15,15,http://localhost:5000/api/dashboard/stats,2,0,0
1784912473573,3,05 GET /api/dashboard/stats,200,OK,Moderate Load - 50 users over 60s 2-45,text,true,,1219,463,15,15,http://localhost:5000/api/dashboard/stats,3,0,0
1784912473573,5,02 GET / (index.html),200,OK,Moderate Load - 50 users over 60s 2-44,text,true,,1795,444,15,15,http://localhost:5000/,5,0,0
1784912473573,6,07 GET /api/patients?search= (name search),200,OK,Moderate Load - 50 users over 60s 2-48,text,true,,1161,482,15,15,http://localhost:5000/api/patients?search=ed&page=1&limit=20,6,0,0
1784912473633,2,02 GET / (index.html),200,OK,Moderate Load - 50 users over 60s 2-38,text,true,,1795,444,15,15,http://localhost:5000/,2,0,0
1784912473649,3,06 GET /api/patients (paginated list),200,OK,Moderate Load - 50 users over 60s 2-37,text,true,,10595,473,15,15,http://localhost:5000/api/patients?page=44&limit=20,3,0,0
1784912473649,5,03 GET /assets/index.js (main bundle),200,OK,Moderate Load - 50 users over 60s 2-50,text,true,,233662,459,15,15,http://localhost:5000/assets/index.js,4,0,0
1784912473649,6,09 GET /api/appointments (day view),200,OK,Moderate Load - 50 users over 60s 2-47,text,true,,1807,460,15,15,http://localhost:5000/api/appointments,6,0,0
1784912473805,2,09 GET /api/appointments (day view),200,OK,Moderate Load - 50 users over 60s 2-42,text,true,,1806,460,15,15,http://localhost:5000/api/appointments,2,0,0
1784912473805,4,08 GET /api/patients/{id} (record with history),200,OK,Moderate Load - 50 users over 60s 2-40,text,true,,11156,458,15,15,http://localhost:5000/api/patients/7,4,0,0
1784912473805,6,06 GET /api/patients (paginated list),200,OK,Moderate Load - 50 users over 60s 2-41,text,true,,10906,473,15,15,http://localhost:5000/api/patients?page=17&limit=20,6,0,0
1784912473867,2,08 GET /api/patients/{id} (record with history),200,OK,Moderate Load - 50 users over 60s 2-36,text,true,,10651,459,15,15,http://localhost:5000/api/patients/16,2,0,0
1784912473867,63,01 POST /api/auth/login,200,OK,Moderate Load - 50 users over 60s 2-43,text,true,,1486,543,15,15,http://localhost:5000/api/auth/login,63,0,0
1784912472360,1573,10 POST /api/ai/pre-appointment/{id},200,OK,Moderate Load - 50 users over 60s 2-46,text,true,,2306,489,15,15,http://localhost:5000/api/ai/pre-appointment/59,1573,0,0
1784912474085,3,06 GET /api/patients (paginated list),200,OK,Moderate Load - 50 users over 60s 2-45,text,true,,10903,473,15,15,http://localhost:5000/api/patients?page=48&limit=20,3,0,0
1784912474085,7,08 GET /api/patients/{id} (record with history),200,OK,Moderate Load - 50 users over 60s 2-48,text,true,,12378,459,15,15,http://localhost:5000/api/patients/34,7,0,0
1784912474085,8,02 GET / (index.html),200,OK,Moderate Load - 50 users over 60s 2-39,text,true,,1795,444,15,15,http://localhost:5000/,8,0,0
1784912474085,8,03 GET /assets/index.js (main bundle),200,OK,Moderate Load - 50 users over 60s 2-44,text,true,,233662,459,15,15,http://localhost:5000/assets/index.js,7,0,0
1784912474085,27,06 GET /api/patients (paginated list),200,OK,Moderate Load - 50 users over 60s 2-49,text,true,,10808,473,15,15,http://localhost:5000/api/patients?page=21&limit=20,27,0,0
1784912474148,2,03 GET /assets/index.js (main bundle),200,OK,Moderate Load - 50 users over 60s 2-38,text,true,,233662,459,15,15,http://localhost:5000/assets/index.js,1,0,0
1784912474163,66,01 POST /api/auth/login,200,OK,Moderate Load - 50 users over 60s 2-47,text,true,,1486,543,15,15,http://localhost:5000/api/auth/login,66,0,0
1784912474163,66,04 GET /assets/index.css,200,OK,Moderate Load - 50 users over 60s 2-50,text,true,,29024,460,15,15,http://localhost:5000/assets/index.css,66,0,0
1784912474163,67,07 GET /api/patients?search= (name search),200,OK,Moderate Load - 50 users over 60s 2-37,text,true,,1161,482,15,15,http://localhost:5000/api/patients?search=jb&page=1&limit=20,67,0,0
1784912474318,2,09 GET /api/appointments (day view),200,OK,Moderate Load - 50 users over 60s 2-40,text,true,,1806,460,15,15,http://localhost:5000/api/appointments,2,0,0
1784912474318,65,01 POST /api/auth/login,200,OK,Moderate Load - 50 users over 60s 2-42,text,true,,1486,543,15,15,http://localhost:5000/api/auth/login,65,0,0
1784912474381,4,09 GET /api/appointments (day view),200,OK,Moderate Load - 50 users over 60s 2-36,text,true,,1806,460,15,15,http://localhost:5000/api/appointments,4,0,0
1784912474318,68,07 GET /api/patients?search= (name search),200,OK,Moderate Load - 50 users over 60s 2-41,text,true,,1161,482,15,15,http://localhost:5000/api/patients?search=rk&page=1&limit=20,68,0,0
1784912474443,3,02 GET / (index.html),200,OK,Moderate Load - 50 users over 60s 2-43,text,true,,1795,444,15,15,http://localhost:5000/,3,0,0
1784912474443,62,01 POST /api/auth/login,200,OK,Moderate Load - 50 users over 60s 2-46,text,true,,1486,543,15,15,http://localhost:5000/api/auth/login,62,0,0
1784912474597,3,09 GET /api/appointments (day view),200,OK,Moderate Load - 50 users over 60s 2-48,text,true,,1806,460,15,15,http://localhost:5000/api/appointments,3,0,0
1784912474597,6,04 GET /assets/index.css,200,OK,Moderate Load - 50 users over 60s 2-44,text,true,,29024,460,15,15,http://localhost:5000/assets/index.css,6,0,0
1784912474597,7,07 GET /api/patients?search= (name search),200,OK,Moderate Load - 50 users over 60s 2-45,text,true,,1161,482,15,15,http://localhost:5000/api/patients?search=wu&page=1&limit=20,7,0,0
1784912474597,8,03 GET /assets/index.js (main bundle),200,OK,Moderate Load - 50 users over 60s 2-39,text,true,,233662,459,15,15,http://localhost:5000/assets/index.js,6,0,0
1784912474613,6,07 GET /api/patients?search= (name search),200,OK,Moderate Load - 50 users over 60s 2-49,text,true,,1160,482,15,15,http://localhost:5000/api/patients?search=yk&page=1&limit=20,6,0,0
1784912474659,1,04 GET /assets/index.css,200,OK,Moderate Load - 50 users over 60s 2-38,text,true,,29024,460,15,15,http://localhost:5000/assets/index.css,1,0,0
1784912474736,2,08 GET /api/patients/{id} (record with history),200,OK,Moderate Load - 50 users over 60s 2-37,text,true,,11802,459,15,15,http://localhost:5000/api/patients/42,2,0,0
1784912474736,3,05 GET /api/dashboard/stats,200,OK,Moderate Load - 50 users over 60s 2-50,text,true,,1219,463,15,15,http://localhost:5000/api/dashboard/stats,3,0,0
1784912474736,4,02 GET / (index.html),200,OK,Moderate Load - 50 users over 60s 2-47,text,true,,1795,444,15,15,http://localhost:5000/,4,0,0
1784912474830,62,01 POST /api/auth/login,200,OK,Moderate Load - 50 users over 60s 2-40,text,true,,1486,543,15,15,http://localhost:5000/api/auth/login,62,0,0
1784912474892,2,08 GET /api/patients/{id} (record with history),200,OK,Moderate Load - 50 users over 60s 2-41,text,true,,8782,459,15,15,http://localhost:5000/api/patients/48,2,0,0
1784912474892,8,02 GET / (index.html),200,OK,Moderate Load - 50 users over 60s 2-42,text,true,,1795,444,15,15,http://localhost:5000/,8,0,0
1784912474953,2,03 GET /assets/index.js (main bundle),200,OK,Moderate Load - 50 users over 60s 2-43,text,true,,233662,459,15,15,http://localhost:5000/assets/index.js,1,0,0
1784912475015,2,02 GET / (index.html),200,OK,Moderate Load - 50 users over 60s 2-46,text,true,,1795,444,15,15,http://localhost:5000/,2,0,0
1784912475107,2,05 GET /api/dashboard/stats,200,OK,Moderate Load - 50 users over 60s 2-44,text,true,,1219,463,15,15,http://localhost:5000/api/dashboard/stats,2,0,0
1784912475107,5,08 GET /api/patients/{id} (record with history),200,OK,Moderate Load - 50 users over 60s 2-45,text,true,,11220,459,15,15,http://localhost:5000/api/patients/45,5,0,0
1784912475107,63,01 POST /api/auth/login,200,OK,Moderate Load - 50 users over 60s 2-48,text,true,,1486,543,15,15,http://localhost:5000/api/auth/login,63,0,0
1784912475123,49,08 GET /api/patients/{id} (record with history),200,OK,Moderate Load - 50 users over 60s 2-49,text,true,,11224,459,15,15,http://localhost:5000/api/patients/33,49,0,0
1784912475170,4,05 GET /api/dashboard/stats,200,OK,Moderate Load - 50 users over 60s 2-38,text,true,,1219,463,15,15,http://localhost:5000/api/dashboard/stats,4,0,0
1784912475107,67,04 GET /assets/index.css,200,OK,Moderate Load - 50 users over 60s 2-39,text,true,,29024,460,15,15,http://localhost:5000/assets/index.css,67,0,0
1784912475248,3,06 GET /api/patients (paginated list),200,OK,Moderate Load - 50 users over 60s 2-50,text,true,,10834,473,15,15,http://localhost:5000/api/patients?page=28&limit=20,3,0,0
1784912475248,5,09 GET /api/appointments (day view),200,OK,Moderate Load - 50 users over 60s 2-37,text,true,,1806,460,15,15,http://localhost:5000/api/appointments,5,0,0
1784912475248,6,03 GET /assets/index.js (main bundle),200,OK,Moderate Load - 50 users over 60s 2-47,text,true,,233662,459,14,14,http://localhost:5000/assets/index.js,5,0,0
1784912475404,2,09 GET /api/appointments (day view),200,OK,Moderate Load - 50 users over 60s 2-41,text,true,,1806,460,14,14,http://localhost:5000/api/appointments,2,0,0
1784912475404,3,02 GET / (index.html),200,OK,Moderate Load - 50 users over 60s 2-40,text,true,,1795,444,14,14,http://localhost:5000/,3,0,0
1784912475404,4,03 GET /assets/index.js (main bundle),200,OK,Moderate Load - 50 users over 60s 2-42,text,true,,233662,459,14,14,http://localhost:5000/assets/index.js,3,0,0
1784912475467,1,04 GET /assets/index.css,200,OK,Moderate Load - 50 users over 60s 2-43,text,true,,29024,460,14,14,http://localhost:5000/assets/index.css,1,0,0
1784912475529,2,03 GET /assets/index.js (main bundle),200,OK,Moderate Load - 50 users over 60s 2-46,text,true,,233662,459,14,14,http://localhost:5000/assets/index.js,1,0,0
1784912475621,2,09 GET /api/appointments (day view),200,OK,Moderate Load - 50 users over 60s 2-45,text,true,,1806,460,14,14,http://localhost:5000/api/appointments,2,0,0
1784912475621,4,06 GET /api/patients (paginated list),200,OK,Moderate Load - 50 users over 60s 2-44,text,true,,10906,472,14,14,http://localhost:5000/api/patients?page=9&limit=20,4,0,0
1784912475682,2,09 GET /api/appointments (day view),200,OK,Moderate Load - 50 users over 60s 2-49,text,true,,1806,460,14,14,http://localhost:5000/api/appointments,2,0,0
1784912475682,3,05 GET /api/dashboard/stats,200,OK,Moderate Load - 50 users over 60s 2-39,text,true,,1219,463,14,14,http://localhost:5000/api/dashboard/stats,3,0,0
1784912475682,5,06 GET /api/patients (paginated list),200,OK,Moderate Load - 50 users over 60s 2-38,text,true,,10927,473,14,14,http://localhost:5000/api/patients?page=11&limit=20,5,0,0
1784912475682,6,02 GET / (index.html),200,OK,Moderate Load - 50 users over 60s 2-48,text,true,,1795,444,14,14,http://localhost:5000/,6,0,0
1784912475761,4,04 GET /assets/index.css,200,OK,Moderate Load - 50 users over 60s 2-47,text,true,,29024,460,14,14,http://localhost:5000/assets/index.css,4,0,0
1784912475761,6,07 GET /api/patients?search= (name search),200,OK,Moderate Load - 50 users over 60s 2-50,text,true,,1161,482,14,14,http://localhost:5000/api/patients?search=ux&page=1&limit=20,6,0,0
1784912475916,63,01 POST /api/auth/login,200,OK,Moderate Load - 50 users over 60s 2-41,text,true,,1486,543,14,14,http://localhost:5000/api/auth/login,63,0,0
1784912475916,63,04 GET /assets/index.css,200,OK,Moderate Load - 50 users over 60s 2-42,text,true,,29024,460,14,14,http://localhost:5000/assets/index.css,63,0,0
1784912475979,3,05 GET /api/dashboard/stats,200,OK,Moderate Load - 50 users over 60s 2-43,text,true,,1219,463,14,14,http://localhost:5000/api/dashboard/stats,3,0,0
1784912475916,67,03 GET /assets/index.js (main bundle),200,OK,Moderate Load - 50 users over 60s 2-40,text,true,,233662,459,14,14,http://localhost:5000/assets/index.js,63,0,0
1784912476042,1,04 GET /assets/index.css,200,OK,Moderate Load - 50 users over 60s 2-46,text,true,,29024,460,14,14,http://localhost:5000/assets/index.css,1,0,0
1784912476135,63,01 POST /api/auth/login,200,OK,Moderate Load - 50 users over 60s 2-45,text,true,,1486,543,14,14,http://localhost:5000/api/auth/login,63,0,0
1784912476135,63,07 GET /api/patients?search= (name search),200,OK,Moderate Load - 50 users over 60s 2-44,text,true,,1161,482,14,14,http://localhost:5000/api/patients?search=ag&page=1&limit=20,63,0,0
1784912476195,6,06 GET /api/patients (paginated list),200,OK,Moderate Load - 50 users over 60s 2-39,text,true,,10805,473,14,14,http://localhost:5000/api/patients?page=12&limit=20,6,0,0
1784912476195,70,01 POST /api/auth/login,200,OK,Moderate Load - 50 users over 60s 2-49,text,true,,1486,543,14,14,http://localhost:5000/api/auth/login,70,0,0
1784912476195,71,07 GET /api/patients?search= (name search),200,OK,Moderate Load - 50 users over 60s 2-38,text,true,,1161,482,14,14,http://localhost:5000/api/patients?search=bm&page=1&limit=20,71,0,0
1784912476195,71,03 GET /assets/index.js (main bundle),200,OK,Moderate Load - 50 users over 60s 2-48,text,true,,233662,459,14,14,http://localhost:5000/assets/index.js,70,0,0
1784912476274,2,08 GET /api/patients/{id} (record with history),200,OK,Moderate Load - 50 users over 60s 2-50,text,true,,11218,459,14,14,http://localhost:5000/api/patients/30,2,0,0
1784912476274,3,05 GET /api/dashboard/stats,200,OK,Moderate Load - 50 users over 60s 2-47,text,true,,1219,463,14,14,http://localhost:5000/api/dashboard/stats,3,0,0
1784912476491,2,05 GET /api/dashboard/stats,200,OK,Moderate Load - 50 users over 60s 2-42,text,true,,1219,463,14,14,http://localhost:5000/api/dashboard/stats,2,0,0
1784912476491,4,06 GET /api/patients (paginated list),200,OK,Moderate Load - 50 users over 60s 2-43,text,true,,10682,473,14,14,http://localhost:5000/api/patients?page=38&limit=20,4,0,0
1784912476491,5,04 GET /assets/index.css,200,OK,Moderate Load - 50 users over 60s 2-40,text,true,,29024,460,14,14,http://localhost:5000/assets/index.css,5,0,0
1784912476491,5,02 GET / (index.html),200,OK,Moderate Load - 50 users over 60s 2-41,text,true,,1795,444,14,14,http://localhost:5000/,5,0,0
1784912476554,1,05 GET /api/dashboard/stats,200,OK,Moderate Load - 50 users over 60s 2-46,text,true,,1219,463,14,14,http://localhost:5000/api/dashboard/stats,1,0,0
1784912476709,2,08 GET /api/patients/{id} (record with history),200,OK,Moderate Load - 50 users over 60s 2-44,text,true,,11805,459,14,14,http://localhost:5000/api/patients/20,2,0,0
1784912476709,6,02 GET / (index.html),200,OK,Moderate Load - 50 users over 60s 2-45,text,true,,1795,444,14,14,http://localhost:5000/,6,0,0
1784912476709,8,07 GET /api/patients?search= (name search),200,OK,Moderate Load - 50 users over 60s 2-39,text,true,,1161,482,14,14,http://localhost:5000/api/patients?search=ii&page=1&limit=20,8,0,0
1784912474892,1841,10 POST /api/ai/pre-appointment/{id},200,OK,Moderate Load - 50 users over 60s 2-36,text,true,,2580,490,14,14,http://localhost:5000/api/ai/pre-appointment/205,1841,0,0
1784912476771,3,08 GET /api/patients/{id} (record with history),200,OK,Moderate Load - 50 users over 60s 2-38,text,true,,10626,459,13,13,http://localhost:5000/api/patients/41,3,0,0
1784912476771,4,02 GET / (index.html),200,OK,Moderate Load - 50 users over 60s 2-49,text,true,,1795,444,13,13,http://localhost:5000/,4,0,0
1784912476771,4,04 GET /assets/index.css,200,OK,Moderate Load - 50 users over 60s 2-48,text,true,,29024,460,13,13,http://localhost:5000/assets/index.css,4,0,0
1784912476787,2,06 GET /api/patients (paginated list),200,OK,Moderate Load - 50 users over 60s 2-47,text,true,,10692,473,13,13,http://localhost:5000/api/patients?page=27&limit=20,2,0,0
1784912476787,4,09 GET /api/appointments (day view),200,OK,Moderate Load - 50 users over 60s 2-50,text,true,,1806,460,13,13,http://localhost:5000/api/appointments,4,0,0
1784912477008,1,05 GET /api/dashboard/stats,200,OK,Moderate Load - 50 users over 60s 2-40,text,true,,1219,463,13,13,http://localhost:5000/api/dashboard/stats,1,0,0
1784912477008,6,06 GET /api/patients (paginated list),200,OK,Moderate Load - 50 users over 60s 2-42,text,true,,10635,473,13,13,http://localhost:5000/api/patients?page=40&limit=20,6,0,0
1784912477008,8,07 GET /api/patients?search= (name search),200,OK,Moderate Load - 50 users over 60s 2-43,text,true,,1161,482,13,13,http://localhost:5000/api/patients?search=bp&page=1&limit=20,8,0,0
1784912477008,8,03 GET /assets/index.js (main bundle),200,OK,Moderate Load - 50 users over 60s 2-41,text,true,,233662,459,13,13,http://localhost:5000/assets/index.js,7,0,0
1784912477069,2,06 GET /api/patients (paginated list),200,OK,Moderate Load - 50 users over 60s 2-46,text,true,,10480,472,13,13,http://localhost:5000/api/patients?page=2&limit=20,2,0,0
1784912477222,1,09 GET /api/appointments (day view),200,OK,Moderate Load - 50 users over 60s 2-44,text,true,,1806,460,13,13,http://localhost:5000/api/appointments,1,0,0
1784912477222,5,08 GET /api/patients/{id} (record with history),200,OK,Moderate Load - 50 users over 60s 2-39,text,true,,12435,459,13,13,http://localhost:5000/api/patients/21,5,0,0
1784912477222,6,03 GET /assets/index.js (main bundle),200,OK,Moderate Load - 50 users over 60s 2-45,text,true,,233662,459,13,13,http://localhost:5000/assets/index.js,6,0,0
1784912477285,1,05 GET /api/dashboard/stats,200,OK,Moderate Load - 50 users over 60s 2-48,text,true,,1219,463,13,13,http://localhost:5000/api/dashboard/stats,1,0,0
1784912477285,3,09 GET /api/appointments (day view),200,OK,Moderate Load - 50 users over 60s 2-38,text,true,,1806,460,13,13,http://localhost:5000/api/appointments,3,0,0
1784912477285,5,03 GET /assets/index.js (main bundle),200,OK,Moderate Load - 50 users over 60s 2-49,text,true,,233662,459,12,12,http://localhost:5000/assets/index.js,4,0,0
1784912477299,63,01 POST /api/auth/login,200,OK,Moderate Load - 50 users over 60s 2-50,text,true,,1486,543,12,12,http://localhost:5000/api/auth/login,63,0,0
1784912477299,65,07 GET /api/patients?search= (name search),200,OK,Moderate Load - 50 users over 60s 2-47,text,true,,1161,482,12,12,http://localhost:5000/api/patients?search=or&page=1&limit=20,65,0,0
1784912477516,3,06 GET /api/patients (paginated list),200,OK,Moderate Load - 50 users over 60s 2-40,text,true,,10784,473,12,12,http://localhost:5000/api/patients?page=36&limit=20,3,0,0
1784912477517,6,08 GET /api/patients/{id} (record with history),200,OK,Moderate Load - 50 users over 60s 2-43,text,true,,10651,459,12,12,http://localhost:5000/api/patients/16,6,0,0
1784912477516,10,07 GET /api/patients?search= (name search),200,OK,Moderate Load - 50 users over 60s 2-42,text,true,,1161,482,12,12,http://localhost:5000/api/patients?search=hl&page=1&limit=20,9,0,0
1784912477517,9,04 GET /assets/index.css,200,OK,Moderate Load - 50 users over 60s 2-41,text,true,,29024,460,12,12,http://localhost:5000/assets/index.css,9,0,0
1784912477578,2,07 GET /api/patients?search= (name search),200,OK,Moderate Load - 50 users over 60s 2-46,text,true,,1160,482,12,12,http://localhost:5000/api/patients?search=bg&page=1&limit=20,2,0,0
1784912477734,2,09 GET /api/appointments (day view),200,OK,Moderate Load - 50 users over 60s 2-39,text,true,,1806,460,12,12,http://localhost:5000/api/appointments,2,0,0
1784912477734,4,04 GET /assets/index.css,200,OK,Moderate Load - 50 users over 60s 2-45,text,true,,29024,460,11,11,http://localhost:5000/assets/index.css,3,0,0
1784912477734,63,01 POST /api/auth/login,200,OK,Moderate Load - 50 users over 60s 2-44,text,true,,1486,543,11,11,http://localhost:5000/api/auth/login,63,0,0
1784912477796,3,06 GET /api/patients (paginated list),200,OK,Moderate Load - 50 users over 60s 2-48,text,true,,10784,473,11,11,http://localhost:5000/api/patients?page=36&limit=20,3,0,0
1784912477796,5,04 GET /assets/index.css,200,OK,Moderate Load - 50 users over 60s 2-49,text,true,,29024,460,11,11,http://localhost:5000/assets/index.css,5,0,0
1784912477874,2,08 GET /api/patients/{id} (record with history),200,OK,Moderate Load - 50 users over 60s 2-47,text,true,,10610,458,11,11,http://localhost:5000/api/patients/5,2,0,0
1784912477874,3,02 GET / (index.html),200,OK,Moderate Load - 50 users over 60s 2-50,text,true,,1795,444,11,11,http://localhost:5000/,3,0,0
1784912478029,3,09 GET /api/appointments (day view),200,OK,Moderate Load - 50 users over 60s 2-43,text,true,,1806,460,11,11,http://localhost:5000/api/appointments,3,0,0
1784912478029,5,05 GET /api/dashboard/stats,200,OK,Moderate Load - 50 users over 60s 2-41,text,true,,1219,463,11,11,http://localhost:5000/api/dashboard/stats,5,0,0
1784912478029,6,08 GET /api/patients/{id} (record with history),200,OK,Moderate Load - 50 users over 60s 2-42,text,true,,12028,458,11,11,http://localhost:5000/api/patients/1,6,0,0
1784912478029,9,07 GET /api/patients?search= (name search),200,OK,Moderate Load - 50 users over 60s 2-40,text,true,,1161,482,11,11,http://localhost:5000/api/patients?search=gc&page=1&limit=20,9,0,0
1784912478091,2,08 GET /api/patients/{id} (record with history),200,OK,Moderate Load - 50 users over 60s 2-46,text,true,,12602,458,11,11,http://localhost:5000/api/patients/2,2,0,0
1784912478246,2,05 GET /api/dashboard/stats,200,OK,Moderate Load - 50 users over 60s 2-45,text,true,,1219,463,11,11,http://localhost:5000/api/dashboard/stats,2,0,0
1784912478309,1,05 GET /api/dashboard/stats,200,OK,Moderate Load - 50 users over 60s 2-49,text,true,,1219,463,11,11,http://localhost:5000/api/dashboard/stats,1,0,0
1784912478309,5,02 GET / (index.html),200,OK,Moderate Load - 50 users over 60s 2-44,text,true,,1795,444,11,11,http://localhost:5000/,5,0,0
1784912478309,7,07 GET /api/patients?search= (name search),200,OK,Moderate Load - 50 users over 60s 2-48,text,true,,1161,482,11,11,http://localhost:5000/api/patients?search=bw&page=1&limit=20,7,0,0
1784912478386,2,09 GET /api/appointments (day view),200,OK,Moderate Load - 50 users over 60s 2-47,text,true,,1806,460,11,11,http://localhost:5000/api/appointments,2,0,0
1784912478386,3,03 GET /assets/index.js (main bundle),200,OK,Moderate Load - 50 users over 60s 2-50,text,true,,233662,459,11,11,http://localhost:5000/assets/index.js,3,0,0
1784912478542,2,06 GET /api/patients (paginated list),200,OK,Moderate Load - 50 users over 60s 2-41,text,true,,10607,473,11,11,http://localhost:5000/api/patients?page=41&limit=20,2,0,0
1784912478542,4,09 GET /api/appointments (day view),200,OK,Moderate Load - 50 users over 60s 2-42,text,true,,1806,460,11,11,http://localhost:5000/api/appointments,4,0,0
1784912478542,11,08 GET /api/patients/{id} (record with history),200,OK,Moderate Load - 50 users over 60s 2-40,text,true,,10590,459,11,11,http://localhost:5000/api/patients/46,11,0,0
1784912478605,1,09 GET /api/appointments (day view),200,OK,Moderate Load - 50 users over 60s 2-46,text,true,,1806,460,11,11,http://localhost:5000/api/appointments,1,0,0
1784912478759,2,06 GET /api/patients (paginated list),200,OK,Moderate Load - 50 users over 60s 2-45,text,true,,10625,473,11,11,http://localhost:5000/api/patients?page=37&limit=20,2,0,0
1784912478820,2,08 GET /api/patients/{id} (record with history),200,OK,Moderate Load - 50 users over 60s 2-48,text,true,,11780,459,11,11,http://localhost:5000/api/patients/24,2,0,0
1784912478820,4,06 GET /api/patients (paginated list),200,OK,Moderate Load - 50 users over 60s 2-49,text,true,,10595,473,11,11,http://localhost:5000/api/patients?page=44&limit=20,4,0,0
1784912478820,6,03 GET /assets/index.js (main bundle),200,OK,Moderate Load - 50 users over 60s 2-44,text,true,,233662,459,11,11,http://localhost:5000/assets/index.js,5,0,0
1784912478896,61,01 POST /api/auth/login,200,OK,Moderate Load - 50 users over 60s 2-47,text,true,,1486,543,11,11,http://localhost:5000/api/auth/login,61,0,0
1784912478896,62,04 GET /assets/index.css,200,OK,Moderate Load - 50 users over 60s 2-50,text,true,,29024,460,11,11,http://localhost:5000/assets/index.css,62,0,0
1784912479051,65,01 POST /api/auth/login,200,OK,Moderate Load - 50 users over 60s 2-42,text,true,,1486,543,11,11,http://localhost:5000/api/auth/login,65,0,0
1784912479051,66,07 GET /api/patients?search= (name search),200,OK,Moderate Load - 50 users over 60s 2-41,text,true,,1161,482,11,11,http://localhost:5000/api/patients?search=hp&page=1&limit=20,66,0,0
1784912479066,52,09 GET /api/appointments (day view),200,OK,Moderate Load - 50 users over 60s 2-40,text,true,,1806,460,11,11,http://localhost:5000/api/appointments,52,0,0
1784912479111,66,01 POST /api/auth/login,200,OK,Moderate Load - 50 users over 60s 2-46,text,true,,1486,543,10,10,http://localhost:5000/api/auth/login,66,0,0
1784912479268,20,07 GET /api/patients?search= (name search),200,OK,Moderate Load - 50 users over 60s 2-45,text,true,,10837,482,10,10,http://localhost:5000/api/patients?search=si&page=1&limit=20,20,0,0
1784912479330,3,09 GET /api/appointments (day view),200,OK,Moderate Load - 50 users over 60s 2-48,text,true,,1806,460,10,10,http://localhost:5000/api/appointments,3,0,0
1784912479330,5,04 GET /assets/index.css,200,OK,Moderate Load - 50 users over 60s 2-44,text,true,,29024,460,10,10,http://localhost:5000/assets/index.css,5,0,0
1784912479330,5,07 GET /api/patients?search= (name search),200,OK,Moderate Load - 50 users over 60s 2-49,text,true,,1161,482,10,10,http://localhost:5000/api/patients?search=gb&page=1&limit=20,5,0,0
1784912479459,2,02 GET / (index.html),200,OK,Moderate Load - 50 users over 60s 2-47,text,true,,1795,444,10,10,http://localhost:5000/,2,0,0
1784912479471,2,05 GET /api/dashboard/stats,200,OK,Moderate Load - 50 users over 60s 2-50,text,true,,1219,463,10,10,http://localhost:5000/api/dashboard/stats,2,0,0
1784912479627,2,08 GET /api/patients/{id} (record with history),200,OK,Moderate Load - 50 users over 60s 2-41,text,true,,10589,459,10,10,http://localhost:5000/api/patients/46,2,0,0
1784912479627,3,02 GET / (index.html),200,OK,Moderate Load - 50 users over 60s 2-42,text,true,,1795,444,10,10,http://localhost:5000/,3,0,0
1784912479689,2,02 GET / (index.html),200,OK,Moderate Load - 50 users over 60s 2-46,text,true,,1795,444,10,10,http://localhost:5000/,2,0,0
1784912479798,2,08 GET /api/patients/{id} (record with history),200,OK,Moderate Load - 50 users over 60s 2-45,text,true,,11223,459,10,10,http://localhost:5000/api/patients/12,2,0,0
1784912479845,1,05 GET /api/dashboard/stats,200,OK,Moderate Load - 50 users over 60s 2-44,text,true,,1219,463,10,10,http://localhost:5000/api/dashboard/stats,1,0,0
1784912479845,3,08 GET /api/patients/{id} (record with history),200,OK,Moderate Load - 50 users over 60s 2-49,text,true,,8821,459,10,10,http://localhost:5000/api/patients/43,3,0,0
1784912479845,63,01 POST /api/auth/login,200,OK,Moderate Load - 50 users over 60s 2-48,text,true,,1486,543,10,10,http://localhost:5000/api/auth/login,63,0,0
1784912478542,1407,10 POST /api/ai/pre-appointment/{id},200,OK,Moderate Load - 50 users over 60s 2-43,text,true,,2285,490,10,10,http://localhost:5000/api/ai/pre-appointment/243,1407,0,0
1784912479969,2,03 GET /assets/index.js (main bundle),200,OK,Moderate Load - 50 users over 60s 2-47,text,true,,233662,459,10,10,http://localhost:5000/assets/index.js,2,0,0
1784912479985,4,06 GET /api/patients (paginated list),200,OK,Moderate Load - 50 users over 60s 2-50,text,true,,10803,473,10,10,http://localhost:5000/api/patients?page=35&limit=20,4,0,0
1784912480142,2,09 GET /api/appointments (day view),200,OK,Moderate Load - 50 users over 60s 2-41,text,true,,1806,460,10,10,http://localhost:5000/api/appointments,2,0,0
1784912480142,3,03 GET /assets/index.js (main bundle),200,OK,Moderate Load - 50 users over 60s 2-42,text,true,,233662,459,9,9,http://localhost:5000/assets/index.js,3,0,0
1784912480204,2,03 GET /assets/index.js (main bundle),200,OK,Moderate Load - 50 users over 60s 2-46,text,true,,233662,459,9,9,http://localhost:5000/assets/index.js,1,0,0
1784912480313,2,09 GET /api/appointments (day view),200,OK,Moderate Load - 50 users over 60s 2-45,text,true,,1806,460,9,9,http://localhost:5000/api/appointments,2,0,0
1784912480360,2,09 GET /api/appointments (day view),200,OK,Moderate Load - 50 users over 60s 2-49,text,true,,1806,460,9,9,http://localhost:5000/api/appointments,2,0,0
1784912480360,24,06 GET /api/patients (paginated list),200,OK,Moderate Load - 50 users over 60s 2-44,text,true,,10921,473,9,9,http://localhost:5000/api/patients?page=31&limit=20,24,0,0
1784912480422,2,02 GET / (index.html),200,OK,Moderate Load - 50 users over 60s 2-48,text,true,,1795,444,9,9,http://localhost:5000/,2,0,0
1784912480453,63,01 POST /api/auth/login,200,OK,Moderate Load - 50 users over 60s 2-43,text,true,,1486,543,9,9,http://localhost:5000/api/auth/login,63,0,0
1784912480484,35,04 GET /assets/index.css,200,OK,Moderate Load - 50 users over 60s 2-47,text,true,,29024,460,9,9,http://localhost:5000/assets/index.css,35,0,0
1784912480500,21,07 GET /api/patients?search= (name search),200,OK,Moderate Load - 50 users over 60s 2-50,text,true,,1161,482,9,9,http://localhost:5000/api/patients?search=jk&page=1&limit=20,21,0,0
1784912480657,2,04 GET /assets/index.css,200,OK,Moderate Load - 50 users over 60s 2-42,text,true,,29024,460,9,9,http://localhost:5000/assets/index.css,2,0,0
1784912480718,2,04 GET /assets/index.css,200,OK,Moderate Load - 50 users over 60s 2-46,text,true,,29024,460,9,9,http://localhost:5000/assets/index.css,2,0,0
1784912480828,61,01 POST /api/auth/login,200,OK,Moderate Load - 50 users over 60s 2-45,text,true,,1486,543,9,9,http://localhost:5000/api/auth/login,61,0,0
1784912480874,76,01 POST /api/auth/login,200,OK,Moderate Load - 50 users over 60s 2-49,text,true,,1486,543,9,9,http://localhost:5000/api/auth/login,76,0,0
1784912480890,62,07 GET /api/patients?search= (name search),200,OK,Moderate Load - 50 users over 60s 2-44,text,true,,1161,482,9,9,http://localhost:5000/api/patients?search=qr&page=1&limit=20,62,0,0
1784912480936,17,03 GET /assets/index.js (main bundle),200,OK,Moderate Load - 50 users over 60s 2-48,text,true,,233662,459,9,9,http://localhost:5000/assets/index.js,17,0,0
1784912481029,2,05 GET /api/dashboard/stats,200,OK,Moderate Load - 50 users over 60s 2-47,text,true,,1219,463,9,9,http://localhost:5000/api/dashboard/stats,2,0,0
1784912481029,3,08 GET /api/patients/{id} (record with history),200,OK,Moderate Load - 50 users over 60s 2-50,text,true,,12447,459,9,9,http://localhost:5000/api/patients/17,3,0,0
1784912481029,4,02 GET / (index.html),200,OK,Moderate Load - 50 users over 60s 2-43,text,true,,1795,444,9,9,http://localhost:5000/,4,0,0
1784912481170,2,05 GET /api/dashboard/stats,200,OK,Moderate Load - 50 users over 60s 2-42,text,true,,1219,463,9,9,http://localhost:5000/api/dashboard/stats,2,0,0
1784912481232,2,05 GET /api/dashboard/stats,200,OK,Moderate Load - 50 users over 60s 2-46,text,true,,1219,463,9,9,http://localhost:5000/api/dashboard/stats,2,0,0
1784912481402,2,02 GET / (index.html),200,OK,Moderate Load - 50 users over 60s 2-45,text,true,,1795,444,9,9,http://localhost:5000/,2,0,0
1784912481450,2,02 GET / (index.html),200,OK,Moderate Load - 50 users over 60s 2-49,text,true,,1795,444,9,9,http://localhost:5000/,2,0,0
1784912481466,2,08 GET /api/patients/{id} (record with history),200,OK,Moderate Load - 50 users over 60s 2-44,text,true,,10554,459,9,9,http://localhost:5000/api/patients/28,2,0,0
1784912481466,4,04 GET /assets/index.css,200,OK,Moderate Load - 50 users over 60s 2-48,text,true,,29024,460,9,9,http://localhost:5000/assets/index.css,4,0,0
1784912481544,2,06 GET /api/patients (paginated list),200,OK,Moderate Load - 50 users over 60s 2-47,text,true,,10805,473,9,9,http://localhost:5000/api/patients?page=12&limit=20,2,0,0
1784912481544,4,09 GET /api/appointments (day view),200,OK,Moderate Load - 50 users over 60s 2-50,text,true,,1806,460,9,9,http://localhost:5000/api/appointments,4,0,0
1784912481544,5,03 GET /assets/index.js (main bundle),200,OK,Moderate Load - 50 users over 60s 2-43,text,true,,233662,459,9,9,http://localhost:5000/assets/index.js,4,0,0
1784912481684,4,06 GET /api/patients (paginated list),200,OK,Moderate Load - 50 users over 60s 2-42,text,true,,10692,473,9,9,http://localhost:5000/api/patients?page=27&limit=20,4,0,0
1784912481746,2,06 GET /api/patients (paginated list),200,OK,Moderate Load - 50 users over 60s 2-46,text,true,,10885,472,9,9,http://localhost:5000/api/patients?page=7&limit=20,2,0,0
1784912481917,2,03 GET /assets/index.js (main bundle),200,OK,Moderate Load - 50 users over 60s 2-45,text,true,,233662,459,9,9,http://localhost:5000/assets/index.js,1,0,0
1784912481963,2,03 GET /assets/index.js (main bundle),200,OK,Moderate Load - 50 users over 60s 2-49,text,true,,233662,459,9,9,http://localhost:5000/assets/index.js,1,0,0
1784912481978,1,05 GET /api/dashboard/stats,200,OK,Moderate Load - 50 users over 60s 2-48,text,true,,1219,463,9,9,http://localhost:5000/api/dashboard/stats,1,0,0
1784912481978,2,09 GET /api/appointments (day view),200,OK,Moderate Load - 50 users over 60s 2-44,text,true,,1806,460,9,9,http://localhost:5000/api/appointments,2,0,0
1784912482056,63,01 POST /api/auth/login,200,OK,Moderate Load - 50 users over 60s 2-50,text,true,,1486,543,9,9,http://localhost:5000/api/auth/login,63,0,0
1784912482056,65,04 GET /assets/index.css,200,OK,Moderate Load - 50 users over 60s 2-43,text,true,,29024,460,9,9,http://localhost:5000/assets/index.css,65,0,0
1784912482056,66,07 GET /api/patients?search= (name search),200,OK,Moderate Load - 50 users over 60s 2-47,text,true,,1161,482,9,9,http://localhost:5000/api/patients?search=cz&page=1&limit=20,66,0,0
1784912482196,5,07 GET /api/patients?search= (name search),200,OK,Moderate Load - 50 users over 60s 2-42,text,true,,1161,482,9,9,http://localhost:5000/api/patients?search=bv&page=1&limit=20,5,0,0
1784912482258,2,07 GET /api/patients?search= (name search),200,OK,Moderate Load - 50 users over 60s 2-46,text,true,,1160,482,9,9,http://localhost:5000/api/patients?search=gb&page=1&limit=20,2,0,0
1784912482429,1,04 GET /assets/index.css,200,OK,Moderate Load - 50 users over 60s 2-45,text,true,,29024,460,9,9,http://localhost:5000/assets/index.css,1,0,0
1784912482476,1,04 GET /assets/index.css,200,OK,Moderate Load - 50 users over 60s 2-49,text,true,,29024,460,9,9,http://localhost:5000/assets/index.css,1,0,0
1784912482491,2,06 GET /api/patients (paginated list),200,OK,Moderate Load - 50 users over 60s 2-48,text,true,,10885,472,9,9,http://localhost:5000/api/patients?page=7&limit=20,2,0,0
1784912482630,2,08 GET /api/patients/{id} (record with history),200,OK,Moderate Load - 50 users over 60s 2-47,text,true,,9416,459,9,9,http://localhost:5000/api/patients/22,2,0,0
1784912482630,3,05 GET /api/dashboard/stats,200,OK,Moderate Load - 50 users over 60s 2-43,text,true,,1219,463,9,9,http://localhost:5000/api/dashboard/stats,3,0,0
1784912482630,4,02 GET / (index.html),200,OK,Moderate Load - 50 users over 60s 2-50,text,true,,1795,444,9,9,http://localhost:5000/,4,0,0
1784912482708,2,08 GET /api/patients/{id} (record with history),200,OK,Moderate Load - 50 users over 60s 2-42,text,true,,11783,459,9,9,http://localhost:5000/api/patients/29,2,0,0
1784912482770,2,08 GET /api/patients/{id} (record with history),200,OK,Moderate Load - 50 users over 60s 2-46,text,true,,11783,459,9,9,http://localhost:5000/api/patients/29,2,0,0
1784912482941,2,05 GET /api/dashboard/stats,200,OK,Moderate Load - 50 users over 60s 2-45,text,true,,1219,463,9,9,http://localhost:5000/api/dashboard/stats,2,0,0
1784912482987,1,05 GET /api/dashboard/stats,200,OK,Moderate Load - 50 users over 60s 2-49,text,true,,1219,463,9,9,http://localhost:5000/api/dashboard/stats,1,0,0
1784912483002,7,07 GET /api/patients?search= (name search),200,OK,Moderate Load - 50 users over 60s 2-48,text,true,,1161,482,9,9,http://localhost:5000/api/patients?search=qy&page=1&limit=20,7,0,0
1784912483142,3,06 GET /api/patients (paginated list),200,OK,Moderate Load - 50 users over 60s 2-43,text,true,,10720,473,9,9,http://localhost:5000/api/patients?page=29&limit=20,3,0,0
1784912483143,3,09 GET /api/appointments (day view),200,OK,Moderate Load - 50 users over 60s 2-47,text,true,,1806,460,9,9,http://localhost:5000/api/appointments,3,0,0
1784912483142,5,03 GET /assets/index.js (main bundle),200,OK,Moderate Load - 50 users over 60s 2-50,text,true,,233662,459,9,9,http://localhost:5000/assets/index.js,4,0,0
1784912483220,2,09 GET /api/appointments (day view),200,OK,Moderate Load - 50 users over 60s 2-42,text,true,,1806,460,9,9,http://localhost:5000/api/appointments,2,0,0
1784912483283,1,09 GET /api/appointments (day view),200,OK,Moderate Load - 50 users over 60s 2-46,text,true,,1806,460,8,8,http://localhost:5000/api/appointments,1,0,0
1784912483454,4,06 GET /api/patients (paginated list),200,OK,Moderate Load - 50 users over 60s 2-45,text,true,,10803,473,8,8,http://localhost:5000/api/patients?page=35&limit=20,4,0,0
1784912483502,2,06 GET /api/patients (paginated list),200,OK,Moderate Load - 50 users over 60s 2-49,text,true,,10686,473,8,8,http://localhost:5000/api/patients?page=19&limit=20,2,0,0
1784912483517,3,08 GET /api/patients/{id} (record with history),200,OK,Moderate Load - 50 users over 60s 2-48,text,true,,11780,459,8,8,http://localhost:5000/api/patients/24,3,0,0
1784912482491,1089,10 POST /api/ai/pre-appointment/{id},200,OK,Moderate Load - 50 users over 60s 2-44,text,true,,1979,490,8,8,http://localhost:5000/api/ai/pre-appointment/322,1089,0,0
1784912483656,64,01 POST /api/auth/login,200,OK,Moderate Load - 50 users over 60s 2-47,text,true,,1486,543,8,8,http://localhost:5000/api/auth/login,64,0,0
1784912483656,65,07 GET /api/patients?search= (name search),200,OK,Moderate Load - 50 users over 60s 2-43,text,true,,1161,482,8,8,http://localhost:5000/api/patients?search=nq&page=1&limit=20,65,0,0
1784912483656,65,04 GET /assets/index.css,200,OK,Moderate Load - 50 users over 60s 2-50,text,true,,29024,460,8,8,http://localhost:5000/assets/index.css,65,0,0
1784912483797,60,01 POST /api/auth/login,200,OK,Moderate Load - 50 users over 60s 2-46,text,true,,1486,543,8,8,http://localhost:5000/api/auth/login,60,0,0
1784912483966,14,07 GET /api/patients?search= (name search),200,OK,Moderate Load - 50 users over 60s 2-45,text,true,,10685,482,8,8,http://localhost:5000/api/patients?search=le&page=1&limit=20,14,0,0
1784912484013,4,07 GET /api/patients?search= (name search),200,OK,Moderate Load - 50 users over 60s 2-49,text,true,,1161,482,8,8,http://localhost:5000/api/patients?search=gi&page=1&limit=20,4,0,0
1784912484028,2,09 GET /api/appointments (day view),200,OK,Moderate Load - 50 users over 60s 2-48,text,true,,1806,460,8,8,http://localhost:5000/api/appointments,2,0,0
1784912484091,62,01 POST /api/auth/login,200,OK,Moderate Load - 50 users over 60s 2-44,text,true,,1486,543,8,8,http://localhost:5000/api/auth/login,62,0,0
1784912484230,3,05 GET /api/dashboard/stats,200,OK,Moderate Load - 50 users over 60s 2-50,text,true,,1219,463,8,8,http://localhost:5000/api/dashboard/stats,3,0,0
1784912484230,5,02 GET / (index.html),200,OK,Moderate Load - 50 users over 60s 2-47,text,true,,1795,444,8,8,http://localhost:5000/,5,0,0
1784912484230,8,08 GET /api/patients/{id} (record with history),200,OK,Moderate Load - 50 users over 60s 2-43,text,true,,8760,459,8,8,http://localhost:5000/api/patients/35,8,0,0
1784912484370,3,02 GET / (index.html),200,OK,Moderate Load - 50 users over 60s 2-46,text,true,,1795,444,8,8,http://localhost:5000/,3,0,0
1784912484495,7,08 GET /api/patients/{id} (record with history),200,OK,Moderate Load - 50 users over 60s 2-45,text,true,,11206,459,8,8,http://localhost:5000/api/patients/50,7,0,0
1784912484526,2,08 GET /api/patients/{id} (record with history),200,OK,Moderate Load - 50 users over 60s 2-49,text,true,,11780,459,8,8,http://localhost:5000/api/patients/24,2,0,0
1784912484541,64,01 POST /api/auth/login,200,OK,Moderate Load - 50 users over 60s 2-48,text,true,,1486,543,8,8,http://localhost:5000/api/auth/login,64,0,0
1784912484666,2,02 GET / (index.html),200,OK,Moderate Load - 50 users over 60s 2-44,text,true,,1795,444,8,8,http://localhost:5000/,2,0,0
1784912484745,2,09 GET /api/appointments (day view),200,OK,Moderate Load - 50 users over 60s 2-43,text,true,,1806,460,8,8,http://localhost:5000/api/appointments,2,0,0
1784912484745,4,06 GET /api/patients (paginated list),200,OK,Moderate Load - 50 users over 60s 2-50,text,true,,10874,473,7,7,http://localhost:5000/api/patients?page=30&limit=20,4,0,0
1784912484745,6,03 GET /assets/index.js (main bundle),200,OK,Moderate Load - 50 users over 60s 2-47,text,true,,233662,459,7,7,http://localhost:5000/assets/index.js,5,0,0
1784912484885,2,03 GET /assets/index.js (main bundle),200,OK,Moderate Load - 50 users over 60s 2-46,text,true,,233662,459,7,7,http://localhost:5000/assets/index.js,2,0,0
1784912485009,2,09 GET /api/appointments (day view),200,OK,Moderate Load - 50 users over 60s 2-45,text,true,,1806,460,7,7,http://localhost:5000/api/appointments,2,0,0
1784912485040,2,09 GET /api/appointments (day view),200,OK,Moderate Load - 50 users over 60s 2-49,text,true,,1806,460,6,6,http://localhost:5000/api/appointments,2,0,0
1784912485119,1,02 GET / (index.html),200,OK,Moderate Load - 50 users over 60s 2-48,text,true,,1795,444,6,6,http://localhost:5000/,1,0,0
1784912485181,3,03 GET /assets/index.js (main bundle),200,OK,Moderate Load - 50 users over 60s 2-44,text,true,,233662,459,6,6,http://localhost:5000/assets/index.js,2,0,0
1784912485257,2,07 GET /api/patients?search= (name search),200,OK,Moderate Load - 50 users over 60s 2-50,text,true,,1160,482,6,6,http://localhost:5000/api/patients?search=np&page=1&limit=20,2,0,0
1784912485257,3,04 GET /assets/index.css,200,OK,Moderate Load - 50 users over 60s 2-47,text,true,,29024,460,6,6,http://localhost:5000/assets/index.css,3,0,0
1784912485399,1,04 GET /assets/index.css,200,OK,Moderate Load - 50 users over 60s 2-46,text,true,,29024,460,6,6,http://localhost:5000/assets/index.css,1,0,0
1784912485555,62,01 POST /api/auth/login,200,OK,Moderate Load - 50 users over 60s 2-49,text,true,,1486,543,6,6,http://localhost:5000/api/auth/login,62,0,0
1784912485634,2,03 GET /assets/index.js (main bundle),200,OK,Moderate Load - 50 users over 60s 2-48,text,true,,233662,459,6,6,http://localhost:5000/assets/index.js,1,0,0
1784912485695,2,04 GET /assets/index.css,200,OK,Moderate Load - 50 users over 60s 2-44,text,true,,29024,460,6,6,http://localhost:5000/assets/index.css,2,0,0
1784912485775,3,05 GET /api/dashboard/stats,200,OK,Moderate Load - 50 users over 60s 2-47,text,true,,1219,463,6,6,http://localhost:5000/api/dashboard/stats,3,0,0
1784912485775,6,08 GET /api/patients/{id} (record with history),200,OK,Moderate Load - 50 users over 60s 2-50,text,true,,10583,459,6,6,http://localhost:5000/api/patients/36,6,0,0
1784912485913,2,05 GET /api/dashboard/stats,200,OK,Moderate Load - 50 users over 60s 2-46,text,true,,1219,463,6,6,http://localhost:5000/api/dashboard/stats,2,0,0
1784912486130,1,02 GET / (index.html),200,OK,Moderate Load - 50 users over 60s 2-49,text,true,,1795,444,6,6,http://localhost:5000/,1,0,0
1784912486146,1,04 GET /assets/index.css,200,OK,Moderate Load - 50 users over 60s 2-48,text,true,,29024,460,6,6,http://localhost:5000/assets/index.css,1,0,0
1784912486209,1,05 GET /api/dashboard/stats,200,OK,Moderate Load - 50 users over 60s 2-44,text,true,,1219,463,6,6,http://localhost:5000/api/dashboard/stats,1,0,0
1784912486286,3,09 GET /api/appointments (day view),200,OK,Moderate Load - 50 users over 60s 2-50,text,true,,1806,460,6,6,http://localhost:5000/api/appointments,3,0,0
1784912486286,22,06 GET /api/patients (paginated list),200,OK,Moderate Load - 50 users over 60s 2-47,text,true,,10820,473,6,6,http://localhost:5000/api/patients?page=46&limit=20,22,0,0
1784912486426,20,06 GET /api/patients (paginated list),200,OK,Moderate Load - 50 users over 60s 2-46,text,true,,10657,472,6,6,http://localhost:5000/api/patients?page=6&limit=20,20,0,0
1784912486646,2,03 GET /assets/index.js (main bundle),200,OK,Moderate Load - 50 users over 60s 2-49,text,true,,233662,459,6,6,http://localhost:5000/assets/index.js,1,0,0
1784912486661,2,05 GET /api/dashboard/stats,200,OK,Moderate Load - 50 users over 60s 2-48,text,true,,1219,463,6,6,http://localhost:5000/api/dashboard/stats,2,0,0
1784912486723,2,06 GET /api/patients (paginated list),200,OK,Moderate Load - 50 users over 60s 2-44,text,true,,10668,472,6,6,http://localhost:5000/api/patients?page=5&limit=20,2,0,0
1784912486800,61,01 POST /api/auth/login,200,OK,Moderate Load - 50 users over 60s 2-50,text,true,,1486,543,6,6,http://localhost:5000/api/auth/login,61,0,0
1784912486816,51,07 GET /api/patients?search= (name search),200,OK,Moderate Load - 50 users over 60s 2-47,text,true,,1161,482,6,6,http://localhost:5000/api/patients?search=wt&page=1&limit=20,51,0,0
1784912486957,14,07 GET /api/patients?search= (name search),200,OK,Moderate Load - 50 users over 60s 2-46,text,true,,10901,482,6,6,http://localhost:5000/api/patients?search=pe&page=1&limit=20,14,0,0
1784912487160,2,04 GET /assets/index.css,200,OK,Moderate Load - 50 users over 60s 2-49,text,true,,29024,460,6,6,http://localhost:5000/assets/index.css,2,0,0
1784912487176,2,06 GET /api/patients (paginated list),200,OK,Moderate Load - 50 users over 60s 2-48,text,true,,10920,473,6,6,http://localhost:5000/api/patients?page=31&limit=20,2,0,0
1784912487237,6,07 GET /api/patients?search= (name search),200,OK,Moderate Load - 50 users over 60s 2-44,text,true,,1161,482,6,6,http://localhost:5000/api/patients?search=ut&page=1&limit=20,6,0,0
1784912487363,2,02 GET / (index.html),200,OK,Moderate Load - 50 users over 60s 2-50,text,true,,1795,444,6,6,http://localhost:5000/,2,0,0
1784912487376,7,08 GET /api/patients/{id} (record with history),200,OK,Moderate Load - 50 users over 60s 2-47,text,true,,10580,459,6,6,http://localhost:5000/api/patients/38,7,0,0
1784912487485,2,08 GET /api/patients/{id} (record with history),200,OK,Moderate Load - 50 users over 60s 2-46,text,true,,11223,459,6,6,http://localhost:5000/api/patients/12,2,0,0
1784912487672,3,05 GET /api/dashboard/stats,200,OK,Moderate Load - 50 users over 60s 2-49,text,true,,1219,463,6,6,http://localhost:5000/api/dashboard/stats,2,0,0
1784912487688,5,07 GET /api/patients?search= (name search),200,OK,Moderate Load - 50 users over 60s 2-48,text,true,,1161,482,6,6,http://localhost:5000/api/patients?search=sc&page=1&limit=20,5,0,0
1784912487750,7,08 GET /api/patients/{id} (record with history),200,OK,Moderate Load - 50 users over 60s 2-44,text,true,,10023,459,6,6,http://localhost:5000/api/patients/25,7,0,0
1784912487875,3,03 GET /assets/index.js (main bundle),200,OK,Moderate Load - 50 users over 60s 2-50,text,true,,233662,459,6,6,http://localhost:5000/assets/index.js,3,0,0
1784912487891,2,09 GET /api/appointments (day view),200,OK,Moderate Load - 50 users over 60s 2-47,text,true,,1806,460,6,6,http://localhost:5000/api/appointments,2,0,0
1784912487999,2,09 GET /api/appointments (day view),200,OK,Moderate Load - 50 users over 60s 2-46,text,true,,1806,460,5,5,http://localhost:5000/api/appointments,2,0,0
1784912488200,2,08 GET /api/patients/{id} (record with history),200,OK,Moderate Load - 50 users over 60s 2-48,text,true,,11823,459,5,5,http://localhost:5000/api/patients/14,2,0,0
1784912488185,22,06 GET /api/patients (paginated list),200,OK,Moderate Load - 50 users over 60s 2-49,text,true,,10532,473,5,5,http://localhost:5000/api/patients?page=47&limit=20,22,0,0
1784912488263,1,09 GET /api/appointments (day view),200,OK,Moderate Load - 50 users over 60s 2-44,text,true,,1806,460,5,5,http://localhost:5000/api/appointments,1,0,0
1784912488386,1,04 GET /assets/index.css,200,OK,Moderate Load - 50 users over 60s 2-50,text,true,,29024,460,4,4,http://localhost:5000/assets/index.css,1,0,0
1784912488712,4,09 GET /api/appointments (day view),200,OK,Moderate Load - 50 users over 60s 2-48,text,true,,1806,460,4,4,http://localhost:5000/api/appointments,4,0,0
1784912488712,6,07 GET /api/patients?search= (name search),200,OK,Moderate Load - 50 users over 60s 2-49,text,true,,1161,482,3,3,http://localhost:5000/api/patients?search=ih&page=1&limit=20,6,0,0
1784912488899,2,05 GET /api/dashboard/stats,200,OK,Moderate Load - 50 users over 60s 2-50,text,true,,1219,463,3,3,http://localhost:5000/api/dashboard/stats,2,0,0
1784912489225,3,08 GET /api/patients/{id} (record with history),200,OK,Moderate Load - 50 users over 60s 2-49,text,true,,11805,459,3,3,http://localhost:5000/api/patients/20,3,0,0
1784912489410,3,06 GET /api/patients (paginated list),200,OK,Moderate Load - 50 users over 60s 2-50,text,true,,10885,472,3,3,http://localhost:5000/api/patients?page=7&limit=20,3,0,0
1784912489735,3,09 GET /api/appointments (day view),200,OK,Moderate Load - 50 users over 60s 2-49,text,true,,1806,460,3,3,http://localhost:5000/api/appointments,3,0,0
1784912489920,3,07 GET /api/patients?search= (name search),200,OK,Moderate Load - 50 users over 60s 2-50,text,true,,1160,482,2,2,http://localhost:5000/api/patients?search=vi&page=1&limit=20,3,0,0
1784912488511,1665,10 POST /api/ai/pre-appointment/{id},200,OK,Moderate Load - 50 users over 60s 2-46,text,true,,2443,490,2,2,http://localhost:5000/api/ai/pre-appointment/374,1665,0,0
1784912490430,3,08 GET /api/patients/{id} (record with history),200,OK,Moderate Load - 50 users over 60s 2-50,text,true,,12602,458,1,1,http://localhost:5000/api/patients/2,3,0,0
1784912490941,2,09 GET /api/appointments (day view),200,OK,Moderate Load - 50 users over 60s 2-50,text,true,,1806,460,1,1,http://localhost:5000/api/appointments,2,0,0
