timeStamp,elapsed,label,responseCode,responseMessage,threadName,dataType,success,failureMessage,bytes,sentBytes,grpThreads,allThreads,URL,Latency,IdleTime,Connect
1784906700076,88,01 POST /api/auth/login,200,OK,Moderate Load - 50 users over 60s 2-1,text,true,,1469,326,1,1,http://localhost:5000/api/auth/login,84,0,19
1784906700699,2,02 GET / (index.html),200,OK,Moderate Load - 50 users over 60s 2-1,text,true,,1778,444,1,1,http://localhost:5000/,2,0,0
1784906701203,4,03 GET /assets/index.js (main bundle),200,OK,Moderate Load - 50 users over 60s 2-1,text,true,,488575,459,2,2,http://localhost:5000/assets/index.js,3,0,0
1784906701212,60,01 POST /api/auth/login,200,OK,Moderate Load - 50 users over 60s 2-2,text,true,,1469,326,2,2,http://localhost:5000/api/auth/login,60,0,1
1784906701722,1,04 GET /assets/index.css,200,OK,Moderate Load - 50 users over 60s 2-1,text,true,,49971,460,2,2,http://localhost:5000/assets/index.css,1,0,0
1784906701783,2,02 GET / (index.html),200,OK,Moderate Load - 50 users over 60s 2-2,text,true,,1778,444,2,2,http://localhost:5000/,2,0,0
1784906702286,4,03 GET /assets/index.js (main bundle),200,OK,Moderate Load - 50 users over 60s 2-2,text,true,,488575,459,3,3,http://localhost:5000/assets/index.js,3,0,0
1784906702420,60,01 POST /api/auth/login,200,OK,Moderate Load - 50 users over 60s 2-3,text,true,,1469,326,3,3,http://localhost:5000/api/auth/login,60,0,1
1784906702226,483,05 GET /api/dashboard/stats,200,OK,Moderate Load - 50 users over 60s 2-1,text,true,,1188,463,3,3,http://localhost:5000/api/dashboard/stats,483,0,0
1784906702792,3,04 GET /assets/index.css,200,OK,Moderate Load - 50 users over 60s 2-2,text,true,,49971,460,3,3,http://localhost:5000/assets/index.css,3,0,0
1784906702994,2,02 GET / (index.html),200,OK,Moderate Load - 50 users over 60s 2-3,text,true,,1778,444,3,3,http://localhost:5000/,2,0,0
1784906703210,147,06 GET /api/patients (paginated list),200,OK,Moderate Load - 50 users over 60s 2-1,text,true,,10047,473,4,4,http://localhost:5000/api/patients?page=48&limit=20,146,0,0
1784906703499,2,03 GET /assets/index.js (main bundle),200,OK,Moderate Load - 50 users over 60s 2-3,text,true,,488575,459,4,4,http://localhost:5000/assets/index.js,2,0,0
1784906703616,61,01 POST /api/auth/login,200,OK,Moderate Load - 50 users over 60s 2-4,text,true,,1469,326,4,4,http://localhost:5000/api/auth/login,61,0,0
1784906703299,489,05 GET /api/dashboard/stats,200,OK,Moderate Load - 50 users over 60s 2-2,text,true,,1188,463,4,4,http://localhost:5000/api/dashboard/stats,489,0,0
1784906704006,2,04 GET /assets/index.css,200,OK,Moderate Load - 50 users over 60s 2-3,text,true,,49971,460,4,4,http://localhost:5000/assets/index.css,1,0,0
1784906704178,2,02 GET / (index.html),200,OK,Moderate Load - 50 users over 60s 2-4,text,true,,1778,444,4,4,http://localhost:5000/,2,0,0
1784906703865,442,07 GET /api/patients?search= (name search),200,OK,Moderate Load - 50 users over 60s 2-1,text,true,,1129,482,5,5,http://localhost:5000/api/patients?search=nz&page=1&limit=20,442,0,0
1784906704290,162,06 GET /api/patients (paginated list),200,OK,Moderate Load - 50 users over 60s 2-2,text,true,,10045,473,5,5,http://localhost:5000/api/patients?page=21&limit=20,162,0,0
1784906704681,3,03 GET /assets/index.js (main bundle),200,OK,Moderate Load - 50 users over 60s 2-4,text,true,,488575,459,5,5,http://localhost:5000/assets/index.js,2,0,0
1784906704816,62,01 POST /api/auth/login,200,OK,Moderate Load - 50 users over 60s 2-5,text,true,,1469,326,5,5,http://localhost:5000/api/auth/login,62,0,1
1784906704509,480,05 GET /api/dashboard/stats,200,OK,Moderate Load - 50 users over 60s 2-3,text,true,,1188,463,5,5,http://localhost:5000/api/dashboard/stats,480,0,0
1784906705185,2,04 GET /assets/index.css,200,OK,Moderate Load - 50 users over 60s 2-4,text,true,,49971,460,5,5,http://localhost:5000/assets/index.css,2,0,0
1784906704955,345,07 GET /api/patients?search= (name search),200,OK,Moderate Load - 50 users over 60s 2-2,text,true,,1129,482,5,5,http://localhost:5000/api/patients?search=wc&page=1&limit=20,345,0,0
1784906705378,2,02 GET / (index.html),200,OK,Moderate Load - 50 users over 60s 2-5,text,true,,1778,444,5,5,http://localhost:5000/,2,0,0
1784906705489,153,06 GET /api/patients (paginated list),200,OK,Moderate Load - 50 users over 60s 2-3,text,true,,10048,473,6,6,http://localhost:5000/api/patients?page=43&limit=20,153,0,0
1784906705882,3,03 GET /assets/index.js (main bundle),200,OK,Moderate Load - 50 users over 60s 2-5,text,true,,488575,459,6,6,http://localhost:5000/assets/index.js,2,0,0
1784906706014,63,01 POST /api/auth/login,200,OK,Moderate Load - 50 users over 60s 2-6,text,true,,1469,326,6,6,http://localhost:5000/api/auth/login,63,0,1
1784906705688,484,05 GET /api/dashboard/stats,200,OK,Moderate Load - 50 users over 60s 2-4,text,true,,1188,463,6,6,http://localhost:5000/api/dashboard/stats,484,0,0
1784906706399,2,04 GET /assets/index.css,200,OK,Moderate Load - 50 users over 60s 2-5,text,true,,49971,460,6,6,http://localhost:5000/assets/index.css,2,0,0
1784906706151,406,07 GET /api/patients?search= (name search),200,OK,Moderate Load - 50 users over 60s 2-3,text,true,,1129,482,6,6,http://localhost:5000/api/patients?search=qj&page=1&limit=20,406,0,0
1784906706586,1,02 GET / (index.html),200,OK,Moderate Load - 50 users over 60s 2-6,text,true,,1778,444,6,6,http://localhost:5000/,1,0,0
1784906706679,142,06 GET /api/patients (paginated list),200,OK,Moderate Load - 50 users over 60s 2-4,text,true,,10091,473,7,7,http://localhost:5000/api/patients?page=13&limit=20,141,0,0
1784906707096,4,03 GET /assets/index.js (main bundle),200,OK,Moderate Load - 50 users over 60s 2-6,text,true,,488575,459,7,7,http://localhost:5000/assets/index.js,3,0,0
1784906707223,64,01 POST /api/auth/login,200,OK,Moderate Load - 50 users over 60s 2-7,text,true,,1469,326,7,7,http://localhost:5000/api/auth/login,64,0,1
1784906706911,491,05 GET /api/dashboard/stats,200,OK,Moderate Load - 50 users over 60s 2-5,text,true,,1188,463,7,7,http://localhost:5000/api/dashboard/stats,491,0,0
1784906707614,2,04 GET /assets/index.css,200,OK,Moderate Load - 50 users over 60s 2-6,text,true,,49971,460,7,7,http://localhost:5000/assets/index.css,2,0,0
1784906707332,331,07 GET /api/patients?search= (name search),200,OK,Moderate Load - 50 users over 60s 2-4,text,true,,9996,482,7,7,http://localhost:5000/api/patients?search=jo&page=1&limit=20,331,0,0
1784906707802,1,02 GET / (index.html),200,OK,Moderate Load - 50 users over 60s 2-7,text,true,,1778,444,7,7,http://localhost:5000/,1,0,0
1784906707908,159,06 GET /api/patients (paginated list),200,OK,Moderate Load - 50 users over 60s 2-5,text,true,,10160,473,8,8,http://localhost:5000/api/patients?page=10&limit=20,159,0,0
1784906708308,3,03 GET /assets/index.js (main bundle),200,OK,Moderate Load - 50 users over 60s 2-7,text,true,,488575,459,8,8,http://localhost:5000/assets/index.js,2,0,0
1784906708406,66,01 POST /api/auth/login,200,OK,Moderate Load - 50 users over 60s 2-8,text,true,,1469,326,8,8,http://localhost:5000/api/auth/login,65,0,1
1784906708117,486,05 GET /api/dashboard/stats,200,OK,Moderate Load - 50 users over 60s 2-6,text,true,,1188,463,8,8,http://localhost:5000/api/dashboard/stats,486,0,0
1784906708824,2,04 GET /assets/index.css,200,OK,Moderate Load - 50 users over 60s 2-7,text,true,,49971,460,8,8,http://localhost:5000/assets/index.css,2,0,0
1784906708576,361,07 GET /api/patients?search= (name search),200,OK,Moderate Load - 50 users over 60s 2-5,text,true,,10094,482,8,8,http://localhost:5000/api/patients?search=sl&page=1&limit=20,361,0,0
1784906708979,2,02 GET / (index.html),200,OK,Moderate Load - 50 users over 60s 2-8,text,true,,1778,444,8,8,http://localhost:5000/,2,0,0
1784906709106,147,06 GET /api/patients (paginated list),200,OK,Moderate Load - 50 users over 60s 2-6,text,true,,10044,473,9,9,http://localhost:5000/api/patients?page=22&limit=20,147,0,0
1784906709482,2,03 GET /assets/index.js (main bundle),200,OK,Moderate Load - 50 users over 60s 2-8,text,true,,488575,459,9,9,http://localhost:5000/assets/index.js,2,0,0
1784906709616,91,01 POST /api/auth/login,200,OK,Moderate Load - 50 users over 60s 2-9,text,true,,1469,326,9,9,http://localhost:5000/api/auth/login,91,0,1
1784906709328,493,05 GET /api/dashboard/stats,200,OK,Moderate Load - 50 users over 60s 2-7,text,true,,1188,463,9,9,http://localhost:5000/api/dashboard/stats,493,0,0
1784906709988,3,04 GET /assets/index.css,200,OK,Moderate Load - 50 users over 60s 2-8,text,true,,49971,460,9,9,http://localhost:5000/assets/index.css,3,0,0
1784906709755,402,07 GET /api/patients?search= (name search),200,OK,Moderate Load - 50 users over 60s 2-6,text,true,,10100,482,9,9,http://localhost:5000/api/patients?search=ok&page=1&limit=20,402,0,0
1784906704816,5345,08 GET /api/patients/{id} (record with history),200,OK,Moderate Load - 50 users over 60s 2-1,text,true,,12340,459,9,9,http://localhost:5000/api/patients/23,5345,0,0
1784906710209,2,02 GET / (index.html),200,OK,Moderate Load - 50 users over 60s 2-9,text,true,,1778,444,9,9,http://localhost:5000/,2,0,0
1784906710324,140,06 GET /api/patients (paginated list),200,OK,Moderate Load - 50 users over 60s 2-7,text,true,,10181,473,10,10,http://localhost:5000/api/patients?page=15&limit=20,140,0,0
1784906710713,2,03 GET /assets/index.js (main bundle),200,OK,Moderate Load - 50 users over 60s 2-9,text,true,,488575,459,10,10,http://localhost:5000/assets/index.js,1,0,0
1784906710812,117,01 POST /api/auth/login,200,OK,Moderate Load - 50 users over 60s 2-10,text,true,,1469,326,10,10,http://localhost:5000/api/auth/login,117,0,1
1784906710492,470,05 GET /api/dashboard/stats,200,OK,Moderate Load - 50 users over 60s 2-8,text,true,,1188,463,10,10,http://localhost:5000/api/dashboard/stats,470,0,0
1784906711216,3,04 GET /assets/index.css,200,OK,Moderate Load - 50 users over 60s 2-9,text,true,,49971,460,10,10,http://localhost:5000/assets/index.css,3,0,0
1784906710663,589,09 GET /api/appointments (day view),200,OK,Moderate Load - 50 users over 60s 2-1,text,true,,1775,460,10,10,http://localhost:5000/api/appointments,589,0,0
1784906711429,2,02 GET / (index.html),200,OK,Moderate Load - 50 users over 60s 2-10,text,true,,1778,444,10,10,http://localhost:5000/,2,0,0
1784906710966,469,07 GET /api/patients?search= (name search),200,OK,Moderate Load - 50 users over 60s 2-7,text,true,,10021,482,10,10,http://localhost:5000/api/patients?search=ve&page=1&limit=20,469,0,0
1784906705801,5796,08 GET /api/patients/{id} (record with history),200,OK,Moderate Load - 50 users over 60s 2-2,text,true,,12542,458,11,11,http://localhost:5000/api/patients/2,5796,0,0
1784906711464,149,06 GET /api/patients (paginated list),200,OK,Moderate Load - 50 users over 60s 2-8,text,true,,9999,472,11,11,http://localhost:5000/api/patients?page=6&limit=20,149,0,0
1784906711754,64,01 POST /api/auth/login,200,OK,Moderate Load - 50 users over 60s 2-1,text,true,,1469,543,11,11,http://localhost:5000/api/auth/login,64,0,0
1784906711932,3,03 GET /assets/index.js (main bundle),200,OK,Moderate Load - 50 users over 60s 2-10,text,true,,488575,459,11,11,http://localhost:5000/assets/index.js,3,0,0
1784906712010,107,01 POST /api/auth/login,200,OK,Moderate Load - 50 users over 60s 2-11,text,true,,1469,326,11,11,http://localhost:5000/api/auth/login,107,0,1
1784906711721,514,05 GET /api/dashboard/stats,200,OK,Moderate Load - 50 users over 60s 2-9,text,true,,1188,463,11,11,http://localhost:5000/api/dashboard/stats,514,0,0
1784906712321,2,02 GET / (index.html),200,OK,Moderate Load - 50 users over 60s 2-1,text,true,,1778,444,11,11,http://localhost:5000/,2,0,0
1784906707066,5291,08 GET /api/patients/{id} (record with history),200,OK,Moderate Load - 50 users over 60s 2-3,text,true,,11162,459,11,11,http://localhost:5000/api/patients/12,5291,0,0
1784906712445,2,04 GET /assets/index.css,200,OK,Moderate Load - 50 users over 60s 2-10,text,true,,49971,460,11,11,http://localhost:5000/assets/index.css,2,0,0
1784906712119,370,07 GET /api/patients?search= (name search),200,OK,Moderate Load - 50 users over 60s 2-8,text,true,,1129,482,11,11,http://localhost:5000/api/patients?search=xk&page=1&limit=20,370,0,0
1784906712103,439,09 GET /api/appointments (day view),200,OK,Moderate Load - 50 users over 60s 2-2,text,true,,1775,460,11,11,http://localhost:5000/api/appointments,439,0,0
1784906712632,1,02 GET / (index.html),200,OK,Moderate Load - 50 users over 60s 2-11,text,true,,1778,444,11,11,http://localhost:5000/,1,0,0
1784906712835,3,03 GET /assets/index.js (main bundle),200,OK,Moderate Load - 50 users over 60s 2-1,text,true,,488575,459,12,12,http://localhost:5000/assets/index.js,2,0,0
1784906712742,136,06 GET /api/patients (paginated list),200,OK,Moderate Load - 50 users over 60s 2-9,text,true,,10017,472,12,12,http://localhost:5000/api/patients?page=5&limit=20,136,0,0
1784906709438,3611,08 GET /api/patients/{id} (record with history),200,OK,Moderate Load - 50 users over 60s 2-5,text,true,,8692,459,12,12,http://localhost:5000/api/patients/35,3611,0,0
1784906713054,65,01 POST /api/auth/login,200,OK,Moderate Load - 50 users over 60s 2-2,text,true,,1469,543,12,12,http://localhost:5000/api/auth/login,65,0,0
1784906713134,4,03 GET /assets/index.js (main bundle),200,OK,Moderate Load - 50 users over 60s 2-11,text,true,,488575,459,12,12,http://localhost:5000/assets/index.js,2,0,0
1784906713225,69,01 POST /api/auth/login,200,OK,Moderate Load - 50 users over 60s 2-12,text,true,,1469,326,12,12,http://localhost:5000/api/auth/login,69,0,1
1784906712867,432,09 GET /api/appointments (day view),200,OK,Moderate Load - 50 users over 60s 2-3,text,true,,1775,460,12,12,http://localhost:5000/api/appointments,432,0,0
1784906708164,5154,08 GET /api/patients/{id} (record with history),200,OK,Moderate Load - 50 users over 60s 2-4,text,true,,12264,459,12,12,http://localhost:5000/api/patients/26,5154,0,0
1784906713349,3,04 GET /assets/index.css,200,OK,Moderate Load - 50 users over 60s 2-1,text,true,,49971,460,12,12,http://localhost:5000/assets/index.css,3,0,0
1784906712960,449,05 GET /api/dashboard/stats,200,OK,Moderate Load - 50 users over 60s 2-10,text,true,,1188,463,12,12,http://localhost:5000/api/dashboard/stats,449,0,0
1784906713628,2,02 GET / (index.html),200,OK,Moderate Load - 50 users over 60s 2-2,text,true,,1778,444,12,12,http://localhost:5000/,2,0,0
1784906713643,2,04 GET /assets/index.css,200,OK,Moderate Load - 50 users over 60s 2-11,text,true,,49971,460,12,12,http://localhost:5000/assets/index.css,2,0,0
1784906713380,352,07 GET /api/patients?search= (name search),200,OK,Moderate Load - 50 users over 60s 2-9,text,true,,1129,482,12,12,http://localhost:5000/api/patients?search=zq&page=1&limit=20,352,0,0
1784906713798,2,02 GET / (index.html),200,OK,Moderate Load - 50 users over 60s 2-12,text,true,,1778,444,12,12,http://localhost:5000/,2,0,0
1784906713814,62,01 POST /api/auth/login,200,OK,Moderate Load - 50 users over 60s 2-3,text,true,,1469,543,12,12,http://localhost:5000/api/auth/login,62,0,0
1784906713552,332,09 GET /api/appointments (day view),200,OK,Moderate Load - 50 users over 60s 2-5,text,true,,1775,460,12,12,http://localhost:5000/api/appointments,332,0,0
1784906713922,151,06 GET /api/patients (paginated list),200,OK,Moderate Load - 50 users over 60s 2-10,text,true,,10045,473,13,13,http://localhost:5000/api/patients?page=21&limit=20,151,0,0
1784906714132,2,03 GET /assets/index.js (main bundle),200,OK,Moderate Load - 50 users over 60s 2-2,text,true,,488575,459,13,13,http://localhost:5000/assets/index.js,1,0,0
1784906713829,436,09 GET /api/appointments (day view),200,OK,Moderate Load - 50 users over 60s 2-4,text,true,,1775,460,13,13,http://localhost:5000/api/appointments,435,0,0
1784906714300,3,03 GET /assets/index.js (main bundle),200,OK,Moderate Load - 50 users over 60s 2-12,text,true,,488575,459,13,13,http://localhost:5000/assets/index.js,2,0,0
1784906714378,2,02 GET / (index.html),200,OK,Moderate Load - 50 users over 60s 2-3,text,true,,1778,444,13,13,http://localhost:5000/,2,0,0
1784906713860,524,05 GET /api/dashboard/stats,200,OK,Moderate Load - 50 users over 60s 2-1,text,true,,1188,463,13,13,http://localhost:5000/api/dashboard/stats,524,0,0
1784906714385,65,01 POST /api/auth/login,200,OK,Moderate Load - 50 users over 60s 2-5,text,true,,1469,543,13,13,http://localhost:5000/api/auth/login,65,0,0
1784906714419,97,01 POST /api/auth/login,200,OK,Moderate Load - 50 users over 60s 2-13,text,true,,1469,326,13,13,http://localhost:5000/api/auth/login,97,0,1
1784906710659,3904,08 GET /api/patients/{id} (record with history),200,OK,Moderate Load - 50 users over 60s 2-6,text,true,,8679,458,13,13,http://localhost:5000/api/patients/4,3904,0,0
1784906714636,1,04 GET /assets/index.css,200,OK,Moderate Load - 50 users over 60s 2-2,text,true,,49971,460,13,13,http://localhost:5000/assets/index.css,1,0,0
1784906714146,500,05 GET /api/dashboard/stats,200,OK,Moderate Load - 50 users over 60s 2-11,text,true,,1188,463,13,13,http://localhost:5000/api/dashboard/stats,500,0,0
1784906714775,61,01 POST /api/auth/login,200,OK,Moderate Load - 50 users over 60s 2-4,text,true,,1469,543,13,13,http://localhost:5000/api/auth/login,61,0,0
1784906714806,31,04 GET /assets/index.css,200,OK,Moderate Load - 50 users over 60s 2-12,text,true,,49971,460,13,13,http://localhost:5000/assets/index.css,31,0,0
1784906714885,4,03 GET /assets/index.js (main bundle),200,OK,Moderate Load - 50 users over 60s 2-3,text,true,,488575,459,13,13,http://localhost:5000/assets/index.js,3,0,0
1784906714962,2,02 GET / (index.html),200,OK,Moderate Load - 50 users over 60s 2-5,text,true,,1778,444,13,13,http://localhost:5000/,2,0,0
1784906714885,117,06 GET /api/patients (paginated list),200,OK,Moderate Load - 50 users over 60s 2-1,text,true,,10181,473,13,13,http://localhost:5000/api/patients?page=15&limit=20,117,0,0
1784906715025,1,02 GET / (index.html),200,OK,Moderate Load - 50 users over 60s 2-13,text,true,,1778,444,13,13,http://localhost:5000/,1,0,0
1784906714574,486,07 GET /api/patients?search= (name search),200,OK,Moderate Load - 50 users over 60s 2-10,text,true,,1129,482,13,13,http://localhost:5000/api/patients?search=bk&page=1&limit=20,486,0,0
1784906715145,171,06 GET /api/patients (paginated list),200,OK,Moderate Load - 50 users over 60s 2-11,text,true,,10160,473,14,14,http://localhost:5000/api/patients?page=10&limit=20,171,0,0
1784906715336,3,02 GET / (index.html),200,OK,Moderate Load - 50 users over 60s 2-4,text,true,,1778,444,14,14,http://localhost:5000/,3,0,0
1784906715389,2,04 GET /assets/index.css,200,OK,Moderate Load - 50 users over 60s 2-3,text,true,,49971,460,14,14,http://localhost:5000/assets/index.css,2,0,0
1784906715466,3,03 GET /assets/index.js (main bundle),200,OK,Moderate Load - 50 users over 60s 2-5,text,true,,488575,459,14,14,http://localhost:5000/assets/index.js,2,0,0
1784906715526,3,03 GET /assets/index.js (main bundle),200,OK,Moderate Load - 50 users over 60s 2-13,text,true,,488575,459,14,14,http://localhost:5000/assets/index.js,2,0,0
1784906715137,563,05 GET /api/dashboard/stats,200,OK,Moderate Load - 50 users over 60s 2-2,text,true,,1188,463,14,14,http://localhost:5000/api/dashboard/stats,563,0,0
1784906715612,89,01 POST /api/auth/login,200,OK,Moderate Load - 50 users over 60s 2-14,text,true,,1469,326,14,14,http://localhost:5000/api/auth/login,89,0,2
1784906715072,634,09 GET /api/appointments (day view),200,OK,Moderate Load - 50 users over 60s 2-6,text,true,,1775,460,14,14,http://localhost:5000/api/appointments,634,0,0
1784906715337,499,05 GET /api/dashboard/stats,200,OK,Moderate Load - 50 users over 60s 2-12,text,true,,1188,463,14,14,http://localhost:5000/api/dashboard/stats,499,0,0
1784906715844,3,03 GET /assets/index.js (main bundle),200,OK,Moderate Load - 50 users over 60s 2-4,text,true,,488575,459,14,14,http://localhost:5000/assets/index.js,2,0,0
1784906715502,404,07 GET /api/patients?search= (name search),200,OK,Moderate Load - 50 users over 60s 2-1,text,true,,1129,482,14,14,http://localhost:5000/api/patients?search=vx&page=1&limit=20,404,0,0
1784906715984,3,04 GET /assets/index.css,200,OK,Moderate Load - 50 users over 60s 2-5,text,true,,49971,460,14,14,http://localhost:5000/assets/index.css,2,0,0
1784906716031,2,04 GET /assets/index.css,200,OK,Moderate Load - 50 users over 60s 2-13,text,true,,49971,460,14,14,http://localhost:5000/assets/index.css,2,0,0
1784906715829,334,07 GET /api/patients?search= (name search),200,OK,Moderate Load - 50 users over 60s 2-11,text,true,,1129,482,14,14,http://localhost:5000/api/patients?search=hy&page=1&limit=20,334,0,0
1784906716202,3,02 GET / (index.html),200,OK,Moderate Load - 50 users over 60s 2-14,text,true,,1778,444,14,14,http://localhost:5000/,3,0,0
1784906716201,149,06 GET /api/patients (paginated list),200,OK,Moderate Load - 50 users over 60s 2-2,text,true,,9980,473,15,15,http://localhost:5000/api/patients?page=44&limit=20,149,0,0
1784906716348,4,04 GET /assets/index.css,200,OK,Moderate Load - 50 users over 60s 2-4,text,true,,49971,460,15,15,http://localhost:5000/assets/index.css,4,0,0
1784906715894,508,05 GET /api/dashboard/stats,200,OK,Moderate Load - 50 users over 60s 2-3,text,true,,1188,463,15,15,http://localhost:5000/api/dashboard/stats,508,0,0
1784906716337,167,06 GET /api/patients (paginated list),200,OK,Moderate Load - 50 users over 60s 2-12,text,true,,10181,473,15,15,http://localhost:5000/api/patients?page=15&limit=20,167,0,0
1784906716708,3,03 GET /assets/index.js (main bundle),200,OK,Moderate Load - 50 users over 60s 2-14,text,true,,488575,459,15,15,http://localhost:5000/assets/index.js,2,0,0
1784906716808,175,01 POST /api/auth/login,200,OK,Moderate Load - 50 users over 60s 2-15,text,true,,1469,326,15,15,http://localhost:5000/api/auth/login,175,0,1
1784906717214,2,04 GET /assets/index.css,200,OK,Moderate Load - 50 users over 60s 2-14,text,true,,49971,460,15,15,http://localhost:5000/assets/index.css,2,0,0
1784906716916,303,06 GET /api/patients (paginated list),200,OK,Moderate Load - 50 users over 60s 2-3,text,true,,10028,473,15,15,http://localhost:5000/api/patients?page=27&limit=20,303,0,0
1784906716488,820,05 GET /api/dashboard/stats,200,OK,Moderate Load - 50 users over 60s 2-5,text,true,,1188,463,15,15,http://localhost:5000/api/dashboard/stats,820,0,0
1784906716534,803,05 GET /api/dashboard/stats,200,OK,Moderate Load - 50 users over 60s 2-13,text,true,,1188,463,15,15,http://localhost:5000/api/dashboard/stats,803,0,0
1784906716854,500,07 GET /api/patients?search= (name search),200,OK,Moderate Load - 50 users over 60s 2-2,text,true,,1129,482,15,15,http://localhost:5000/api/patients?search=ut&page=1&limit=20,500,0,0
1784906717484,2,02 GET / (index.html),200,OK,Moderate Load - 50 users over 60s 2-15,text,true,,1778,444,15,15,http://localhost:5000/,2,0,0
1784906711936,5605,08 GET /api/patients/{id} (record with history),200,OK,Moderate Load - 50 users over 60s 2-7,text,true,,12281,459,16,16,http://localhost:5000/api/patients/40,5605,0,0
1784906716854,726,05 GET /api/dashboard/stats,200,OK,Moderate Load - 50 users over 60s 2-4,text,true,,1188,463,16,16,http://localhost:5000/api/dashboard/stats,726,0,0
1784906717010,603,07 GET /api/patients?search= (name search),200,OK,Moderate Load - 50 users over 60s 2-12,text,true,,1129,482,16,16,http://localhost:5000/api/patients?search=nf&page=1&limit=20,603,0,0
1784906717987,6,03 GET /assets/index.js (main bundle),200,OK,Moderate Load - 50 users over 60s 2-15,text,true,,488575,459,16,16,http://localhost:5000/assets/index.js,2,0,0
1784906718019,86,01 POST /api/auth/login,200,OK,Moderate Load - 50 users over 60s 2-16,text,true,,1469,326,16,16,http://localhost:5000/api/auth/login,86,0,1
1784906717838,270,06 GET /api/patients (paginated list),200,OK,Moderate Load - 50 users over 60s 2-13,text,true,,10038,473,16,16,http://localhost:5000/api/patients?page=25&limit=20,270,0,0
1784906717809,302,06 GET /api/patients (paginated list),200,OK,Moderate Load - 50 users over 60s 2-5,text,true,,9991,473,16,16,http://localhost:5000/api/patients?page=42&limit=20,302,0,0
1784906717720,394,07 GET /api/patients?search= (name search),200,OK,Moderate Load - 50 users over 60s 2-3,text,true,,1129,482,16,16,http://localhost:5000/api/patients?search=pz&page=1&limit=20,394,0,0
1784906718081,181,06 GET /api/patients (paginated list),200,OK,Moderate Load - 50 users over 60s 2-4,text,true,,9818,472,16,16,http://localhost:5000/api/patients?page=4&limit=20,181,0,0
1784906717718,628,05 GET /api/dashboard/stats,200,OK,Moderate Load - 50 users over 60s 2-14,text,true,,1188,463,16,16,http://localhost:5000/api/dashboard/stats,628,0,0
1784906718502,2,04 GET /assets/index.css,200,OK,Moderate Load - 50 users over 60s 2-15,text,true,,49971,460,16,16,http://localhost:5000/assets/index.css,2,0,0
1784906718049,482,09 GET /api/appointments (day view),200,OK,Moderate Load - 50 users over 60s 2-7,text,true,,1775,460,16,16,http://localhost:5000/api/appointments,482,0,0
1784906714233,4337,08 GET /api/patients/{id} (record with history),200,OK,Moderate Load - 50 users over 60s 2-9,text,true,,9958,459,16,16,http://localhost:5000/api/patients/25,4337,0,0
1784906718611,7,02 GET / (index.html),200,OK,Moderate Load - 50 users over 60s 2-16,text,true,,1778,444,16,16,http://localhost:5000/,7,0,0
1784906712991,5659,08 GET /api/patients/{id} (record with history),200,OK,Moderate Load - 50 users over 60s 2-8,text,true,,12340,459,16,16,http://localhost:5000/api/patients/23,5659,0,0
1784906718612,356,07 GET /api/patients?search= (name search),200,OK,Moderate Load - 50 users over 60s 2-5,text,true,,9880,482,17,17,http://localhost:5000/api/patients?search=al&page=1&limit=20,356,0,0
1784906718611,371,07 GET /api/patients?search= (name search),200,OK,Moderate Load - 50 users over 60s 2-13,text,true,,9918,482,17,17,http://localhost:5000/api/patients?search=us&page=1&limit=20,371,0,0
1784906718861,164,06 GET /api/patients (paginated list),200,OK,Moderate Load - 50 users over 60s 2-14,text,true,,9951,472,17,17,http://localhost:5000/api/patients?page=3&limit=20,164,0,0
1784906719033,71,01 POST /api/auth/login,200,OK,Moderate Load - 50 users over 60s 2-7,text,true,,1469,543,17,17,http://localhost:5000/api/auth/login,71,0,0
1784906719126,3,03 GET /assets/index.js (main bundle),200,OK,Moderate Load - 50 users over 60s 2-16,text,true,,488575,459,17,17,http://localhost:5000/assets/index.js,2,0,0
1784906718768,365,07 GET /api/patients?search= (name search),200,OK,Moderate Load - 50 users over 60s 2-4,text,true,,1129,482,17,17,http://localhost:5000/api/patients?search=dn&page=1&limit=20,365,0,0
1784906719205,78,01 POST /api/auth/login,200,OK,Moderate Load - 50 users over 60s 2-17,text,true,,1469,326,17,17,http://localhost:5000/api/auth/login,78,0,1
1784906719080,408,09 GET /api/appointments (day view),200,OK,Moderate Load - 50 users over 60s 2-9,text,true,,1775,460,17,17,http://localhost:5000/api/appointments,408,0,0
1784906719018,554,05 GET /api/dashboard/stats,200,OK,Moderate Load - 50 users over 60s 2-15,text,true,,1188,463,17,17,http://localhost:5000/api/dashboard/stats,554,0,0
1784906719149,425,09 GET /api/appointments (day view),200,OK,Moderate Load - 50 users over 60s 2-8,text,true,,1775,460,17,17,http://localhost:5000/api/appointments,425,0,0
1784906719609,2,02 GET / (index.html),200,OK,Moderate Load - 50 users over 60s 2-7,text,true,,1778,444,17,17,http://localhost:5000/,2,0,0
1784906719641,4,04 GET /assets/index.css,200,OK,Moderate Load - 50 users over 60s 2-16,text,true,,49971,460,17,17,http://localhost:5000/assets/index.css,4,0,0
1784906719796,2,02 GET / (index.html),200,OK,Moderate Load - 50 users over 60s 2-17,text,true,,1778,444,17,17,http://localhost:5000/,2,0,0
1784906719531,371,07 GET /api/patients?search= (name search),200,OK,Moderate Load - 50 users over 60s 2-14,text,true,,10071,482,17,17,http://localhost:5000/api/patients?search=uz&page=1&limit=20,371,0,0
1784906719998,103,01 POST /api/auth/login,200,OK,Moderate Load - 50 users over 60s 2-9,text,true,,1469,543,18,18,http://localhost:5000/api/auth/login,103,0,0
1784906720076,108,01 POST /api/auth/login,200,OK,Moderate Load - 50 users over 60s 2-8,text,true,,1469,543,18,18,http://localhost:5000/api/auth/login,108,0,0
1784906720123,73,03 GET /assets/index.js (main bundle),200,OK,Moderate Load - 50 users over 60s 2-7,text,true,,488575,459,18,18,http://localhost:5000/assets/index.js,69,0,0
1784906716206,3990,10 POST /api/ai/pre-appointment/{id},200,OK,Moderate Load - 50 users over 60s 2-6,text,true,,2380,490,18,18,http://localhost:5000/api/ai/pre-appointment/287,3990,0,0
1784906720076,224,06 GET /api/patients (paginated list),200,OK,Moderate Load - 50 users over 60s 2-15,text,true,,10137,473,18,18,http://localhost:5000/api/patients?page=35&limit=20,224,0,0
1784906720301,4,03 GET /assets/index.js (main bundle),200,OK,Moderate Load - 50 users over 60s 2-17,text,true,,488575,459,18,18,http://localhost:5000/assets/index.js,2,0,0
1784906720420,132,01 POST /api/auth/login,200,OK,Moderate Load - 50 users over 60s 2-18,text,true,,1469,326,18,18,http://localhost:5000/api/auth/login,132,0,1
1784906715561,4996,08 GET /api/patients/{id} (record with history),200,OK,Moderate Load - 50 users over 60s 2-10,text,true,,11093,458,18,18,http://localhost:5000/api/patients/7,4996,0,0
1784906720604,2,02 GET / (index.html),200,OK,Moderate Load - 50 users over 60s 2-9,text,true,,1778,444,18,18,http://localhost:5000/,2,0,0
1784906720697,2,04 GET /assets/index.css,200,OK,Moderate Load - 50 users over 60s 2-7,text,true,,49971,460,18,18,http://localhost:5000/assets/index.css,2,0,0
1784906720697,3,02 GET / (index.html),200,OK,Moderate Load - 50 users over 60s 2-8,text,true,,1778,444,18,18,http://localhost:5000/,3,0,0
1784906720713,100,01 POST /api/auth/login,200,OK,Moderate Load - 50 users over 60s 2-6,text,true,,1469,543,18,18,http://localhost:5000/api/auth/login,100,0,0
1784906720806,14,04 GET /assets/index.css,200,OK,Moderate Load - 50 users over 60s 2-17,text,true,,49971,460,18,18,http://localhost:5000/assets/index.css,14,0,0
1784906720147,738,05 GET /api/dashboard/stats,200,OK,Moderate Load - 50 users over 60s 2-16,text,true,,1188,463,18,18,http://localhost:5000/api/dashboard/stats,738,0,0
1784906721055,3,02 GET / (index.html),200,OK,Moderate Load - 50 users over 60s 2-18,text,true,,1778,444,18,18,http://localhost:5000/,3,0,0
1784906721116,3,03 GET /assets/index.js (main bundle),200,OK,Moderate Load - 50 users over 60s 2-9,text,true,,488575,459,19,19,http://localhost:5000/assets/index.js,2,0,0
1784906721200,6,03 GET /assets/index.js (main bundle),200,OK,Moderate Load - 50 users over 60s 2-8,text,true,,488575,459,19,19,http://localhost:5000/assets/index.js,5,0,0
1784906720806,423,07 GET /api/patients?search= (name search),200,OK,Moderate Load - 50 users over 60s 2-15,text,true,,1129,482,19,19,http://localhost:5000/api/patients?search=wj&page=1&limit=20,422,0,0
1784906716407,4910,08 GET /api/patients/{id} (record with history),200,OK,Moderate Load - 50 users over 60s 2-1,text,true,,11093,458,19,19,http://localhost:5000/api/patients/7,4910,0,0
1784906721315,3,02 GET / (index.html),200,OK,Moderate Load - 50 users over 60s 2-6,text,true,,1778,444,19,19,http://localhost:5000/,3,0,0
1784906721559,4,03 GET /assets/index.js (main bundle),200,OK,Moderate Load - 50 users over 60s 2-18,text,true,,488575,459,19,19,http://localhost:5000/assets/index.js,3,0,0
1784906721386,198,06 GET /api/patients (paginated list),200,OK,Moderate Load - 50 users over 60s 2-16,text,true,,10061,473,19,19,http://localhost:5000/api/patients?page=23&limit=20,198,0,0
1784906721070,516,09 GET /api/appointments (day view),200,OK,Moderate Load - 50 users over 60s 2-10,text,true,,1775,460,19,19,http://localhost:5000/api/appointments,516,0,0
1784906721614,69,01 POST /api/auth/login,200,OK,Moderate Load - 50 users over 60s 2-19,text,true,,1469,326,19,19,http://localhost:5000/api/auth/login,69,0,1
1784906721629,57,04 GET /assets/index.css,200,OK,Moderate Load - 50 users over 60s 2-9,text,true,,49971,460,19,19,http://localhost:5000/assets/index.css,57,0,0
1784906721707,2,04 GET /assets/index.css,200,OK,Moderate Load - 50 users over 60s 2-8,text,true,,49971,460,19,19,http://localhost:5000/assets/index.css,2,0,0
1784906721200,627,05 GET /api/dashboard/stats,200,OK,Moderate Load - 50 users over 60s 2-7,text,true,,1188,463,19,19,http://localhost:5000/api/dashboard/stats,627,0,0
1784906721832,5,03 GET /assets/index.js (main bundle),200,OK,Moderate Load - 50 users over 60s 2-6,text,true,,488575,459,19,19,http://localhost:5000/assets/index.js,4,0,0
1784906716666,5284,08 GET /api/patients/{id} (record with history),200,OK,Moderate Load - 50 users over 60s 2-11,text,true,,11742,459,19,19,http://localhost:5000/api/patients/20,5284,0,0
1784906721322,633,05 GET /api/dashboard/stats,200,OK,Moderate Load - 50 users over 60s 2-17,text,true,,1188,463,19,19,http://localhost:5000/api/dashboard/stats,633,0,0
1784906722064,3,04 GET /assets/index.css,200,OK,Moderate Load - 50 users over 60s 2-18,text,true,,49971,460,19,19,http://localhost:5000/assets/index.css,3,0,0
1784906722096,89,01 POST /api/auth/login,200,OK,Moderate Load - 50 users over 60s 2-10,text,true,,1469,543,19,19,http://localhost:5000/api/auth/login,89,0,0
1784906722184,8,02 GET / (index.html),200,OK,Moderate Load - 50 users over 60s 2-19,text,true,,1778,444,19,19,http://localhost:5000/,8,0,0
1784906722338,2,04 GET /assets/index.css,200,OK,Moderate Load - 50 users over 60s 2-6,text,true,,49971,460,20,20,http://localhost:5000/assets/index.css,1,0,0
1784906722096,377,07 GET /api/patients?search= (name search),200,OK,Moderate Load - 50 users over 60s 2-16,text,true,,1129,482,20,20,http://localhost:5000/api/patients?search=ml&page=1&limit=20,377,0,0
1784906721832,686,09 GET /api/appointments (day view),200,OK,Moderate Load - 50 users over 60s 2-1,text,true,,1775,460,20,20,http://localhost:5000/api/appointments,686,0,0
1784906722328,219,06 GET /api/patients (paginated list),200,OK,Moderate Load - 50 users over 60s 2-7,text,true,,9938,473,20,20,http://localhost:5000/api/patients?page=26&limit=20,219,0,0
1784906722686,2,02 GET / (index.html),200,OK,Moderate Load - 50 users over 60s 2-10,text,true,,1778,444,20,20,http://localhost:5000/,2,0,0
1784906722693,3,03 GET /assets/index.js (main bundle),200,OK,Moderate Load - 50 users over 60s 2-19,text,true,,488575,459,20,20,http://localhost:5000/assets/index.js,2,0,0
1784906722813,97,01 POST /api/auth/login,200,OK,Moderate Load - 50 users over 60s 2-20,text,true,,1469,326,20,20,http://localhost:5000/api/auth/login,97,0,1
1784906722456,459,06 GET /api/patients (paginated list),200,OK,Moderate Load - 50 users over 60s 2-17,text,true,,10179,473,20,20,http://localhost:5000/api/patients?page=47&limit=20,459,0,0
1784906718116,4799,08 GET /api/patients/{id} (record with history),200,OK,Moderate Load - 50 users over 60s 2-12,text,true,,10493,459,20,20,http://localhost:5000/api/patients/28,4799,0,0
1784906722210,706,05 GET /api/dashboard/stats,200,OK,Moderate Load - 50 users over 60s 2-8,text,true,,1188,463,20,20,http://localhost:5000/api/dashboard/stats,706,0,0
1784906722451,529,09 GET /api/appointments (day view),200,OK,Moderate Load - 50 users over 60s 2-11,text,true,,1775,460,20,20,http://localhost:5000/api/appointments,529,0,0
1784906722187,814,05 GET /api/dashboard/stats,200,OK,Moderate Load - 50 users over 60s 2-9,text,true,,1188,463,20,20,http://localhost:5000/api/dashboard/stats,814,0,0
1784906718615,4403,08 GET /api/patients/{id} (record with history),200,OK,Moderate Load - 50 users over 60s 2-3,text,true,,9904,459,20,20,http://localhost:5000/api/patients/37,4403,0,0
1784906723029,76,01 POST /api/auth/login,200,OK,Moderate Load - 50 users over 60s 2-1,text,true,,1469,543,20,20,http://localhost:5000/api/auth/login,76,0,0
1784906723190,3,03 GET /assets/index.js (main bundle),200,OK,Moderate Load - 50 users over 60s 2-10,text,true,,488575,459,20,20,http://localhost:5000/assets/index.js,2,0,0
1784906723197,2,04 GET /assets/index.css,200,OK,Moderate Load - 50 users over 60s 2-19,text,true,,49971,460,20,20,http://localhost:5000/assets/index.css,2,0,0
1784906722568,700,05 GET /api/dashboard/stats,200,OK,Moderate Load - 50 users over 60s 2-18,text,true,,1188,463,20,20,http://localhost:5000/api/dashboard/stats,700,0,0
1784906723411,2,02 GET / (index.html),200,OK,Moderate Load - 50 users over 60s 2-20,text,true,,1778,444,20,20,http://localhost:5000/,2,0,0
1784906717856,5572,08 GET /api/patients/{id} (record with history),200,OK,Moderate Load - 50 users over 60s 2-2,text,true,,12416,459,20,20,http://localhost:5000/api/patients/10,5571,0,0
1784906723060,417,07 GET /api/patients?search= (name search),200,OK,Moderate Load - 50 users over 60s 2-7,text,true,,10105,482,20,20,http://localhost:5000/api/patients?search=sk&page=1&limit=20,417,0,0
1784906722843,641,05 GET /api/dashboard/stats,200,OK,Moderate Load - 50 users over 60s 2-6,text,true,,1188,463,20,20,http://localhost:5000/api/dashboard/stats,641,0,0
1784906723481,73,01 POST /api/auth/login,200,OK,Moderate Load - 50 users over 60s 2-11,text,true,,1469,543,21,21,http://localhost:5000/api/auth/login,73,0,0
1784906719484,4072,08 GET /api/patients/{id} (record with history),200,OK,Moderate Load - 50 users over 60s 2-13,text,true,,9360,459,21,21,http://localhost:5000/api/patients/39,4072,0,0
1784906723606,2,02 GET / (index.html),200,OK,Moderate Load - 50 users over 60s 2-1,text,true,,1778,444,21,21,http://localhost:5000/,2,0,0
1784906723417,207,06 GET /api/patients (paginated list),200,OK,Moderate Load - 50 users over 60s 2-8,text,true,,10122,473,21,21,http://localhost:5000/api/patients?page=32&limit=20,207,0,0
1784906723695,3,04 GET /assets/index.css,200,OK,Moderate Load - 50 users over 60s 2-10,text,true,,49971,460,21,21,http://localhost:5000/assets/index.css,3,0,0
1784906723502,244,06 GET /api/patients (paginated list),200,OK,Moderate Load - 50 users over 60s 2-9,text,true,,10119,473,21,21,http://localhost:5000/api/patients?page=50&limit=20,244,0,0
1784906719469,4278,08 GET /api/patients/{id} (record with history),200,OK,Moderate Load - 50 users over 60s 2-5,text,true,,9935,459,21,21,http://localhost:5000/api/patients/15,4278,0,0
1784906723417,354,07 GET /api/patients?search= (name search),200,OK,Moderate Load - 50 users over 60s 2-17,text,true,,1129,482,21,21,http://localhost:5000/api/patients?search=bc&page=1&limit=20,354,0,0
1784906723417,428,09 GET /api/appointments (day view),200,OK,Moderate Load - 50 users over 60s 2-12,text,true,,1775,460,21,21,http://localhost:5000/api/appointments,428,0,0
1784906723914,3,03 GET /assets/index.js (main bundle),200,OK,Moderate Load - 50 users over 60s 2-20,text,true,,488575,459,21,21,http://localhost:5000/assets/index.js,2,0,0
1784906723520,431,09 GET /api/appointments (day view),200,OK,Moderate Load - 50 users over 60s 2-3,text,true,,1775,460,21,21,http://localhost:5000/api/appointments,431,0,0
1784906723771,224,06 GET /api/patients (paginated list),200,OK,Moderate Load - 50 users over 60s 2-18,text,true,,10017,472,21,21,http://localhost:5000/api/patients?page=5&limit=20,224,0,0
1784906724013,73,01 POST /api/auth/login,200,OK,Moderate Load - 50 users over 60s 2-21,text,true,,1469,326,21,21,http://localhost:5000/api/auth/login,73,0,1
1784906724058,36,02 GET / (index.html),200,OK,Moderate Load - 50 users over 60s 2-11,text,true,,1778,444,21,21,http://localhost:5000/,36,0,0
1784906724120,3,03 GET /assets/index.js (main bundle),200,OK,Moderate Load - 50 users over 60s 2-1,text,true,,488575,459,21,21,http://localhost:5000/assets/index.js,2,0,0
1784906723985,194,06 GET /api/patients (paginated list),200,OK,Moderate Load - 50 users over 60s 2-6,text,true,,10180,473,21,21,http://localhost:5000/api/patients?page=11&limit=20,194,0,0
1784906723700,495,05 GET /api/dashboard/stats,200,OK,Moderate Load - 50 users over 60s 2-19,text,true,,1188,463,21,21,http://localhost:5000/api/dashboard/stats,495,0,0
1784906719641,4560,08 GET /api/patients/{id} (record with history),200,OK,Moderate Load - 50 users over 60s 2-4,text,true,,10521,459,21,21,http://localhost:5000/api/patients/47,4560,0,0
1784906723929,386,09 GET /api/appointments (day view),200,OK,Moderate Load - 50 users over 60s 2-2,text,true,,1775,460,21,21,http://localhost:5000/api/appointments,386,0,0
1784906724354,70,01 POST /api/auth/login,200,OK,Moderate Load - 50 users over 60s 2-12,text,true,,1469,543,21,21,http://localhost:5000/api/auth/login,69,0,0
1784906724431,2,04 GET /assets/index.css,200,OK,Moderate Load - 50 users over 60s 2-20,text,true,,49971,460,21,21,http://localhost:5000/assets/index.css,2,0,0
1784906724463,72,01 POST /api/auth/login,200,OK,Moderate Load - 50 users over 60s 2-3,text,true,,1469,543,21,21,http://localhost:5000/api/auth/login,71,0,0
1784906724058,477,09 GET /api/appointments (day view),200,OK,Moderate Load - 50 users over 60s 2-13,text,true,,1775,460,21,21,http://localhost:5000/api/appointments,477,0,0
1784906724136,400,07 GET /api/patients?search= (name search),200,OK,Moderate Load - 50 users over 60s 2-8,text,true,,9972,482,21,21,http://localhost:5000/api/patients?search=en&page=1&limit=20,400,0,0
1784906724588,2,02 GET / (index.html),200,OK,Moderate Load - 50 users over 60s 2-21,text,true,,1778,444,21,21,http://localhost:5000/,2,0,0
1784906724603,3,03 GET /assets/index.js (main bundle),200,OK,Moderate Load - 50 users over 60s 2-11,text,true,,488575,459,21,21,http://localhost:5000/assets/index.js,2,0,0
1784906724634,2,04 GET /assets/index.css,200,OK,Moderate Load - 50 users over 60s 2-1,text,true,,49971,460,21,21,http://localhost:5000/assets/index.css,2,0,0
1784906724260,389,07 GET /api/patients?search= (name search),200,OK,Moderate Load - 50 users over 60s 2-9,text,true,,1129,482,21,21,http://localhost:5000/api/patients?search=sz&page=1&limit=20,389,0,0
1784906724260,420,09 GET /api/appointments (day view),200,OK,Moderate Load - 50 users over 60s 2-5,text,true,,1775,460,21,21,http://localhost:5000/api/appointments,420,0,0
1784906724213,571,05 GET /api/dashboard/stats,200,OK,Moderate Load - 50 users over 60s 2-10,text,true,,1188,463,22,22,http://localhost:5000/api/dashboard/stats,571,0,0
1784906724821,85,01 POST /api/auth/login,200,OK,Moderate Load - 50 users over 60s 2-2,text,true,,1469,543,22,22,http://localhost:5000/api/auth/login,85,0,0
1784906724510,397,07 GET /api/patients?search= (name search),200,OK,Moderate Load - 50 users over 60s 2-18,text,true,,1129,482,22,22,http://localhost:5000/api/patients?search=mx&page=1&limit=20,397,0,0
1784906724697,211,06 GET /api/patients (paginated list),200,OK,Moderate Load - 50 users over 60s 2-19,text,true,,10045,473,22,22,http://localhost:5000/api/patients?page=21&limit=20,211,0,0
1784906720404,4522,08 GET /api/patients/{id} (record with history),200,OK,Moderate Load - 50 users over 60s 2-14,text,true,,10528,459,22,22,http://localhost:5000/api/patients/18,4522,0,0
1784906724929,1,02 GET / (index.html),200,OK,Moderate Load - 50 users over 60s 2-12,text,true,,1778,444,22,22,http://localhost:5000/,1,0,0
1784906724681,334,07 GET /api/patients?search= (name search),200,OK,Moderate Load - 50 users over 60s 2-6,text,true,,1129,482,22,22,http://localhost:5000/api/patients?search=jx&page=1&limit=20,334,0,0
1784906725037,66,01 POST /api/auth/login,200,OK,Moderate Load - 50 users over 60s 2-13,text,true,,1469,543,22,22,http://localhost:5000/api/auth/login,66,0,0
1784906725037,72,02 GET / (index.html),200,OK,Moderate Load - 50 users over 60s 2-3,text,true,,1778,444,22,22,http://localhost:5000/,72,0,0
1784906725099,13,03 GET /assets/index.js (main bundle),200,OK,Moderate Load - 50 users over 60s 2-21,text,true,,488575,459,22,22,http://localhost:5000/assets/index.js,11,0,0
1784906725114,3,04 GET /assets/index.css,200,OK,Moderate Load - 50 users over 60s 2-11,text,true,,49971,460,22,22,http://localhost:5000/assets/index.css,3,0,0
1784906724712,422,09 GET /api/appointments (day view),200,OK,Moderate Load - 50 users over 60s 2-4,text,true,,1775,460,22,22,http://localhost:5000/api/appointments,422,0,0
1784906725225,88,01 POST /api/auth/login,200,OK,Moderate Load - 50 users over 60s 2-22,text,true,,1469,326,22,22,http://localhost:5000/api/auth/login,88,0,1
1784906725409,7,02 GET / (index.html),200,OK,Moderate Load - 50 users over 60s 2-2,text,true,,1778,444,22,22,http://localhost:5000/,7,0,0
1784906724944,483,05 GET /api/dashboard/stats,200,OK,Moderate Load - 50 users over 60s 2-20,text,true,,1188,463,22,22,http://localhost:5000/api/dashboard/stats,483,0,0
1784906725440,4,03 GET /assets/index.js (main bundle),200,OK,Moderate Load - 50 users over 60s 2-12,text,true,,488575,459,22,22,http://localhost:5000/assets/index.js,4,0,0
1784906725286,227,06 GET /api/patients (paginated list),200,OK,Moderate Load - 50 users over 60s 2-10,text,true,,10122,473,22,22,http://localhost:5000/api/patients?page=32&limit=20,227,0,0
1784906725610,2,02 GET / (index.html),200,OK,Moderate Load - 50 users over 60s 2-13,text,true,,1778,444,22,22,http://localhost:5000/,2,0,0
1784906725610,3,03 GET /assets/index.js (main bundle),200,OK,Moderate Load - 50 users over 60s 2-3,text,true,,488575,459,22,22,http://localhost:5000/assets/index.js,2,0,0
1784906725625,8,04 GET /assets/index.css,200,OK,Moderate Load - 50 users over 60s 2-21,text,true,,49971,460,22,22,http://localhost:5000/assets/index.css,8,0,0
1784906725642,94,01 POST /api/auth/login,200,OK,Moderate Load - 50 users over 60s 2-4,text,true,,1469,543,22,22,http://localhost:5000/api/auth/login,94,0,0
1784906725409,408,07 GET /api/patients?search= (name search),200,OK,Moderate Load - 50 users over 60s 2-19,text,true,,1129,482,22,22,http://localhost:5000/api/patients?search=lf&page=1&limit=20,408,0,0
1784906725145,682,05 GET /api/dashboard/stats,200,OK,Moderate Load - 50 users over 60s 2-1,text,true,,1188,463,22,22,http://localhost:5000/api/dashboard/stats,682,0,0
1784906725827,3,02 GET / (index.html),200,OK,Moderate Load - 50 users over 60s 2-22,text,true,,1778,444,22,22,http://localhost:5000/,2,0,0
1784906725921,5,03 GET /assets/index.js (main bundle),200,OK,Moderate Load - 50 users over 60s 2-2,text,true,,488575,459,23,23,http://localhost:5000/assets/index.js,3,0,0
1784906725952,3,04 GET /assets/index.css,200,OK,Moderate Load - 50 users over 60s 2-12,text,true,,49971,460,23,23,http://localhost:5000/assets/index.css,3,0,0
1784906725440,635,09 GET /api/appointments (day view),200,OK,Moderate Load - 50 users over 60s 2-14,text,true,,1775,460,23,23,http://localhost:5000/api/appointments,635,0,0
1784906726123,2,04 GET /assets/index.css,200,OK,Moderate Load - 50 users over 60s 2-3,text,true,,49971,460,23,23,http://localhost:5000/assets/index.css,2,0,0
1784906726123,3,03 GET /assets/index.js (main bundle),200,OK,Moderate Load - 50 users over 60s 2-13,text,true,,488575,459,23,23,http://localhost:5000/assets/index.js,2,0,0
1784906725936,240,06 GET /api/patients (paginated list),200,OK,Moderate Load - 50 users over 60s 2-20,text,true,,9933,473,23,23,http://localhost:5000/api/patients?page=18&limit=20,240,0,0
1784906726238,2,02 GET / (index.html),200,OK,Moderate Load - 50 users over 60s 2-4,text,true,,1778,444,23,23,http://localhost:5000/,2,0,0
1784906726330,4,03 GET /assets/index.js (main bundle),200,OK,Moderate Load - 50 users over 60s 2-22,text,true,,488575,459,23,23,http://localhost:5000/assets/index.js,3,0,0
1784906725625,784,05 GET /api/dashboard/stats,200,OK,Moderate Load - 50 users over 60s 2-11,text,true,,1188,463,23,23,http://localhost:5000/api/dashboard/stats,784,0,0
1784906726435,2,04 GET /assets/index.css,200,OK,Moderate Load - 50 users over 60s 2-2,text,true,,49971,460,23,23,http://localhost:5000/assets/index.css,2,0,0
1784906726421,109,01 POST /api/auth/login,200,OK,Moderate Load - 50 users over 60s 2-23,text,true,,1469,326,23,23,http://localhost:5000/api/auth/login,109,0,1
1784906726014,518,07 GET /api/patients?search= (name search),200,OK,Moderate Load - 50 users over 60s 2-10,text,true,,1129,482,23,23,http://localhost:5000/api/patients?search=gl&page=1&limit=20,518,0,0
1784906726329,227,06 GET /api/patients (paginated list),200,OK,Moderate Load - 50 users over 60s 2-1,text,true,,10117,473,23,23,http://localhost:5000/api/patients?page=17&limit=20,227,0,0
1784906726589,111,01 POST /api/auth/login,200,OK,Moderate Load - 50 users over 60s 2-14,text,true,,1469,543,23,23,http://localhost:5000/api/auth/login,111,0,0
1784906726636,78,04 GET /assets/index.css,200,OK,Moderate Load - 50 users over 60s 2-13,text,true,,49971,460,23,23,http://localhost:5000/assets/index.css,78,0,0
1784906726743,4,03 GET /assets/index.js (main bundle),200,OK,Moderate Load - 50 users over 60s 2-4,text,true,,488575,459,23,23,http://localhost:5000/assets/index.js,3,0,0
1784906726138,698,05 GET /api/dashboard/stats,200,OK,Moderate Load - 50 users over 60s 2-21,text,true,,1188,463,23,23,http://localhost:5000/api/dashboard/stats,698,0,0
1784906726837,1,04 GET /assets/index.css,200,OK,Moderate Load - 50 users over 60s 2-22,text,true,,49971,460,23,23,http://localhost:5000/assets/index.css,1,0,0
1784906721738,5103,08 GET /api/patients/{id} (record with history),200,OK,Moderate Load - 50 users over 60s 2-15,text,true,,11702,459,23,23,http://localhost:5000/api/patients/49,5103,0,0
1784906727040,6,02 GET / (index.html),200,OK,Moderate Load - 50 users over 60s 2-23,text,true,,1778,444,23,23,http://localhost:5000/,6,0,0
1784906726914,212,06 GET /api/patients (paginated list),200,OK,Moderate Load - 50 users over 60s 2-11,text,true,,10181,473,24,24,http://localhost:5000/api/patients?page=15&limit=20,212,0,0
1784906726683,460,07 GET /api/patients?search= (name search),200,OK,Moderate Load - 50 users over 60s 2-20,text,true,,1129,482,24,24,http://localhost:5000/api/patients?search=cj&page=1&limit=20,460,0,0
1784906727201,1,02 GET / (index.html),200,OK,Moderate Load - 50 users over 60s 2-14,text,true,,1778,444,24,24,http://localhost:5000/,1,0,0
1784906727249,2,04 GET /assets/index.css,200,OK,Moderate Load - 50 users over 60s 2-4,text,true,,49971,460,24,24,http://localhost:5000/assets/index.css,2,0,0
1784906726636,642,05 GET /api/dashboard/stats,200,OK,Moderate Load - 50 users over 60s 2-3,text,true,,1188,463,24,24,http://localhost:5000/api/dashboard/stats,642,0,0
1784906726466,836,05 GET /api/dashboard/stats,200,OK,Moderate Load - 50 users over 60s 2-12,text,true,,1188,463,24,24,http://localhost:5000/api/dashboard/stats,836,0,0
1784906722983,4415,08 GET /api/patients/{id} (record with history),200,OK,Moderate Load - 50 users over 60s 2-16,text,true,,9958,459,24,24,http://localhost:5000/api/patients/25,4415,0,0
1784906727547,2,03 GET /assets/index.js (main bundle),200,OK,Moderate Load - 50 users over 60s 2-23,text,true,,488575,459,24,24,http://localhost:5000/assets/index.js,1,0,0
1784906727337,246,06 GET /api/patients (paginated list),200,OK,Moderate Load - 50 users over 60s 2-21,text,true,,10113,472,24,24,http://localhost:5000/api/patients?page=7&limit=20,246,0,0
1784906727059,528,07 GET /api/patients?search= (name search),200,OK,Moderate Load - 50 users over 60s 2-1,text,true,,1129,482,24,24,http://localhost:5000/api/patients?search=tx&page=1&limit=20,528,0,0
1784906727615,80,01 POST /api/auth/login,200,OK,Moderate Load - 50 users over 60s 2-24,text,true,,1469,326,24,24,http://localhost:5000/api/auth/login,80,0,1
1784906727707,4,03 GET /assets/index.js (main bundle),200,OK,Moderate Load - 50 users over 60s 2-14,text,true,,488575,459,24,24,http://localhost:5000/assets/index.js,2,0,0
1784906726947,854,05 GET /api/dashboard/stats,200,OK,Moderate Load - 50 users over 60s 2-2,text,true,,1188,463,24,24,http://localhost:5000/api/dashboard/stats,854,0,0
1784906727343,550,09 GET /api/appointments (day view),200,OK,Moderate Load - 50 users over 60s 2-15,text,true,,1775,460,24,24,http://localhost:5000/api/appointments,550,0,0
1784906727340,631,05 GET /api/dashboard/stats,200,OK,Moderate Load - 50 users over 60s 2-22,text,true,,1188,463,24,24,http://localhost:5000/api/dashboard/stats,631,0,0
1784906727215,766,05 GET /api/dashboard/stats,200,OK,Moderate Load - 50 users over 60s 2-13,text,true,,1188,463,24,24,http://localhost:5000/api/dashboard/stats,766,0,0
1784906728052,2,04 GET /assets/index.css,200,OK,Moderate Load - 50 users over 60s 2-23,text,true,,49971,460,24,24,http://localhost:5000/assets/index.css,2,0,0
1784906727803,310,06 GET /api/patients (paginated list),200,OK,Moderate Load - 50 users over 60s 2-12,text,true,,10160,473,24,24,http://localhost:5000/api/patients?page=10&limit=20,310,0,0
1784906727787,335,06 GET /api/patients (paginated list),200,OK,Moderate Load - 50 users over 60s 2-3,text,true,,9933,473,24,24,http://localhost:5000/api/patients?page=18&limit=20,335,0,0
1784906728197,2,02 GET / (index.html),200,OK,Moderate Load - 50 users over 60s 2-24,text,true,,1778,444,24,24,http://localhost:5000/,2,0,0
1784906728213,2,04 GET /assets/index.css,200,OK,Moderate Load - 50 users over 60s 2-14,text,true,,49971,460,24,24,http://localhost:5000/assets/index.css,2,0,0
1784906727629,588,07 GET /api/patients?search= (name search),200,OK,Moderate Load - 50 users over 60s 2-11,text,true,,9840,482,24,24,http://localhost:5000/api/patients?search=ed&page=1&limit=20,588,0,0
1784906725193,3146,10 POST /api/ai/pre-appointment/{id},200,OK,Moderate Load - 50 users over 60s 2-5,text,true,,2225,490,25,25,http://localhost:5000/api/ai/pre-appointment/548,3146,0,0
1784906727755,623,05 GET /api/dashboard/stats,200,OK,Moderate Load - 50 users over 60s 2-4,text,true,,1188,463,25,25,http://localhost:5000/api/dashboard/stats,622,0,0
1784906728394,91,01 POST /api/auth/login,200,OK,Moderate Load - 50 users over 60s 2-15,text,true,,1469,543,25,25,http://localhost:5000/api/auth/login,91,0,0
1784906728302,212,06 GET /api/patients (paginated list),200,OK,Moderate Load - 50 users over 60s 2-2,text,true,,10009,473,25,25,http://localhost:5000/api/patients?page=12&limit=20,212,0,0
1784906727911,619,09 GET /api/appointments (day view),200,OK,Moderate Load - 50 users over 60s 2-16,text,true,,1775,460,25,25,http://localhost:5000/api/appointments,619,0,0
1784906728085,492,07 GET /api/patients?search= (name search),200,OK,Moderate Load - 50 users over 60s 2-21,text,true,,9963,482,25,25,http://localhost:5000/api/patients?search=ay&page=1&limit=20,492,0,0
1784906728700,2,03 GET /assets/index.js (main bundle),200,OK,Moderate Load - 50 users over 60s 2-24,text,true,,488575,459,25,25,http://localhost:5000/assets/index.js,2,0,0
1784906728472,236,06 GET /api/patients (paginated list),200,OK,Moderate Load - 50 users over 60s 2-22,text,true,,10047,473,25,25,http://localhost:5000/api/patients?page=48&limit=20,236,0,0
1784906728482,266,06 GET /api/patients (paginated list),200,OK,Moderate Load - 50 users over 60s 2-13,text,true,,10093,473,25,25,http://localhost:5000/api/patients?page=45&limit=20,266,0,0
1784906728816,96,01 POST /api/auth/login,200,OK,Moderate Load - 50 users over 60s 2-25,text,true,,1469,326,25,25,http://localhost:5000/api/auth/login,96,0,1
1784906728845,175,01 POST /api/auth/login,200,OK,Moderate Load - 50 users over 60s 2-5,text,true,,1469,543,25,25,http://localhost:5000/api/auth/login,175,0,0
1784906729000,28,02 GET / (index.html),200,OK,Moderate Load - 50 users over 60s 2-15,text,true,,1778,444,25,25,http://localhost:5000/,28,0,0
1784906728624,472,07 GET /api/patients?search= (name search),200,OK,Moderate Load - 50 users over 60s 2-3,text,true,,1129,482,25,25,http://localhost:5000/api/patients?search=ws&page=1&limit=20,472,0,0
1784906729032,169,01 POST /api/auth/login,200,OK,Moderate Load - 50 users over 60s 2-16,text,true,,1469,543,25,25,http://localhost:5000/api/auth/login,169,0,0
1784906728615,590,07 GET /api/patients?search= (name search),200,OK,Moderate Load - 50 users over 60s 2-12,text,true,,10043,482,25,25,http://localhost:5000/api/patients?search=nd&page=1&limit=20,590,0,0
1784906729204,8,04 GET /assets/index.css,200,OK,Moderate Load - 50 users over 60s 2-24,text,true,,49971,460,25,25,http://localhost:5000/assets/index.css,8,0,0
1784906729417,2,02 GET / (index.html),200,OK,Moderate Load - 50 users over 60s 2-25,text,true,,1778,444,25,25,http://localhost:5000/,2,0,0
1784906728891,536,06 GET /api/patients (paginated list),200,OK,Moderate Load - 50 users over 60s 2-4,text,true,,10091,473,25,25,http://localhost:5000/api/patients?page=13&limit=20,536,0,0
1784906728555,875,05 GET /api/dashboard/stats,200,OK,Moderate Load - 50 users over 60s 2-23,text,true,,1188,463,25,25,http://localhost:5000/api/dashboard/stats,875,0,0
1784906728716,789,05 GET /api/dashboard/stats,200,OK,Moderate Load - 50 users over 60s 2-14,text,true,,1188,463,25,25,http://localhost:5000/api/dashboard/stats,789,0,0
1784906729523,2,02 GET / (index.html),200,OK,Moderate Load - 50 users over 60s 2-5,text,true,,1778,444,26,26,http://localhost:5000/,2,0,0
1784906729530,3,03 GET /assets/index.js (main bundle),200,OK,Moderate Load - 50 users over 60s 2-15,text,true,,488575,459,26,26,http://localhost:5000/assets/index.js,3,0,0
1784906729016,586,07 GET /api/patients?search= (name search),200,OK,Moderate Load - 50 users over 60s 2-2,text,true,,1129,482,26,26,http://localhost:5000/api/patients?search=sb&page=1&limit=20,586,0,0
1784906723978,5681,08 GET /api/patients/{id} (record with history),200,OK,Moderate Load - 50 users over 60s 2-7,text,true,,11702,459,26,26,http://localhost:5000/api/patients/49,5681,0,0
1784906729702,2,02 GET / (index.html),200,OK,Moderate Load - 50 users over 60s 2-16,text,true,,1778,444,26,26,http://localhost:5000/,2,0,0
1784906725161,4584,08 GET /api/patients/{id} (record with history),200,OK,Moderate Load - 50 users over 60s 2-9,text,true,,9360,459,26,26,http://localhost:5000/api/patients/39,4583,0,0
1784906729209,568,07 GET /api/patients?search= (name search),200,OK,Moderate Load - 50 users over 60s 2-22,text,true,,10144,482,26,26,http://localhost:5000/api/patients?search=ti&page=1&limit=20,568,0,0
1784906729249,617,07 GET /api/patients?search= (name search),200,OK,Moderate Load - 50 users over 60s 2-13,text,true,,1129,482,26,26,http://localhost:5000/api/patients?search=od&page=1&limit=20,617,0,0
1784906729920,3,03 GET /assets/index.js (main bundle),200,OK,Moderate Load - 50 users over 60s 2-25,text,true,,488575,459,26,26,http://localhost:5000/assets/index.js,2,0,0
1784906730014,104,01 POST /api/auth/login,200,OK,Moderate Load - 50 users over 60s 2-26,text,true,,1469,326,26,26,http://localhost:5000/api/auth/login,104,0,1
1784906730044,82,04 GET /assets/index.css,200,OK,Moderate Load - 50 users over 60s 2-15,text,true,,49971,460,26,26,http://localhost:5000/assets/index.css,82,0,0
1784906730028,109,03 GET /assets/index.js (main bundle),200,OK,Moderate Load - 50 users over 60s 2-5,text,true,,488575,459,26,26,http://localhost:5000/assets/index.js,97,0,0
1784906730216,4,03 GET /assets/index.js (main bundle),200,OK,Moderate Load - 50 users over 60s 2-16,text,true,,488575,459,26,26,http://localhost:5000/assets/index.js,2,0,0
1784906729933,302,06 GET /api/patients (paginated list),200,OK,Moderate Load - 50 users over 60s 2-23,text,true,,10085,473,26,26,http://localhost:5000/api/patients?page=20&limit=20,302,0,0
1784906730006,287,06 GET /api/patients (paginated list),200,OK,Moderate Load - 50 users over 60s 2-14,text,true,,10080,473,26,26,http://localhost:5000/api/patients?page=31&limit=20,287,0,0
1784906724276,6073,08 GET /api/patients/{id} (record with history),200,OK,Moderate Load - 50 users over 60s 2-17,text,true,,12340,459,26,26,http://localhost:5000/api/patients/23,6073,0,0
1784906729713,666,05 GET /api/dashboard/stats,200,OK,Moderate Load - 50 users over 60s 2-24,text,true,,1188,463,26,26,http://localhost:5000/api/dashboard/stats,666,0,0
1784906730435,3,04 GET /assets/index.css,200,OK,Moderate Load - 50 users over 60s 2-25,text,true,,49971,460,26,26,http://localhost:5000/assets/index.css,3,0,0
1784906729928,562,07 GET /api/patients?search= (name search),200,OK,Moderate Load - 50 users over 60s 2-4,text,true,,10045,482,26,26,http://localhost:5000/api/patients?search=ix&page=1&limit=20,562,0,0
1784906730622,2,02 GET / (index.html),200,OK,Moderate Load - 50 users over 60s 2-26,text,true,,1778,444,26,26,http://localhost:5000/,2,0,0
1784906730638,4,04 GET /assets/index.css,200,OK,Moderate Load - 50 users over 60s 2-5,text,true,,49971,460,26,26,http://localhost:5000/assets/index.css,4,0,0
1784906730732,2,04 GET /assets/index.css,200,OK,Moderate Load - 50 users over 60s 2-16,text,true,,49971,460,27,27,http://localhost:5000/assets/index.css,2,0,0
1784906731136,4,03 GET /assets/index.js (main bundle),200,OK,Moderate Load - 50 users over 60s 2-26,text,true,,488575,459,27,27,http://localhost:5000/assets/index.js,3,0,0
1784906730169,996,09 GET /api/appointments (day view),200,OK,Moderate Load - 50 users over 60s 2-7,text,true,,1775,460,27,27,http://localhost:5000/api/appointments,996,0,0
1784906730247,925,09 GET /api/appointments (day view),200,OK,Moderate Load - 50 users over 60s 2-9,text,true,,1775,460,27,27,http://localhost:5000/api/appointments,925,0,0
1784906725052,6140,08 GET /api/patients/{id} (record with history),200,OK,Moderate Load - 50 users over 60s 2-8,text,true,,11162,459,27,27,http://localhost:5000/api/patients/12,6140,0,0
1784906731217,104,01 POST /api/auth/login,200,OK,Moderate Load - 50 users over 60s 2-27,text,true,,1469,326,27,27,http://localhost:5000/api/auth/login,104,0,1
1784906730888,538,06 GET /api/patients (paginated list),200,OK,Moderate Load - 50 users over 60s 2-24,text,true,,9905,473,27,27,http://localhost:5000/api/patients?page=19&limit=20,538,0,0
1784906725517,5974,08 GET /api/patients/{id} (record with history),200,OK,Moderate Load - 50 users over 60s 2-6,text,true,,10587,459,27,27,http://localhost:5000/api/patients/16,5974,0,0
1784906730748,746,07 GET /api/patients?search= (name search),200,OK,Moderate Load - 50 users over 60s 2-23,text,true,,1129,482,27,27,http://localhost:5000/api/patients?search=cp&page=1&limit=20,746,0,0
1784906730794,709,07 GET /api/patients?search= (name search),200,OK,Moderate Load - 50 users over 60s 2-14,text,true,,1129,482,27,27,http://localhost:5000/api/patients?search=yb&page=1&limit=20,709,0,0
1784906731647,3,04 GET /assets/index.css,200,OK,Moderate Load - 50 users over 60s 2-26,text,true,,49971,460,27,27,http://localhost:5000/assets/index.css,2,0,0
1784906731679,106,01 POST /api/auth/login,200,OK,Moderate Load - 50 users over 60s 2-7,text,true,,1469,543,27,27,http://localhost:5000/api/auth/login,106,0,0
1784906730638,1236,05 GET /api/dashboard/stats,200,OK,Moderate Load - 50 users over 60s 2-15,text,true,,1188,463,27,27,http://localhost:5000/api/dashboard/stats,1236,0,0
1784906731679,197,01 POST /api/auth/login,200,OK,Moderate Load - 50 users over 60s 2-9,text,true,,1469,543,27,27,http://localhost:5000/api/auth/login,197,0,0
1784906725409,6469,08 GET /api/patients/{id} (record with history),200,OK,Moderate Load - 50 users over 60s 2-18,text,true,,11102,458,27,27,http://localhost:5000/api/patients/8,6469,0,0
1784906731823,69,02 GET / (index.html),200,OK,Moderate Load - 50 users over 60s 2-27,text,true,,1778,444,27,27,http://localhost:5000/,69,0,0
1784906730857,1038,09 GET /api/appointments (day view),200,OK,Moderate Load - 50 users over 60s 2-17,text,true,,1775,460,27,27,http://localhost:5000/api/appointments,1038,0,0
1784906727040,5248,08 GET /api/patients/{id} (record with history),200,OK,Moderate Load - 50 users over 60s 2-10,text,true,,8679,458,28,28,http://localhost:5000/api/patients/4,5248,0,0
1784906732287,3,02 GET / (index.html),200,OK,Moderate Load - 50 users over 60s 2-7,text,true,,1778,444,28,28,http://localhost:5000/,3,0,0
1784906730950,1400,05 GET /api/dashboard/stats,200,OK,Moderate Load - 50 users over 60s 2-25,text,true,,1188,463,28,28,http://localhost:5000/api/dashboard/stats,1400,0,0
1784906732377,3,02 GET / (index.html),200,OK,Moderate Load - 50 users over 60s 2-9,text,true,,1778,444,28,28,http://localhost:5000/,3,0,0
1784906732393,3,03 GET /assets/index.js (main bundle),200,OK,Moderate Load - 50 users over 60s 2-27,text,true,,488575,459,28,28,http://localhost:5000/assets/index.js,2,0,0
1784906732396,105,01 POST /api/auth/login,200,OK,Moderate Load - 50 users over 60s 2-17,text,true,,1469,543,28,28,http://localhost:5000/api/auth/login,105,0,0
1784906731152,1400,05 GET /api/dashboard/stats,200,OK,Moderate Load - 50 users over 60s 2-5,text,true,,1188,463,28,28,http://localhost:5000/api/dashboard/stats,1400,0,0
1784906732416,264,01 POST /api/auth/login,200,OK,Moderate Load - 50 users over 60s 2-28,text,true,,1469,326,28,28,http://localhost:5000/api/auth/login,264,0,1
1784906731245,1440,05 GET /api/dashboard/stats,200,OK,Moderate Load - 50 users over 60s 2-16,text,true,,1188,463,28,28,http://localhost:5000/api/dashboard/stats,1440,0,0
1784906731932,758,07 GET /api/patients?search= (name search),200,OK,Moderate Load - 50 users over 60s 2-24,text,true,,10104,482,28,28,http://localhost:5000/api/patients?search=ga&page=1&limit=20,758,0,0
1784906731695,998,09 GET /api/appointments (day view),200,OK,Moderate Load - 50 users over 60s 2-8,text,true,,1775,460,28,28,http://localhost:5000/api/appointments,998,0,0
1784906731996,725,09 GET /api/appointments (day view),200,OK,Moderate Load - 50 users over 60s 2-6,text,true,,1775,460,28,28,http://localhost:5000/api/appointments,724,0,0
1784906732376,400,06 GET /api/patients (paginated list),200,OK,Moderate Load - 50 users over 60s 2-15,text,true,,10028,473,28,28,http://localhost:5000/api/patients?page=27&limit=20,400,0,0
1784906732803,4,03 GET /assets/index.js (main bundle),200,OK,Moderate Load - 50 users over 60s 2-7,text,true,,488575,459,28,28,http://localhost:5000/assets/index.js,3,0,0
1784906732881,4,03 GET /assets/index.js (main bundle),200,OK,Moderate Load - 50 users over 60s 2-9,text,true,,488575,459,28,28,http://localhost:5000/assets/index.js,3,0,0
1784906732898,2,04 GET /assets/index.css,200,OK,Moderate Load - 50 users over 60s 2-27,text,true,,49971,460,28,28,http://localhost:5000/assets/index.css,1,0,0
1784906732379,592,09 GET /api/appointments (day view),200,OK,Moderate Load - 50 users over 60s 2-18,text,true,,1775,460,28,28,http://localhost:5000/api/appointments,592,0,0
1784906732151,842,05 GET /api/dashboard/stats,200,OK,Moderate Load - 50 users over 60s 2-26,text,true,,1188,463,28,28,http://localhost:5000/api/dashboard/stats,842,0,0
1784906733006,2,02 GET / (index.html),200,OK,Moderate Load - 50 users over 60s 2-17,text,true,,1778,444,28,28,http://localhost:5000/,2,0,0
1784906732865,302,06 GET /api/patients (paginated list),200,OK,Moderate Load - 50 users over 60s 2-25,text,true,,10093,473,29,29,http://localhost:5000/api/patients?page=45&limit=20,302,0,0
1784906733196,103,01 POST /api/auth/login,200,OK,Moderate Load - 50 users over 60s 2-8,text,true,,1469,543,29,29,http://localhost:5000/api/auth/login,103,0,0
1784906733193,111,02 GET / (index.html),200,OK,Moderate Load - 50 users over 60s 2-28,text,true,,1778,444,29,29,http://localhost:5000/,110,0,0
1784906733053,360,06 GET /api/patients (paginated list),200,OK,Moderate Load - 50 users over 60s 2-5,text,true,,10032,473,29,29,http://localhost:5000/api/patients?page=49&limit=20,360,0,0
1784906733223,196,01 POST /api/auth/login,200,OK,Moderate Load - 50 users over 60s 2-6,text,true,,1469,543,29,29,http://localhost:5000/api/auth/login,196,0,0
1784906726317,7104,08 GET /api/patients/{id} (record with history),200,OK,Moderate Load - 50 users over 60s 2-19,text,true,,11718,459,29,29,http://localhost:5000/api/patients/24,7104,0,0
1784906733385,38,04 GET /assets/index.css,200,OK,Moderate Load - 50 users over 60s 2-9,text,true,,49971,460,29,29,http://localhost:5000/assets/index.css,38,0,0
1784906733308,116,04 GET /assets/index.css,200,OK,Moderate Load - 50 users over 60s 2-7,text,true,,49971,460,29,29,http://localhost:5000/assets/index.css,115,0,0
1784906732803,628,09 GET /api/appointments (day view),200,OK,Moderate Load - 50 users over 60s 2-10,text,true,,1775,460,29,29,http://localhost:5000/api/appointments,628,0,0
1784906733193,259,06 GET /api/patients (paginated list),200,OK,Moderate Load - 50 users over 60s 2-16,text,true,,10158,473,29,29,http://localhost:5000/api/patients?page=38&limit=20,259,0,0
1784906733509,3,03 GET /assets/index.js (main bundle),200,OK,Moderate Load - 50 users over 60s 2-17,text,true,,488575,459,29,29,http://localhost:5000/assets/index.js,2,0,0
1784906733614,99,01 POST /api/auth/login,200,OK,Moderate Load - 50 users over 60s 2-29,text,true,,1469,326,29,29,http://localhost:5000/api/auth/login,99,0,2
1784906733494,307,06 GET /api/patients (paginated list),200,OK,Moderate Load - 50 users over 60s 2-26,text,true,,9932,473,29,29,http://localhost:5000/api/patients?page=37&limit=20,307,0,0
1784906733800,3,02 GET / (index.html),200,OK,Moderate Load - 50 users over 60s 2-8,text,true,,1778,444,29,29,http://localhost:5000/,3,0,0
1784906733815,3,03 GET /assets/index.js (main bundle),200,OK,Moderate Load - 50 users over 60s 2-28,text,true,,488575,459,29,29,http://localhost:5000/assets/index.js,1,0,0
1784906733277,564,07 GET /api/patients?search= (name search),200,OK,Moderate Load - 50 users over 60s 2-15,text,true,,1129,482,29,29,http://localhost:5000/api/patients?search=ih&page=1&limit=20,564,0,0
1784906733924,9,02 GET / (index.html),200,OK,Moderate Load - 50 users over 60s 2-6,text,true,,1778,444,29,29,http://localhost:5000/,9,0,0
1784906733939,101,01 POST /api/auth/login,200,OK,Moderate Load - 50 users over 60s 2-10,text,true,,1469,543,29,29,http://localhost:5000/api/auth/login,101,0,0
1784906734017,35,04 GET /assets/index.css,200,OK,Moderate Load - 50 users over 60s 2-17,text,true,,49971,460,29,29,http://localhost:5000/assets/index.css,34,0,0
1784906734218,2,02 GET / (index.html),200,OK,Moderate Load - 50 users over 60s 2-29,text,true,,1778,444,29,29,http://localhost:5000/,2,0,0
1784906733400,842,05 GET /api/dashboard/stats,200,OK,Moderate Load - 50 users over 60s 2-27,text,true,,1188,463,29,29,http://localhost:5000/api/dashboard/stats,842,0,0
1784906734311,7,03 GET /assets/index.js (main bundle),200,OK,Moderate Load - 50 users over 60s 2-8,text,true,,488575,459,30,30,http://localhost:5000/assets/index.js,4,0,0
1784906734326,3,04 GET /assets/index.css,200,OK,Moderate Load - 50 users over 60s 2-28,text,true,,49971,460,30,30,http://localhost:5000/assets/index.css,2,0,0
1784906733674,749,07 GET /api/patients?search= (name search),200,OK,Moderate Load - 50 users over 60s 2-25,text,true,,1129,482,30,30,http://localhost:5000/api/patients?search=vz&page=1&limit=20,749,0,0
1784906734435,3,03 GET /assets/index.js (main bundle),200,OK,Moderate Load - 50 users over 60s 2-6,text,true,,488575,459,30,30,http://localhost:5000/assets/index.js,2,0,0
1784906734543,2,02 GET / (index.html),200,OK,Moderate Load - 50 users over 60s 2-10,text,true,,1778,444,30,30,http://localhost:5000/,2,0,0
1784906733924,747,07 GET /api/patients?search= (name search),200,OK,Moderate Load - 50 users over 60s 2-5,text,true,,1129,482,30,30,http://localhost:5000/api/patients?search=gk&page=1&limit=20,747,0,0
1784906734728,4,03 GET /assets/index.js (main bundle),200,OK,Moderate Load - 50 users over 60s 2-29,text,true,,488575,459,30,30,http://localhost:5000/assets/index.js,2,0,0
1784906733924,879,05 GET /api/dashboard/stats,200,OK,Moderate Load - 50 users over 60s 2-9,text,true,,1188,463,30,30,http://localhost:5000/api/dashboard/stats,879,0,0
1784906734821,2,04 GET /assets/index.css,200,OK,Moderate Load - 50 users over 60s 2-8,text,true,,49971,460,30,30,http://localhost:5000/assets/index.css,2,0,0
1784906734824,127,01 POST /api/auth/login,200,OK,Moderate Load - 50 users over 60s 2-30,text,true,,1469,326,30,30,http://localhost:5000/api/auth/login,127,0,1
1784906733924,1027,09 GET /api/appointments (day view),200,OK,Moderate Load - 50 users over 60s 2-19,text,true,,1775,460,30,30,http://localhost:5000/api/appointments,1027,0,0
1784906733956,1002,07 GET /api/patients?search= (name search),200,OK,Moderate Load - 50 users over 60s 2-16,text,true,,10044,482,30,30,http://localhost:5000/api/patients?search=an&page=1&limit=20,1002,0,0
1784906734944,24,04 GET /assets/index.css,200,OK,Moderate Load - 50 users over 60s 2-6,text,true,,49971,460,30,30,http://localhost:5000/assets/index.css,24,0,0
1784906734311,658,07 GET /api/patients?search= (name search),200,OK,Moderate Load - 50 users over 60s 2-26,text,true,,1129,482,30,30,http://localhost:5000/api/patients?search=cj&page=1&limit=20,658,0,0
1784906735053,3,03 GET /assets/index.js (main bundle),200,OK,Moderate Load - 50 users over 60s 2-10,text,true,,488575,459,30,30,http://localhost:5000/assets/index.js,2,0,0
1784906734743,381,06 GET /api/patients (paginated list),200,OK,Moderate Load - 50 users over 60s 2-27,text,true,,9890,472,30,30,http://localhost:5000/api/patients?page=2&limit=20,381,0,0
1784906735232,2,04 GET /assets/index.css,200,OK,Moderate Load - 50 users over 60s 2-29,text,true,,49971,460,30,30,http://localhost:5000/assets/index.css,2,0,0
1784906733924,1423,05 GET /api/dashboard/stats,200,OK,Moderate Load - 50 users over 60s 2-7,text,true,,1188,463,30,30,http://localhost:5000/api/dashboard/stats,1423,0,0
1784906735451,97,01 POST /api/auth/login,200,OK,Moderate Load - 50 users over 60s 2-19,text,true,,1469,543,31,31,http://localhost:5000/api/auth/login,97,0,0
1784906735451,97,02 GET / (index.html),200,OK,Moderate Load - 50 users over 60s 2-30,text,true,,1778,444,31,31,http://localhost:5000/,97,0,0
1784906735302,260,06 GET /api/patients (paginated list),200,OK,Moderate Load - 50 users over 60s 2-9,text,true,,9933,473,31,31,http://localhost:5000/api/patients?page=18&limit=20,260,0,0
1784906735557,17,04 GET /assets/index.css,200,OK,Moderate Load - 50 users over 60s 2-10,text,true,,49971,460,31,31,http://localhost:5000/assets/index.css,17,0,0
1784906734558,1453,05 GET /api/dashboard/stats,200,OK,Moderate Load - 50 users over 60s 2-17,text,true,,1188,463,31,31,http://localhost:5000/api/dashboard/stats,1453,0,0
1784906736019,106,01 POST /api/auth/login,200,OK,Moderate Load - 50 users over 60s 2-31,text,true,,1469,326,31,31,http://localhost:5000/api/auth/login,106,0,1
1784906727645,8484,08 GET /api/patients/{id} (record with history),200,OK,Moderate Load - 50 users over 60s 2-20,text,true,,12264,459,31,31,http://localhost:5000/api/patients/26,8484,0,0
1784906734836,1316,05 GET /api/dashboard/stats,200,OK,Moderate Load - 50 users over 60s 2-28,text,true,,1188,463,31,31,http://localhost:5000/api/dashboard/stats,1316,0,0
1784906736063,89,02 GET / (index.html),200,OK,Moderate Load - 50 users over 60s 2-19,text,true,,1778,444,31,31,http://localhost:5000/,89,0,0
1784906736063,121,03 GET /assets/index.js (main bundle),200,OK,Moderate Load - 50 users over 60s 2-30,text,true,,488575,459,31,31,http://localhost:5000/assets/index.js,91,0,0
1784906735847,541,06 GET /api/patients (paginated list),200,OK,Moderate Load - 50 users over 60s 2-7,text,true,,10045,473,31,31,http://localhost:5000/api/patients?page=21&limit=20,541,0,0
1784906735468,949,05 GET /api/dashboard/stats,200,OK,Moderate Load - 50 users over 60s 2-6,text,true,,1188,463,31,31,http://localhost:5000/api/dashboard/stats,949,0,0
1784906735624,860,07 GET /api/patients?search= (name search),200,OK,Moderate Load - 50 users over 60s 2-27,text,true,,1129,482,31,31,http://localhost:5000/api/patients?search=zr&page=1&limit=20,860,0,0
1784906728719,7812,08 GET /api/patients/{id} (record with history),200,OK,Moderate Load - 50 users over 60s 2-11,text,true,,10547,458,31,31,http://localhost:5000/api/patients/5,7812,0,0
1784906736626,4,02 GET / (index.html),200,OK,Moderate Load - 50 users over 60s 2-31,text,true,,1778,444,31,31,http://localhost:5000/,4,0,0
1784906736654,5,03 GET /assets/index.js (main bundle),200,OK,Moderate Load - 50 users over 60s 2-19,text,true,,488575,459,31,31,http://localhost:5000/assets/index.js,4,0,0
1784906728100,8586,08 GET /api/patients/{id} (record with history),200,OK,Moderate Load - 50 users over 60s 2-1,text,true,,12542,458,31,31,http://localhost:5000/api/patients/2,8586,0,0
1784906736686,2,04 GET /assets/index.css,200,OK,Moderate Load - 50 users over 60s 2-30,text,true,,49971,460,31,31,http://localhost:5000/assets/index.css,1,0,0
1784906735735,997,05 GET /api/dashboard/stats,200,OK,Moderate Load - 50 users over 60s 2-29,text,true,,1188,463,32,32,http://localhost:5000/api/dashboard/stats,997,0,0
1784906736512,389,06 GET /api/patients (paginated list),200,OK,Moderate Load - 50 users over 60s 2-17,text,true,,9890,472,32,32,http://localhost:5000/api/patients?page=2&limit=20,389,0,0
1784906735324,1592,05 GET /api/dashboard/stats,200,OK,Moderate Load - 50 users over 60s 2-8,text,true,,1188,463,32,32,http://localhost:5000/api/dashboard/stats,1592,0,0
1784906736654,271,06 GET /api/patients (paginated list),200,OK,Moderate Load - 50 users over 60s 2-28,text,true,,10140,473,32,32,http://localhost:5000/api/patients?page=24&limit=20,271,0,0
1784906729597,7330,08 GET /api/patients/{id} (record with history),200,OK,Moderate Load - 50 users over 60s 2-3,text,true,,11155,459,32,32,http://localhost:5000/api/patients/30,7330,0,0
1784906736064,895,07 GET /api/patients?search= (name search),200,OK,Moderate Load - 50 users over 60s 2-9,text,true,,1129,482,32,32,http://localhost:5000/api/patients?search=yk&page=1&limit=20,895,0,0
1784906733472,3545,10 POST /api/ai/pre-appointment/{id},200,OK,Moderate Load - 50 users over 60s 2-18,text,true,,2141,490,32,32,http://localhost:5000/api/ai/pre-appointment/388,3545,0,0
1784906737130,3,03 GET /assets/index.js (main bundle),200,OK,Moderate Load - 50 users over 60s 2-31,text,true,,488575,459,32,32,http://localhost:5000/assets/index.js,2,0,0
1784906737160,2,04 GET /assets/index.css,200,OK,Moderate Load - 50 users over 60s 2-19,text,true,,49971,460,32,32,http://localhost:5000/assets/index.css,2,0,0
1784906737221,98,01 POST /api/auth/login,200,OK,Moderate Load - 50 users over 60s 2-32,text,true,,1469,326,32,32,http://localhost:5000/api/auth/login,98,0,1
1784906736917,489,06 GET /api/patients (paginated list),200,OK,Moderate Load - 50 users over 60s 2-6,text,true,,10025,472,32,32,http://localhost:5000/api/patients?page=1&limit=20,489,0,0
1784906736889,585,07 GET /api/patients?search= (name search),200,OK,Moderate Load - 50 users over 60s 2-7,text,true,,1129,482,32,32,http://localhost:5000/api/patients?search=md&page=1&limit=20,585,0,0
1784906737526,103,01 POST /api/auth/login,200,OK,Moderate Load - 50 users over 60s 2-18,text,true,,1469,543,32,32,http://localhost:5000/api/auth/login,103,0,0
1784906736078,1555,05 GET /api/dashboard/stats,200,OK,Moderate Load - 50 users over 60s 2-10,text,true,,1188,463,32,32,http://localhost:5000/api/dashboard/stats,1555,0,0
1784906737637,1,04 GET /assets/index.css,200,OK,Moderate Load - 50 users over 60s 2-31,text,true,,49971,460,32,32,http://localhost:5000/assets/index.css,1,0,0
1784906736629,1039,09 GET /api/appointments (day view),200,OK,Moderate Load - 50 users over 60s 2-20,text,true,,1775,460,32,32,http://localhost:5000/api/appointments,1039,0,0
1784906737235,507,06 GET /api/patients (paginated list),200,OK,Moderate Load - 50 users over 60s 2-29,text,true,,9991,473,32,32,http://localhost:5000/api/patients?page=42&limit=20,507,0,0
1784906737823,2,02 GET / (index.html),200,OK,Moderate Load - 50 users over 60s 2-32,text,true,,1778,444,32,32,http://localhost:5000/,2,0,0
1784906737030,851,09 GET /api/appointments (day view),200,OK,Moderate Load - 50 users over 60s 2-11,text,true,,1775,460,32,32,http://localhost:5000/api/appointments,851,0,0
1784906737186,793,09 GET /api/appointments (day view),200,OK,Moderate Load - 50 users over 60s 2-1,text,true,,1775,460,33,33,http://localhost:5000/api/appointments,793,0,0
1784906737418,569,06 GET /api/patients (paginated list),200,OK,Moderate Load - 50 users over 60s 2-8,text,true,,10180,473,33,33,http://localhost:5000/api/patients?page=11&limit=20,569,0,0
1784906738137,4,02 GET / (index.html),200,OK,Moderate Load - 50 users over 60s 2-18,text,true,,1778,444,33,33,http://localhost:5000/,4,0,0
1784906738184,100,01 POST /api/auth/login,200,OK,Moderate Load - 50 users over 60s 2-20,text,true,,1469,543,33,33,http://localhost:5000/api/auth/login,100,0,0
1784906737402,885,07 GET /api/patients?search= (name search),200,OK,Moderate Load - 50 users over 60s 2-17,text,true,,10056,482,33,33,http://localhost:5000/api/patients?search=gu&page=1&limit=20,885,0,0
1784906729079,9233,08 GET /api/patients/{id} (record with history),200,OK,Moderate Load - 50 users over 60s 2-21,text,true,,11802,459,33,33,http://localhost:5000/api/patients/27,9233,0,0
1784906730279,8038,08 GET /api/patients/{id} (record with history),200,OK,Moderate Load - 50 users over 60s 2-22,text,true,,11157,459,33,33,http://localhost:5000/api/patients/45,8038,0,0
1784906738327,4,03 GET /assets/index.js (main bundle),200,OK,Moderate Load - 50 users over 60s 2-32,text,true,,488575,459,33,33,http://localhost:5000/assets/index.js,3,0,0
1784906737433,933,07 GET /api/patients?search= (name search),200,OK,Moderate Load - 50 users over 60s 2-28,text,true,,1129,482,33,33,http://localhost:5000/api/patients?search=xb&page=1&limit=20,933,0,0
1784906738388,100,01 POST /api/auth/login,200,OK,Moderate Load - 50 users over 60s 2-11,text,true,,1469,543,33,33,http://localhost:5000/api/auth/login,100,0,0
1784906729706,8791,08 GET /api/patients/{id} (record with history),200,OK,Moderate Load - 50 users over 60s 2-12,text,true,,11162,459,33,33,http://localhost:5000/api/patients/12,8791,0,0
1784906738137,583,06 GET /api/patients (paginated list),200,OK,Moderate Load - 50 users over 60s 2-10,text,true,,10158,473,33,33,http://localhost:5000/api/patients?page=38&limit=20,583,0,0
1784906737917,804,07 GET /api/patients?search= (name search),200,OK,Moderate Load - 50 users over 60s 2-6,text,true,,1129,482,33,33,http://localhost:5000/api/patients?search=sb&page=1&limit=20,804,0,0
1784906737188,1534,05 GET /api/dashboard/stats,200,OK,Moderate Load - 50 users over 60s 2-30,text,true,,1188,463,33,33,http://localhost:5000/api/dashboard/stats,1534,0,0
1784906738481,242,01 POST /api/auth/login,200,OK,Moderate Load - 50 users over 60s 2-1,text,true,,1469,543,33,33,http://localhost:5000/api/auth/login,242,0,0
1784906738436,289,01 POST /api/auth/login,200,OK,Moderate Load - 50 users over 60s 2-33,text,true,,1469,326,33,33,http://localhost:5000/api/auth/login,289,0,1
1784906730373,8355,08 GET /api/patients/{id} (record with history),200,OK,Moderate Load - 50 users over 60s 2-13,text,true,,12316,459,33,33,http://localhost:5000/api/patients/34,8355,0,0
1784906737433,1303,09 GET /api/appointments (day view),200,OK,Moderate Load - 50 users over 60s 2-3,text,true,,1775,460,33,33,http://localhost:5000/api/appointments,1303,0,0
1784906738654,103,03 GET /assets/index.js (main bundle),200,OK,Moderate Load - 50 users over 60s 2-18,text,true,,488575,459,33,33,http://localhost:5000/assets/index.js,87,0,0
1784906738794,4,02 GET / (index.html),200,OK,Moderate Load - 50 users over 60s 2-20,text,true,,1778,444,33,33,http://localhost:5000/,4,0,0
1784906738840,3,04 GET /assets/index.css,200,OK,Moderate Load - 50 users over 60s 2-32,text,true,,49971,460,33,33,http://localhost:5000/assets/index.css,3,0,0
1784906738152,774,05 GET /api/dashboard/stats,200,OK,Moderate Load - 50 users over 60s 2-31,text,true,,1188,463,33,33,http://localhost:5000/api/dashboard/stats,774,0,0
1784906738997,4,02 GET / (index.html),200,OK,Moderate Load - 50 users over 60s 2-11,text,true,,1778,444,33,33,http://localhost:5000/,4,0,0
1784906738247,776,07 GET /api/patients?search= (name search),200,OK,Moderate Load - 50 users over 60s 2-29,text,true,,1129,482,33,33,http://localhost:5000/api/patients?search=xp&page=1&limit=20,776,0,0
1784906738497,534,07 GET /api/patients?search= (name search),200,OK,Moderate Load - 50 users over 60s 2-8,text,true,,1129,482,33,33,http://localhost:5000/api/patients?search=eh&page=1&limit=20,534,0,0
1784906737667,1416,05 GET /api/dashboard/stats,200,OK,Moderate Load - 50 users over 60s 2-19,text,true,,1188,463,33,33,http://localhost:5000/api/dashboard/stats,1416,0,0
1784906739229,9,02 GET / (index.html),200,OK,Moderate Load - 50 users over 60s 2-1,text,true,,1778,444,34,34,http://localhost:5000/,9,0,0
1784906739229,9,02 GET / (index.html),200,OK,Moderate Load - 50 users over 60s 2-33,text,true,,1778,444,34,34,http://localhost:5000/,9,0,0
1784906739244,102,01 POST /api/auth/login,200,OK,Moderate Load - 50 users over 60s 2-3,text,true,,1469,543,34,34,http://localhost:5000/api/auth/login,102,0,0
1784906730997,8358,08 GET /api/patients/{id} (record with history),200,OK,Moderate Load - 50 users over 60s 2-4,text,true,,10547,458,34,34,http://localhost:5000/api/patients/5,8358,0,0
1784906739260,103,04 GET /assets/index.css,200,OK,Moderate Load - 50 users over 60s 2-18,text,true,,49971,460,34,34,http://localhost:5000/assets/index.css,103,0,0
1784906739299,84,03 GET /assets/index.js (main bundle),200,OK,Moderate Load - 50 users over 60s 2-20,text,true,,488575,459,34,34,http://localhost:5000/assets/index.js,65,0,0
1784906739503,2,03 GET /assets/index.js (main bundle),200,OK,Moderate Load - 50 users over 60s 2-11,text,true,,488575,459,34,34,http://localhost:5000/assets/index.js,1,0,0
1784906739229,321,06 GET /api/patients (paginated list),200,OK,Moderate Load - 50 users over 60s 2-30,text,true,,10160,472,34,34,http://localhost:5000/api/patients?page=8&limit=20,321,0,0
1784906738824,794,09 GET /api/appointments (day view),200,OK,Moderate Load - 50 users over 60s 2-22,text,true,,1775,460,34,34,http://localhost:5000/api/appointments,794,0,0
1784906739624,104,01 POST /api/auth/login,200,OK,Moderate Load - 50 users over 60s 2-34,text,true,,1469,326,34,34,http://localhost:5000/api/auth/login,104,0,2
1784906738824,923,09 GET /api/appointments (day view),200,OK,Moderate Load - 50 users over 60s 2-21,text,true,,1775,460,34,34,http://localhost:5000/api/appointments,923,0,0
1784906739746,6,03 GET /assets/index.js (main bundle),200,OK,Moderate Load - 50 users over 60s 2-1,text,true,,488575,459,34,34,http://localhost:5000/assets/index.js,4,0,0
1784906739746,7,03 GET /assets/index.js (main bundle),200,OK,Moderate Load - 50 users over 60s 2-33,text,true,,488575,459,34,34,http://localhost:5000/assets/index.js,3,0,0
1784906739426,354,06 GET /api/patients (paginated list),200,OK,Moderate Load - 50 users over 60s 2-31,text,true,,9951,472,34,34,http://localhost:5000/api/patients?page=3&limit=20,354,0,0
1784906739854,3,02 GET / (index.html),200,OK,Moderate Load - 50 users over 60s 2-3,text,true,,1778,444,34,34,http://localhost:5000/,3,0,0
1784906739885,2,04 GET /assets/index.css,200,OK,Moderate Load - 50 users over 60s 2-20,text,true,,49971,460,34,34,http://localhost:5000/assets/index.css,2,0,0
1784906738997,923,09 GET /api/appointments (day view),200,OK,Moderate Load - 50 users over 60s 2-12,text,true,,1775,460,34,34,http://localhost:5000/api/appointments,923,0,0
1784906739584,385,06 GET /api/patients (paginated list),200,OK,Moderate Load - 50 users over 60s 2-19,text,true,,9970,473,34,34,http://localhost:5000/api/patients?page=34&limit=20,385,0,0
1784906740009,2,04 GET /assets/index.css,200,OK,Moderate Load - 50 users over 60s 2-11,text,true,,49971,460,34,34,http://localhost:5000/assets/index.css,2,0,0
1784906739229,784,07 GET /api/patients?search= (name search),200,OK,Moderate Load - 50 users over 60s 2-10,text,true,,10174,482,34,34,http://localhost:5000/api/patients?search=os&page=1&limit=20,784,0,0
1784906739229,860,09 GET /api/appointments (day view),200,OK,Moderate Load - 50 users over 60s 2-13,text,true,,1775,460,34,34,http://localhost:5000/api/appointments,860,0,0
1784906740133,103,01 POST /api/auth/login,200,OK,Moderate Load - 50 users over 60s 2-22,text,true,,1469,543,34,34,http://localhost:5000/api/auth/login,103,0,0
1784906740243,2,02 GET / (index.html),200,OK,Moderate Load - 50 users over 60s 2-34,text,true,,1778,444,34,34,http://localhost:5000/,2,0,0
1784906740259,2,04 GET /assets/index.css,200,OK,Moderate Load - 50 users over 60s 2-1,text,true,,49971,460,34,34,http://localhost:5000/assets/index.css,2,0,0
1784906740259,3,04 GET /assets/index.css,200,OK,Moderate Load - 50 users over 60s 2-33,text,true,,49971,460,34,34,http://localhost:5000/assets/index.css,3,0,0
1784906740259,107,01 POST /api/auth/login,200,OK,Moderate Load - 50 users over 60s 2-21,text,true,,1469,543,35,35,http://localhost:5000/api/auth/login,107,0,0
1784906740358,48,03 GET /assets/index.js (main bundle),200,OK,Moderate Load - 50 users over 60s 2-3,text,true,,488575,459,35,35,http://localhost:5000/assets/index.js,28,0,0
1784906740420,101,01 POST /api/auth/login,200,OK,Moderate Load - 50 users over 60s 2-12,text,true,,1469,543,35,35,http://localhost:5000/api/auth/login,101,0,0
1784906732011,8512,08 GET /api/patients/{id} (record with history),200,OK,Moderate Load - 50 users over 60s 2-14,text,true,,10517,459,35,35,http://localhost:5000/api/patients/38,8512,0,0
1784906730106,10427,08 GET /api/patients/{id} (record with history),200,OK,Moderate Load - 50 users over 60s 2-2,text,true,,12542,458,35,35,http://localhost:5000/api/patients/2,10427,0,0
1784906740591,96,01 POST /api/auth/login,200,OK,Moderate Load - 50 users over 60s 2-13,text,true,,1469,543,35,35,http://localhost:5000/api/auth/login,96,0,0
1784906739869,837,05 GET /api/dashboard/stats,200,OK,Moderate Load - 50 users over 60s 2-18,text,true,,1188,463,35,35,http://localhost:5000/api/dashboard/stats,837,0,0
1784906740738,2,02 GET / (index.html),200,OK,Moderate Load - 50 users over 60s 2-22,text,true,,1778,444,35,35,http://localhost:5000/,2,0,0
1784906740748,3,03 GET /assets/index.js (main bundle),200,OK,Moderate Load - 50 users over 60s 2-34,text,true,,488575,459,35,35,http://localhost:5000/assets/index.js,2,0,0
1784906739869,910,09 GET /api/appointments (day view),200,OK,Moderate Load - 50 users over 60s 2-4,text,true,,1775,460,35,35,http://localhost:5000/api/appointments,910,0,0
1784906739346,1443,05 GET /api/dashboard/stats,200,OK,Moderate Load - 50 users over 60s 2-32,text,true,,1188,463,35,35,http://localhost:5000/api/dashboard/stats,1443,0,0
1784906731996,8811,08 GET /api/patients/{id} (record with history),200,OK,Moderate Load - 50 users over 60s 2-23,text,true,,10539,458,35,35,http://localhost:5000/api/patients/9,8811,0,0
1784906740056,879,07 GET /api/patients?search= (name search),200,OK,Moderate Load - 50 users over 60s 2-30,text,true,,1129,482,35,35,http://localhost:5000/api/patients?search=vc&page=1&limit=20,879,0,0
1784906740810,140,01 POST /api/auth/login,200,OK,Moderate Load - 50 users over 60s 2-35,text,true,,1469,326,35,35,http://localhost:5000/api/auth/login,140,0,1
1784906740869,89,02 GET / (index.html),200,OK,Moderate Load - 50 users over 60s 2-21,text,true,,1778,444,35,35,http://localhost:5000/,89,0,0
1784906740916,44,04 GET /assets/index.css,200,OK,Moderate Load - 50 users over 60s 2-3,text,true,,49971,460,35,35,http://localhost:5000/assets/index.css,44,0,0
1784906741025,4,02 GET / (index.html),200,OK,Moderate Load - 50 users over 60s 2-12,text,true,,1778,444,35,35,http://localhost:5000/,4,0,0
1784906740283,759,07 GET /api/patients?search= (name search),200,OK,Moderate Load - 50 users over 60s 2-31,text,true,,1129,482,35,35,http://localhost:5000/api/patients?search=wl&page=1&limit=20,759,0,0
1784906741196,2,02 GET / (index.html),200,OK,Moderate Load - 50 users over 60s 2-13,text,true,,1778,444,35,35,http://localhost:5000/,2,0,0
1784906740470,769,07 GET /api/patients?search= (name search),200,OK,Moderate Load - 50 users over 60s 2-19,text,true,,1129,482,35,35,http://localhost:5000/api/patients?search=sq&page=1&limit=20,769,0,0
1784906741242,3,03 GET /assets/index.js (main bundle),200,OK,Moderate Load - 50 users over 60s 2-22,text,true,,488575,459,35,35,http://localhost:5000/assets/index.js,2,0,0
1784906741257,2,04 GET /assets/index.css,200,OK,Moderate Load - 50 users over 60s 2-34,text,true,,49971,460,35,35,http://localhost:5000/assets/index.css,2,0,0
1784906741280,100,01 POST /api/auth/login,200,OK,Moderate Load - 50 users over 60s 2-4,text,true,,1469,543,35,35,http://localhost:5000/api/auth/login,100,0,0
1784906740513,940,05 GET /api/dashboard/stats,200,OK,Moderate Load - 50 users over 60s 2-11,text,true,,1188,463,35,35,http://localhost:5000/api/dashboard/stats,940,0,0
1784906741452,3,02 GET / (index.html),200,OK,Moderate Load - 50 users over 60s 2-35,text,true,,1778,444,35,35,http://localhost:5000/,3,0,0
1784906741458,5,03 GET /assets/index.js (main bundle),200,OK,Moderate Load - 50 users over 60s 2-21,text,true,,488575,459,35,35,http://localhost:5000/assets/index.js,2,0,0
1784906741531,2,03 GET /assets/index.js (main bundle),200,OK,Moderate Load - 50 users over 60s 2-12,text,true,,488575,459,36,36,http://localhost:5000/assets/index.js,1,0,0
1784906741211,459,06 GET /api/patients (paginated list),200,OK,Moderate Load - 50 users over 60s 2-18,text,true,,10061,473,36,36,http://localhost:5000/api/patients?page=23&limit=20,459,0,0
1784906741698,6,03 GET /assets/index.js (main bundle),200,OK,Moderate Load - 50 users over 60s 2-13,text,true,,488575,459,36,36,http://localhost:5000/assets/index.js,2,0,0
1784906740764,981,05 GET /api/dashboard/stats,200,OK,Moderate Load - 50 users over 60s 2-33,text,true,,1188,463,36,36,http://localhost:5000/api/dashboard/stats,981,0,0
1784906741746,2,04 GET /assets/index.css,200,OK,Moderate Load - 50 users over 60s 2-22,text,true,,49971,460,36,36,http://localhost:5000/assets/index.css,2,0,0
1784906741881,2,02 GET / (index.html),200,OK,Moderate Load - 50 users over 60s 2-4,text,true,,1778,444,36,36,http://localhost:5000/,2,0,0
1784906741292,614,06 GET /api/patients (paginated list),200,OK,Moderate Load - 50 users over 60s 2-32,text,true,,10140,473,36,36,http://localhost:5000/api/patients?page=24&limit=20,614,0,0
1784906740388,1561,05 GET /api/dashboard/stats,200,OK,Moderate Load - 50 users over 60s 2-20,text,true,,1188,463,36,36,http://localhost:5000/api/dashboard/stats,1561,0,0
1784906741955,4,03 GET /assets/index.js (main bundle),200,OK,Moderate Load - 50 users over 60s 2-35,text,true,,488575,459,36,36,http://localhost:5000/assets/index.js,2,0,0
1784906741964,3,04 GET /assets/index.css,200,OK,Moderate Load - 50 users over 60s 2-21,text,true,,49971,460,36,36,http://localhost:5000/assets/index.css,3,0,0
1784906742023,107,01 POST /api/auth/login,200,OK,Moderate Load - 50 users over 60s 2-36,text,true,,1469,326,36,36,http://localhost:5000/api/auth/login,107,0,1
1784906742036,108,04 GET /assets/index.css,200,OK,Moderate Load - 50 users over 60s 2-12,text,true,,49971,460,36,36,http://localhost:5000/assets/index.css,107,0,0
1784906740764,1384,05 GET /api/dashboard/stats,200,OK,Moderate Load - 50 users over 60s 2-1,text,true,,1188,463,36,36,http://localhost:5000/api/dashboard/stats,1383,0,0
1784906741025,1130,09 GET /api/appointments (day view),200,OK,Moderate Load - 50 users over 60s 2-14,text,true,,1775,460,36,36,http://localhost:5000/api/appointments,1130,0,0
1784906741041,1115,09 GET /api/appointments (day view),200,OK,Moderate Load - 50 users over 60s 2-2,text,true,,1775,460,36,36,http://localhost:5000/api/appointments,1115,0,0
1784906742209,2,04 GET /assets/index.css,200,OK,Moderate Load - 50 users over 60s 2-13,text,true,,49971,460,36,36,http://localhost:5000/assets/index.css,2,0,0
1784906742384,2,03 GET /assets/index.js (main bundle),200,OK,Moderate Load - 50 users over 60s 2-4,text,true,,488575,459,36,36,http://localhost:5000/assets/index.js,1,0,0
1784906741460,999,05 GET /api/dashboard/stats,200,OK,Moderate Load - 50 users over 60s 2-3,text,true,,1188,463,36,36,http://localhost:5000/api/dashboard/stats,999,0,0
1784906742460,2,04 GET /assets/index.css,200,OK,Moderate Load - 50 users over 60s 2-35,text,true,,49971,460,36,36,http://localhost:5000/assets/index.css,2,0,0
1784906741307,1170,09 GET /api/appointments (day view),200,OK,Moderate Load - 50 users over 60s 2-23,text,true,,1775,460,36,36,http://localhost:5000/api/appointments,1170,0,0
1784906741954,612,06 GET /api/patients (paginated list),200,OK,Moderate Load - 50 users over 60s 2-11,text,true,,10047,473,36,36,http://localhost:5000/api/patients?page=48&limit=20,612,0,0
1784906742633,2,02 GET / (index.html),200,OK,Moderate Load - 50 users over 60s 2-36,text,true,,1778,444,36,36,http://localhost:5000/,2,0,0
1784906742655,123,01 POST /api/auth/login,200,OK,Moderate Load - 50 users over 60s 2-14,text,true,,1469,543,37,37,http://localhost:5000/api/auth/login,123,0,0
1784906735469,7314,08 GET /api/patients/{id} (record with history),200,OK,Moderate Load - 50 users over 60s 2-26,text,true,,9354,459,37,37,http://localhost:5000/api/patients/22,7314,0,0
1784906742256,529,06 GET /api/patients (paginated list),200,OK,Moderate Load - 50 users over 60s 2-33,text,true,,10079,473,37,37,http://localhost:5000/api/patients?page=36&limit=20,529,0,0
1784906741762,1024,05 GET /api/dashboard/stats,200,OK,Moderate Load - 50 users over 60s 2-34,text,true,,1188,463,37,37,http://localhost:5000/api/dashboard/stats,1024,0,0
1784906742450,410,06 GET /api/patients (paginated list),200,OK,Moderate Load - 50 users over 60s 2-20,text,true,,10180,473,37,37,http://localhost:5000/api/patients?page=11&limit=20,410,0,0
1784906742887,2,04 GET /assets/index.css,200,OK,Moderate Load - 50 users over 60s 2-4,text,true,,49971,460,37,37,http://localhost:5000/assets/index.css,2,0,0
1784906742978,103,01 POST /api/auth/login,200,OK,Moderate Load - 50 users over 60s 2-23,text,true,,1469,543,37,37,http://localhost:5000/api/auth/login,103,0,0
1784906742178,904,07 GET /api/patients?search= (name search),200,OK,Moderate Load - 50 users over 60s 2-18,text,true,,1129,482,37,37,http://localhost:5000/api/patients?search=ug&page=1&limit=20,904,0,0
1784906742648,441,06 GET /api/patients (paginated list),200,OK,Moderate Load - 50 users over 60s 2-1,text,true,,9932,473,37,37,http://localhost:5000/api/patients?page=40&limit=20,441,0,0
1784906743136,4,03 GET /assets/index.js (main bundle),200,OK,Moderate Load - 50 users over 60s 2-36,text,true,,488575,459,37,37,http://localhost:5000/assets/index.js,2,0,0
1784906743224,105,01 POST /api/auth/login,200,OK,Moderate Load - 50 users over 60s 2-37,text,true,,1469,326,37,37,http://localhost:5000/api/auth/login,105,0,1
1784906742408,929,07 GET /api/patients?search= (name search),200,OK,Moderate Load - 50 users over 60s 2-32,text,true,,1129,482,37,37,http://localhost:5000/api/patients?search=bs&page=1&limit=20,929,0,0
1784906743283,71,02 GET / (index.html),200,OK,Moderate Load - 50 users over 60s 2-14,text,true,,1778,444,37,37,http://localhost:5000/,71,0,0
1784906742961,397,06 GET /api/patients (paginated list),200,OK,Moderate Load - 50 users over 60s 2-3,text,true,,10093,473,37,37,http://localhost:5000/api/patients?page=45&limit=20,397,0,0
1784906742469,1055,05 GET /api/dashboard/stats,200,OK,Moderate Load - 50 users over 60s 2-21,text,true,,1188,463,37,37,http://localhost:5000/api/dashboard/stats,1055,0,0
1784906743594,7,02 GET / (index.html),200,OK,Moderate Load - 50 users over 60s 2-23,text,true,,1778,444,37,37,http://localhost:5000/,7,0,0
1784906743641,3,04 GET /assets/index.css,200,OK,Moderate Load - 50 users over 60s 2-36,text,true,,49971,460,37,37,http://localhost:5000/assets/index.css,3,0,0
1784906742713,1114,05 GET /api/dashboard/stats,200,OK,Moderate Load - 50 users over 60s 2-13,text,true,,1188,463,37,37,http://localhost:5000/api/dashboard/stats,1114,0,0
1784906743843,3,02 GET / (index.html),200,OK,Moderate Load - 50 users over 60s 2-37,text,true,,1778,444,37,37,http://localhost:5000/,3,0,0
1784906743858,6,03 GET /assets/index.js (main bundle),200,OK,Moderate Load - 50 users over 60s 2-14,text,true,,488575,459,37,37,http://localhost:5000/assets/index.js,4,0,0
1784906743299,604,06 GET /api/patients (paginated list),200,OK,Moderate Load - 50 users over 60s 2-34,text,true,,10038,473,37,37,http://localhost:5000/api/patients?page=25&limit=20,604,0,0
1784906733193,10731,08 GET /api/patients/{id} (record with history),200,OK,Moderate Load - 50 users over 60s 2-24,text,true,,11717,459,38,38,http://localhost:5000/api/patients/29,10731,0,0
1784906742256,1697,05 GET /api/dashboard/stats,200,OK,Moderate Load - 50 users over 60s 2-22,text,true,,1188,463,38,38,http://localhost:5000/api/dashboard/stats,1697,0,0
1784906743067,964,07 GET /api/patients?search= (name search),200,OK,Moderate Load - 50 users over 60s 2-11,text,true,,9885,482,38,38,http://localhost:5000/api/patients?search=ya&page=1&limit=20,964,0,0
1784906744109,3,03 GET /assets/index.js (main bundle),200,OK,Moderate Load - 50 users over 60s 2-23,text,true,,488575,459,38,38,http://localhost:5000/assets/index.js,2,0,0
1784906742963,1189,05 GET /api/dashboard/stats,200,OK,Moderate Load - 50 users over 60s 2-35,text,true,,1188,463,38,38,http://localhost:5000/api/dashboard/stats,1189,0,0
1784906743299,947,07 GET /api/patients?search= (name search),200,OK,Moderate Load - 50 users over 60s 2-33,text,true,,1129,482,38,38,http://localhost:5000/api/patients?search=bd&page=1&limit=20,947,0,0
1784906742644,1663,05 GET /api/dashboard/stats,200,OK,Moderate Load - 50 users over 60s 2-12,text,true,,1188,463,38,38,http://localhost:5000/api/dashboard/stats,1663,0,0
1784906744348,3,03 GET /assets/index.js (main bundle),200,OK,Moderate Load - 50 users over 60s 2-37,text,true,,488575,459,38,38,http://localhost:5000/assets/index.js,2,0,0
1784906744365,2,04 GET /assets/index.css,200,OK,Moderate Load - 50 users over 60s 2-14,text,true,,49971,460,38,38,http://localhost:5000/assets/index.css,2,0,0
1784906734929,9458,08 GET /api/patients/{id} (record with history),200,OK,Moderate Load - 50 users over 60s 2-25,text,true,,10561,459,38,38,http://localhost:5000/api/patients/41,9458,0,0
1784906744428,101,01 POST /api/auth/login,200,OK,Moderate Load - 50 users over 60s 2-38,text,true,,1469,326,38,38,http://localhost:5000/api/auth/login,101,0,1
1784906743361,1176,07 GET /api/patients?search= (name search),200,OK,Moderate Load - 50 users over 60s 2-20,text,true,,1129,482,38,38,http://localhost:5000/api/patients?search=qs&page=1&limit=20,1176,0,0
1784906743284,1295,09 GET /api/appointments (day view),200,OK,Moderate Load - 50 users over 60s 2-26,text,true,,1775,460,38,38,http://localhost:5000/api/appointments,1294,0,0
1784906743594,998,07 GET /api/patients?search= (name search),200,OK,Moderate Load - 50 users over 60s 2-1,text,true,,1129,482,38,38,http://localhost:5000/api/patients?search=op&page=1&limit=20,998,0,0
1784906744031,585,06 GET /api/patients (paginated list),200,OK,Moderate Load - 50 users over 60s 2-21,text,true,,9964,473,38,38,http://localhost:5000/api/patients?page=29&limit=20,585,0,0
1784906744622,2,04 GET /assets/index.css,200,OK,Moderate Load - 50 users over 60s 2-23,text,true,,49971,460,38,38,http://localhost:5000/assets/index.css,2,0,0
1784906744328,488,06 GET /api/patients (paginated list),200,OK,Moderate Load - 50 users over 60s 2-13,text,true,,10180,473,38,38,http://localhost:5000/api/patients?page=11&limit=20,488,0,0
1784906744858,1,04 GET /assets/index.css,200,OK,Moderate Load - 50 users over 60s 2-37,text,true,,49971,460,38,38,http://localhost:5000/assets/index.css,1,0,0
1784906743858,1120,07 GET /api/patients?search= (name search),200,OK,Moderate Load - 50 users over 60s 2-3,text,true,,10100,482,38,38,http://localhost:5000/api/patients?search=ok&page=1&limit=20,1120,0,0
1784906736985,8002,08 GET /api/patients/{id} (record with history),200,OK,Moderate Load - 50 users over 60s 2-27,text,true,,8692,459,38,38,http://localhost:5000/api/patients/35,8002,0,0
1784906744455,581,06 GET /api/patients (paginated list),200,OK,Moderate Load - 50 users over 60s 2-22,text,true,,9969,473,38,38,http://localhost:5000/api/patients?page=41&limit=20,581,0,0
1784906745041,5,02 GET / (index.html),200,OK,Moderate Load - 50 users over 60s 2-38,text,true,,1778,444,38,38,http://localhost:5000/,5,0,0
1784906735177,9902,08 GET /api/patients/{id} (record with history),200,OK,Moderate Load - 50 users over 60s 2-5,text,true,,10539,458,38,38,http://localhost:5000/api/patients/9,9902,0,0
1784906743393,1691,05 GET /api/dashboard/stats,200,OK,Moderate Load - 50 users over 60s 2-4,text,true,,1188,463,38,38,http://localhost:5000/api/dashboard/stats,1691,0,0
1784906745088,104,01 POST /api/auth/login,200,OK,Moderate Load - 50 users over 60s 2-26,text,true,,1469,543,39,39,http://localhost:5000/api/auth/login,104,0,0
1784906744654,549,06 GET /api/patients (paginated list),200,OK,Moderate Load - 50 users over 60s 2-35,text,true,,9905,473,39,39,http://localhost:5000/api/patients?page=19&limit=20,549,0,0
1784906744810,483,06 GET /api/patients (paginated list),200,OK,Moderate Load - 50 users over 60s 2-12,text,true,,10079,473,39,39,http://localhost:5000/api/patients?page=36&limit=20,483,0,0
1784906744404,950,07 GET /api/patients?search= (name search),200,OK,Moderate Load - 50 users over 60s 2-34,text,true,,1129,482,39,39,http://localhost:5000/api/patients?search=qt&page=1&limit=20,950,0,0
1784906744157,1333,05 GET /api/dashboard/stats,200,OK,Moderate Load - 50 users over 60s 2-36,text,true,,1188,463,39,39,http://localhost:5000/api/dashboard/stats,1333,0,0
1784906745555,4,03 GET /assets/index.js (main bundle),200,OK,Moderate Load - 50 users over 60s 2-38,text,true,,488575,459,39,39,http://localhost:5000/assets/index.js,3,0,0
1784906745625,129,01 POST /api/auth/login,200,OK,Moderate Load - 50 users over 60s 2-39,text,true,,1469,326,39,39,http://localhost:5000/api/auth/login,129,0,1
1784906735458,10298,08 GET /api/patients/{id} (record with history),200,OK,Moderate Load - 50 users over 60s 2-16,text,true,,10547,458,39,39,http://localhost:5000/api/patients/5,10298,0,0
1784906745697,65,02 GET / (index.html),200,OK,Moderate Load - 50 users over 60s 2-26,text,true,,1778,444,39,39,http://localhost:5000/,65,0,0
1784906744439,1329,09 GET /api/appointments (day view),200,OK,Moderate Load - 50 users over 60s 2-24,text,true,,1775,460,39,39,http://localhost:5000/api/appointments,1329,0,0
1784906744889,1127,09 GET /api/appointments (day view),200,OK,Moderate Load - 50 users over 60s 2-25,text,true,,1775,460,39,39,http://localhost:5000/api/appointments,1127,0,0
1784906746072,2,04 GET /assets/index.css,200,OK,Moderate Load - 50 users over 60s 2-38,text,true,,49971,460,39,39,http://localhost:5000/assets/index.css,2,0,0
1784906745119,1100,07 GET /api/patients?search= (name search),200,OK,Moderate Load - 50 users over 60s 2-21,text,true,,1129,482,39,39,http://localhost:5000/api/patients?search=wn&page=1&limit=20,1100,0,0
1784906745322,936,07 GET /api/patients?search= (name search),200,OK,Moderate Load - 50 users over 60s 2-13,text,true,,1129,482,39,39,http://localhost:5000/api/patients?search=ut&page=1&limit=20,936,0,0
1784906746260,4,02 GET / (index.html),200,OK,Moderate Load - 50 users over 60s 2-39,text,true,,1778,444,39,39,http://localhost:5000/,4,0,0
1784906746275,100,01 POST /api/auth/login,200,OK,Moderate Load - 50 users over 60s 2-24,text,true,,1469,543,40,40,http://localhost:5000/api/auth/login,100,0,0
1784906745587,792,06 GET /api/patients (paginated list),200,OK,Moderate Load - 50 users over 60s 2-4,text,true,,10009,473,40,40,http://localhost:5000/api/patients?page=12&limit=20,791,0,0
1784906746275,124,03 GET /assets/index.js (main bundle),200,OK,Moderate Load - 50 users over 60s 2-26,text,true,,488575,459,40,40,http://localhost:5000/assets/index.js,101,0,0
1784906734342,12131,08 GET /api/patients/{id} (record with history),200,OK,Moderate Load - 50 users over 60s 2-15,text,true,,12370,459,40,40,http://localhost:5000/api/patients/21,12131,0,0
1784906746518,98,01 POST /api/auth/login,200,OK,Moderate Load - 50 users over 60s 2-25,text,true,,1469,543,40,40,http://localhost:5000/api/auth/login,98,0,0
1784906744873,1751,05 GET /api/dashboard/stats,200,OK,Moderate Load - 50 users over 60s 2-14,text,true,,1188,463,40,40,http://localhost:5000/api/dashboard/stats,1751,0,0
1784906745540,1087,07 GET /api/patients?search= (name search),200,OK,Moderate Load - 50 users over 60s 2-22,text,true,,1129,482,40,40,http://localhost:5000/api/patients?search=dm&page=1&limit=20,1087,0,0
1784906745996,673,06 GET /api/patients (paginated list),200,OK,Moderate Load - 50 users over 60s 2-36,text,true,,10009,473,40,40,http://localhost:5000/api/patients?page=12&limit=20,673,0,0
1784906746765,2,03 GET /assets/index.js (main bundle),200,OK,Moderate Load - 50 users over 60s 2-39,text,true,,488575,459,40,40,http://localhost:5000/assets/index.js,1,0,0
1784906745587,1205,09 GET /api/appointments (day view),200,OK,Moderate Load - 50 users over 60s 2-5,text,true,,1775,460,40,40,http://localhost:5000/api/appointments,1204,0,0
1784906745713,1093,07 GET /api/patients?search= (name search),200,OK,Moderate Load - 50 users over 60s 2-35,text,true,,1129,482,40,40,http://localhost:5000/api/patients?search=wr&page=1&limit=20,1093,0,0
1784906746819,104,01 POST /api/auth/login,200,OK,Moderate Load - 50 users over 60s 2-40,text,true,,1469,326,40,40,http://localhost:5000/api/auth/login,104,0,1
1784906745796,1132,07 GET /api/patients?search= (name search),200,OK,Moderate Load - 50 users over 60s 2-12,text,true,,1129,482,40,40,http://localhost:5000/api/patients?search=gz&page=1&limit=20,1132,0,0
1784906745135,1794,05 GET /api/dashboard/stats,200,OK,Moderate Load - 50 users over 60s 2-23,text,true,,1188,463,40,40,http://localhost:5000/api/dashboard/stats,1794,0,0
1784906745493,1438,09 GET /api/appointments (day view),200,OK,Moderate Load - 50 users over 60s 2-27,text,true,,1775,460,40,40,http://localhost:5000/api/appointments,1438,0,0
1784906746879,57,02 GET / (index.html),200,OK,Moderate Load - 50 users over 60s 2-24,text,true,,1778,444,40,40,http://localhost:5000/,57,0,0
1784906746910,26,04 GET /assets/index.css,200,OK,Moderate Load - 50 users over 60s 2-26,text,true,,49971,460,40,40,http://localhost:5000/assets/index.css,26,0,0
1784906747130,7,02 GET / (index.html),200,OK,Moderate Load - 50 users over 60s 2-25,text,true,,1778,444,40,40,http://localhost:5000/,7,0,0
1784906747270,2,04 GET /assets/index.css,200,OK,Moderate Load - 50 users over 60s 2-39,text,true,,49971,460,40,40,http://localhost:5000/assets/index.css,2,0,0
1784906747301,97,01 POST /api/auth/login,200,OK,Moderate Load - 50 users over 60s 2-5,text,true,,1469,543,40,40,http://localhost:5000/api/auth/login,97,0,0
1784906745368,2034,05 GET /api/dashboard/stats,200,OK,Moderate Load - 50 users over 60s 2-37,text,true,,1188,463,40,40,http://localhost:5000/api/dashboard/stats,2034,0,0
1784906747425,2,02 GET / (index.html),200,OK,Moderate Load - 50 users over 60s 2-40,text,true,,1778,444,40,40,http://localhost:5000/,2,0,0
1784906747432,104,01 POST /api/auth/login,200,OK,Moderate Load - 50 users over 60s 2-27,text,true,,1469,543,41,41,http://localhost:5000/api/auth/login,104,0,0
1784906746260,1338,09 GET /api/appointments (day view),200,OK,Moderate Load - 50 users over 60s 2-16,text,true,,1775,460,41,41,http://localhost:5000/api/appointments,1338,0,0
1784906747438,161,03 GET /assets/index.js (main bundle),200,OK,Moderate Load - 50 users over 60s 2-24,text,true,,488575,459,41,41,http://localhost:5000/assets/index.js,128,0,0
1784906747639,3,03 GET /assets/index.js (main bundle),200,OK,Moderate Load - 50 users over 60s 2-25,text,true,,488575,459,41,41,http://localhost:5000/assets/index.js,3,0,0
1784906747130,556,06 GET /api/patients (paginated list),200,OK,Moderate Load - 50 users over 60s 2-14,text,true,,10122,473,41,41,http://localhost:5000/api/patients?page=32&limit=20,556,0,0
1784906746881,965,07 GET /api/patients?search= (name search),200,OK,Moderate Load - 50 users over 60s 2-4,text,true,,1129,482,41,41,http://localhost:5000/api/patients?search=ph&page=1&limit=20,965,0,0
1784906747430,432,06 GET /api/patients (paginated list),200,OK,Moderate Load - 50 users over 60s 2-23,text,true,,9980,473,41,41,http://localhost:5000/api/patients?page=44&limit=20,432,0,0
1784906747898,2,02 GET / (index.html),200,OK,Moderate Load - 50 users over 60s 2-5,text,true,,1778,444,41,41,http://localhost:5000/,2,0,0
1784906747929,3,03 GET /assets/index.js (main bundle),200,OK,Moderate Load - 50 users over 60s 2-40,text,true,,488575,459,41,41,http://localhost:5000/assets/index.js,2,0,0
1784906747177,822,07 GET /api/patients?search= (name search),200,OK,Moderate Load - 50 users over 60s 2-36,text,true,,1129,482,41,41,http://localhost:5000/api/patients?search=uj&page=1&limit=20,822,0,0
1784906748022,102,01 POST /api/auth/login,200,OK,Moderate Load - 50 users over 60s 2-41,text,true,,1469,326,41,41,http://localhost:5000/api/auth/login,102,0,1
1784906748050,88,02 GET / (index.html),200,OK,Moderate Load - 50 users over 60s 2-27,text,true,,1778,444,41,41,http://localhost:5000/,88,0,0
1784906748113,25,04 GET /assets/index.css,200,OK,Moderate Load - 50 users over 60s 2-24,text,true,,49971,460,41,41,http://localhost:5000/assets/index.css,25,0,0
1784906748144,3,04 GET /assets/index.css,200,OK,Moderate Load - 50 users over 60s 2-25,text,true,,49971,460,41,41,http://localhost:5000/assets/index.css,3,0,0
1784906738794,9390,08 GET /api/patients/{id} (record with history),200,OK,Moderate Load - 50 users over 60s 2-17,text,true,,9360,459,41,41,http://localhost:5000/api/patients/39,9390,0,0
1784906746973,1231,09 GET /api/appointments (day view),200,OK,Moderate Load - 50 users over 60s 2-15,text,true,,1775,460,41,41,http://localhost:5000/api/appointments,1230,0,0
1784906746576,1759,05 GET /api/dashboard/stats,200,OK,Moderate Load - 50 users over 60s 2-38,text,true,,1188,463,41,41,http://localhost:5000/api/dashboard/stats,1759,0,0
1784906747904,497,06 GET /api/patients (paginated list),200,OK,Moderate Load - 50 users over 60s 2-37,text,true,,10066,473,41,41,http://localhost:5000/api/patients?page=46&limit=20,496,0,0
1784906748401,4,03 GET /assets/index.js (main bundle),200,OK,Moderate Load - 50 users over 60s 2-5,text,true,,488575,459,41,41,http://localhost:5000/assets/index.js,2,0,0
1784906748432,2,04 GET /assets/index.css,200,OK,Moderate Load - 50 users over 60s 2-40,text,true,,49971,460,41,41,http://localhost:5000/assets/index.css,2,0,0
1784906748626,1,02 GET / (index.html),200,OK,Moderate Load - 50 users over 60s 2-41,text,true,,1778,444,41,41,http://localhost:5000/,1,0,0
1784906748639,5,03 GET /assets/index.js (main bundle),200,OK,Moderate Load - 50 users over 60s 2-27,text,true,,488575,459,41,41,http://localhost:5000/assets/index.js,2,0,0
1784906748706,105,01 POST /api/auth/login,200,OK,Moderate Load - 50 users over 60s 2-15,text,true,,1469,543,42,42,http://localhost:5000/api/auth/login,105,0,0
1784906748906,3,04 GET /assets/index.css,200,OK,Moderate Load - 50 users over 60s 2-5,text,true,,49971,460,42,42,http://localhost:5000/assets/index.css,3,0,0
1784906737464,11513,08 GET /api/patients/{id} (record with history),200,OK,Moderate Load - 50 users over 60s 2-9,text,true,,11155,459,42,42,http://localhost:5000/api/patients/30,11513,0,0
1784906747772,1261,05 GET /api/dashboard/stats,200,OK,Moderate Load - 50 users over 60s 2-39,text,true,,1188,463,42,42,http://localhost:5000/api/dashboard/stats,1261,0,0
1784906742656,6447,10 POST /api/ai/pre-appointment/{id},200,OK,Moderate Load - 50 users over 60s 2-2,text,true,,2518,490,42,42,http://localhost:5000/api/ai/pre-appointment/405,6447,0,0
1784906749128,3,03 GET /assets/index.js (main bundle),200,OK,Moderate Load - 50 users over 60s 2-41,text,true,,488575,459,42,42,http://localhost:5000/assets/index.js,2,0,0
1784906749145,3,04 GET /assets/index.css,200,OK,Moderate Load - 50 users over 60s 2-27,text,true,,49971,460,42,42,http://localhost:5000/assets/index.css,3,0,0
1784906749223,118,01 POST /api/auth/login,200,OK,Moderate Load - 50 users over 60s 2-42,text,true,,1469,326,42,42,http://localhost:5000/api/auth/login,118,0,1
1784906748363,981,07 GET /api/patients?search= (name search),200,OK,Moderate Load - 50 users over 60s 2-23,text,true,,1129,482,42,42,http://localhost:5000/api/patients?search=ry&page=1&limit=20,981,0,0
1784906749325,32,02 GET / (index.html),200,OK,Moderate Load - 50 users over 60s 2-15,text,true,,1778,444,42,42,http://localhost:5000/,32,0,0
1784906748836,554,06 GET /api/patients (paginated list),200,OK,Moderate Load - 50 users over 60s 2-38,text,true,,9818,472,42,42,http://localhost:5000/api/patients?page=4&limit=20,554,0,0
1784906748191,1201,07 GET /api/patients?search= (name search),200,OK,Moderate Load - 50 users over 60s 2-14,text,true,,10337,482,42,42,http://localhost:5000/api/patients?search=la&page=1&limit=20,1201,0,0
1784906747438,2008,05 GET /api/dashboard/stats,200,OK,Moderate Load - 50 users over 60s 2-26,text,true,,1188,463,42,42,http://localhost:5000/api/dashboard/stats,2008,0,0
1784906749604,104,01 POST /api/auth/login,200,OK,Moderate Load - 50 users over 60s 2-2,text,true,,1469,543,42,42,http://localhost:5000/api/auth/login,104,0,0
1784906749635,89,04 GET /assets/index.css,200,OK,Moderate Load - 50 users over 60s 2-41,text,true,,49971,460,42,42,http://localhost:5000/assets/index.css,89,0,0
1784906749850,4,02 GET / (index.html),200,OK,Moderate Load - 50 users over 60s 2-42,text,true,,1778,444,42,42,http://localhost:5000/,4,0,0
1784906749865,3,03 GET /assets/index.js (main bundle),200,OK,Moderate Load - 50 users over 60s 2-15,text,true,,488575,459,42,42,http://localhost:5000/assets/index.js,2,0,0
1784906748684,1489,09 GET /api/appointments (day view),200,OK,Moderate Load - 50 users over 60s 2-17,text,true,,1775,460,43,43,http://localhost:5000/api/appointments,1489,0,0
1784906749542,659,06 GET /api/patients (paginated list),200,OK,Moderate Load - 50 users over 60s 2-39,text,true,,10137,473,43,43,http://localhost:5000/api/patients?page=35&limit=20,659,0,0
1784906750223,2,02 GET / (index.html),200,OK,Moderate Load - 50 users over 60s 2-2,text,true,,1778,444,43,43,http://localhost:5000/,2,0,0
1784906748903,1397,07 GET /api/patients?search= (name search),200,OK,Moderate Load - 50 users over 60s 2-37,text,true,,1129,482,43,43,http://localhost:5000/api/patients?search=zr&page=1&limit=20,1397,0,0
1784906750363,3,03 GET /assets/index.js (main bundle),200,OK,Moderate Load - 50 users over 60s 2-42,text,true,,488575,459,43,43,http://localhost:5000/assets/index.js,2,0,0
1784906750370,1,04 GET /assets/index.css,200,OK,Moderate Load - 50 users over 60s 2-15,text,true,,49971,460,43,43,http://localhost:5000/assets/index.css,1,0,0
1784906750416,110,01 POST /api/auth/login,200,OK,Moderate Load - 50 users over 60s 2-43,text,true,,1469,326,43,43,http://localhost:5000/api/auth/login,110,0,1
1784906750677,102,01 POST /api/auth/login,200,OK,Moderate Load - 50 users over 60s 2-17,text,true,,1469,543,43,43,http://localhost:5000/api/auth/login,102,0,0
1784906748640,2147,05 GET /api/dashboard/stats,200,OK,Moderate Load - 50 users over 60s 2-24,text,true,,1188,463,43,43,http://localhost:5000/api/dashboard/stats,2147,0,0
1784906749418,1370,05 GET /api/dashboard/stats,200,OK,Moderate Load - 50 users over 60s 2-5,text,true,,1188,463,43,43,http://localhost:5000/api/dashboard/stats,1370,0,0
1784906749957,833,06 GET /api/patients (paginated list),200,OK,Moderate Load - 50 users over 60s 2-26,text,true,,9905,473,43,43,http://localhost:5000/api/patients?page=19&limit=20,833,0,0
1784906750739,56,03 GET /assets/index.js (main bundle),200,OK,Moderate Load - 50 users over 60s 2-2,text,true,,488575,459,43,43,http://localhost:5000/assets/index.js,55,0,0
1784906748647,2160,05 GET /api/dashboard/stats,200,OK,Moderate Load - 50 users over 60s 2-25,text,true,,1188,463,43,43,http://localhost:5000/api/dashboard/stats,2160,0,0
1784906750879,3,04 GET /assets/index.css,200,OK,Moderate Load - 50 users over 60s 2-42,text,true,,49971,460,43,43,http://localhost:5000/assets/index.css,3,0,0
1784906737980,12958,08 GET /api/patients/{id} (record with history),200,OK,Moderate Load - 50 users over 60s 2-7,text,true,,12281,459,43,43,http://localhost:5000/api/patients/40,12958,0,0
1784906749479,1461,09 GET /api/appointments (day view),200,OK,Moderate Load - 50 users over 60s 2-9,text,true,,1775,460,43,43,http://localhost:5000/api/appointments,1461,0,0
1784906751036,2,02 GET / (index.html),200,OK,Moderate Load - 50 users over 60s 2-43,text,true,,1778,444,43,43,http://localhost:5000/,2,0,0
1784906749650,1509,05 GET /api/dashboard/stats,200,OK,Moderate Load - 50 users over 60s 2-27,text,true,,1188,463,44,44,http://localhost:5000/api/dashboard/stats,1509,0,0
1784906751285,2,02 GET / (index.html),200,OK,Moderate Load - 50 users over 60s 2-17,text,true,,1778,444,44,44,http://localhost:5000/,2,0,0
1784906751301,8,04 GET /assets/index.css,200,OK,Moderate Load - 50 users over 60s 2-2,text,true,,49971,460,44,44,http://localhost:5000/assets/index.css,8,0,0
1784906749897,1502,07 GET /api/patients?search= (name search),200,OK,Moderate Load - 50 users over 60s 2-38,text,true,,1129,482,44,44,http://localhost:5000/api/patients?search=tw&page=1&limit=20,1502,0,0
1784906739229,12202,08 GET /api/patients/{id} (record with history),200,OK,Moderate Load - 50 users over 60s 2-6,text,true,,11161,459,44,44,http://localhost:5000/api/patients/33,12202,0,0
1784906751442,103,01 POST /api/auth/login,200,OK,Moderate Load - 50 users over 60s 2-9,text,true,,1469,543,44,44,http://localhost:5000/api/auth/login,103,0,0
1784906748934,2612,05 GET /api/dashboard/stats,200,OK,Moderate Load - 50 users over 60s 2-40,text,true,,1188,463,44,44,http://localhost:5000/api/dashboard/stats,2612,0,0
1784906751541,54,03 GET /assets/index.js (main bundle),200,OK,Moderate Load - 50 users over 60s 2-43,text,true,,488575,459,44,44,http://localhost:5000/assets/index.js,23,0,0
1784906751617,103,01 POST /api/auth/login,200,OK,Moderate Load - 50 users over 60s 2-44,text,true,,1469,326,44,44,http://localhost:5000/api/auth/login,103,0,1
1784906738871,12870,08 GET /api/patients/{id} (record with history),200,OK,Moderate Load - 50 users over 60s 2-28,text,true,,11760,459,44,44,http://localhost:5000/api/patients/14,12870,0,0
1784906751798,3,03 GET /assets/index.js (main bundle),200,OK,Moderate Load - 50 users over 60s 2-17,text,true,,488575,459,44,44,http://localhost:5000/assets/index.js,2,0,0
1784906751316,520,06 GET /api/patients (paginated list),200,OK,Moderate Load - 50 users over 60s 2-25,text,true,,9938,473,44,44,http://localhost:5000/api/patients?page=26&limit=20,520,0,0
1784906751301,585,06 GET /api/patients (paginated list),200,OK,Moderate Load - 50 users over 60s 2-5,text,true,,10119,473,44,44,http://localhost:5000/api/patients?page=50&limit=20,585,0,0
1784906751301,614,06 GET /api/patients (paginated list),200,OK,Moderate Load - 50 users over 60s 2-24,text,true,,10080,473,44,44,http://localhost:5000/api/patients?page=31&limit=20,614,0,0
1784906750708,1216,07 GET /api/patients?search= (name search),200,OK,Moderate Load - 50 users over 60s 2-39,text,true,,1129,482,44,44,http://localhost:5000/api/patients?search=qo&page=1&limit=20,1216,0,0
1784906752046,1,02 GET / (index.html),200,OK,Moderate Load - 50 users over 60s 2-9,text,true,,1778,444,44,44,http://localhost:5000/,1,0,0
1784906752107,1,04 GET /assets/index.css,200,OK,Moderate Load - 50 users over 60s 2-43,text,true,,49971,460,44,44,http://localhost:5000/assets/index.css,1,0,0
1784906752232,2,02 GET / (index.html),200,OK,Moderate Load - 50 users over 60s 2-44,text,true,,1778,444,44,44,http://localhost:5000/,2,0,0
1784906752308,2,04 GET /assets/index.css,200,OK,Moderate Load - 50 users over 60s 2-17,text,true,,49971,460,45,45,http://localhost:5000/assets/index.css,2,0,0
1784906751673,653,06 GET /api/patients (paginated list),200,OK,Moderate Load - 50 users over 60s 2-27,text,true,,10079,473,45,45,http://localhost:5000/api/patients?page=36&limit=20,653,0,0
1784906750238,2149,05 GET /api/dashboard/stats,200,OK,Moderate Load - 50 users over 60s 2-41,text,true,,1188,463,45,45,http://localhost:5000/api/dashboard/stats,2149,0,0
1784906752549,3,03 GET /assets/index.js (main bundle),200,OK,Moderate Load - 50 users over 60s 2-9,text,true,,488575,459,45,45,http://localhost:5000/assets/index.js,2,0,0
1784906751301,1254,07 GET /api/patients?search= (name search),200,OK,Moderate Load - 50 users over 60s 2-26,text,true,,10056,482,45,45,http://localhost:5000/api/patients?search=ta&page=1&limit=20,1254,0,0
1784906752049,602,06 GET /api/patients (paginated list),200,OK,Moderate Load - 50 users over 60s 2-40,text,true,,10302,473,45,45,http://localhost:5000/api/patients?page=16&limit=20,602,0,0
1784906752734,3,03 GET /assets/index.js (main bundle),200,OK,Moderate Load - 50 users over 60s 2-44,text,true,,488575,459,45,45,http://localhost:5000/assets/index.js,2,0,0
1784906752830,113,01 POST /api/auth/login,200,OK,Moderate Load - 50 users over 60s 2-45,text,true,,1469,326,45,45,http://localhost:5000/api/auth/login,113,0,1
1784906740515,12436,08 GET /api/patients/{id} (record with history),200,OK,Moderate Load - 50 users over 60s 2-10,text,true,,10547,458,45,45,http://localhost:5000/api/patients/5,12436,0,0
1784906750879,2157,05 GET /api/dashboard/stats,200,OK,Moderate Load - 50 users over 60s 2-15,text,true,,1188,463,45,45,http://localhost:5000/api/dashboard/stats,2157,0,0
1784906753058,3,04 GET /assets/index.css,200,OK,Moderate Load - 50 users over 60s 2-9,text,true,,49971,460,45,45,http://localhost:5000/assets/index.css,3,0,0
1784906751439,1629,09 GET /api/appointments (day view),200,OK,Moderate Load - 50 users over 60s 2-7,text,true,,1775,460,45,45,http://localhost:5000/api/appointments,1629,0,0
1784906753244,2,04 GET /assets/index.css,200,OK,Moderate Load - 50 users over 60s 2-44,text,true,,49971,460,45,45,http://localhost:5000/assets/index.css,2,0,0
1784906751813,1447,05 GET /api/dashboard/stats,200,OK,Moderate Load - 50 users over 60s 2-2,text,true,,1188,463,45,45,http://localhost:5000/api/dashboard/stats,1447,0,0
1784906748113,5301,10 POST /api/ai/pre-appointment/{id},200,OK,Moderate Load - 50 users over 60s 2-16,text,true,,2302,490,45,45,http://localhost:5000/api/ai/pre-appointment/157,5301,0,0
1784906752416,1027,07 GET /api/patients?search= (name search),200,OK,Moderate Load - 50 users over 60s 2-24,text,true,,1129,482,45,45,http://localhost:5000/api/patients?search=fp&page=1&limit=20,1027,0,0
1784906753444,2,02 GET / (index.html),200,OK,Moderate Load - 50 users over 60s 2-45,text,true,,1778,444,45,45,http://localhost:5000/,2,0,0
1784906751384,2137,05 GET /api/dashboard/stats,200,OK,Moderate Load - 50 users over 60s 2-42,text,true,,1188,463,46,46,http://localhost:5000/api/dashboard/stats,2137,0,0
1784906753570,112,01 POST /api/auth/login,200,OK,Moderate Load - 50 users over 60s 2-7,text,true,,1469,543,46,46,http://localhost:5000/api/auth/login,112,0,0
1784906739532,14155,08 GET /api/patients/{id} (record with history),200,OK,Moderate Load - 50 users over 60s 2-8,text,true,,12316,459,46,46,http://localhost:5000/api/patients/34,14155,0,0
1784906751937,1753,09 GET /api/appointments (day view),200,OK,Moderate Load - 50 users over 60s 2-6,text,true,,1775,460,46,46,http://localhost:5000/api/appointments,1753,0,0
1784906752247,1455,09 GET /api/appointments (day view),200,OK,Moderate Load - 50 users over 60s 2-28,text,true,,1775,460,46,46,http://localhost:5000/api/appointments,1455,0,0
1784906752888,850,06 GET /api/patients (paginated list),200,OK,Moderate Load - 50 users over 60s 2-41,text,true,,10045,473,46,46,http://localhost:5000/api/patients?page=21&limit=20,850,0,0
1784906752340,1470,07 GET /api/patients?search= (name search),200,OK,Moderate Load - 50 users over 60s 2-25,text,true,,10056,482,46,46,http://localhost:5000/api/patients?search=ta&page=1&limit=20,1470,0,0
1784906752388,1487,07 GET /api/patients?search= (name search),200,OK,Moderate Load - 50 users over 60s 2-5,text,true,,1129,482,46,46,http://localhost:5000/api/patients?search=cn&page=1&limit=20,1487,0,0
1784906753916,88,01 POST /api/auth/login,200,OK,Moderate Load - 50 users over 60s 2-16,text,true,,1469,543,46,46,http://localhost:5000/api/auth/login,88,0,0
1784906739526,14480,08 GET /api/patients/{id} (record with history),200,OK,Moderate Load - 50 users over 60s 2-29,text,true,,12416,459,46,46,http://localhost:5000/api/patients/10,14480,0,0
1784906753947,64,03 GET /assets/index.js (main bundle),200,OK,Moderate Load - 50 users over 60s 2-45,text,true,,488575,459,46,46,http://localhost:5000/assets/index.js,63,0,0
1784906752609,1530,05 GET /api/dashboard/stats,200,OK,Moderate Load - 50 users over 60s 2-43,text,true,,1188,463,46,46,http://localhost:5000/api/dashboard/stats,1530,0,0
1784906754030,112,01 POST /api/auth/login,200,OK,Moderate Load - 50 users over 60s 2-46,text,true,,1469,326,46,46,http://localhost:5000/api/auth/login,112,0,1
1784906752840,1340,07 GET /api/patients?search= (name search),200,OK,Moderate Load - 50 users over 60s 2-27,text,true,,1129,482,46,46,http://localhost:5000/api/patients?search=fl&page=1&limit=20,1340,0,0
1784906753166,1016,07 GET /api/patients?search= (name search),200,OK,Moderate Load - 50 users over 60s 2-40,text,true,,1129,482,46,46,http://localhost:5000/api/patients?search=hq&page=1&limit=20,1016,0,0
1784906754192,101,01 POST /api/auth/login,200,OK,Moderate Load - 50 users over 60s 2-6,text,true,,1469,543,46,46,http://localhost:5000/api/auth/login,101,0,0
1784906754192,214,02 GET / (index.html),200,OK,Moderate Load - 50 users over 60s 2-7,text,true,,1778,444,46,46,http://localhost:5000/,214,0,0
1784906753761,651,06 GET /api/patients (paginated list),200,OK,Moderate Load - 50 users over 60s 2-2,text,true,,9951,472,46,46,http://localhost:5000/api/patients?page=3&limit=20,651,0,0
1784906753538,877,06 GET /api/patients (paginated list),200,OK,Moderate Load - 50 users over 60s 2-15,text,true,,9969,473,46,46,http://localhost:5000/api/patients?page=41&limit=20,877,0,0
1784906754208,215,01 POST /api/auth/login,200,OK,Moderate Load - 50 users over 60s 2-28,text,true,,1469,543,46,46,http://localhost:5000/api/auth/login,215,0,0
1784906754505,3,02 GET / (index.html),200,OK,Moderate Load - 50 users over 60s 2-16,text,true,,1778,444,46,46,http://localhost:5000/,3,0,0
1784906754512,1,04 GET /assets/index.css,200,OK,Moderate Load - 50 users over 60s 2-45,text,true,,49971,460,46,46,http://localhost:5000/assets/index.css,1,0,0
1784906754036,591,06 GET /api/patients (paginated list),200,OK,Moderate Load - 50 users over 60s 2-42,text,true,,9991,473,46,46,http://localhost:5000/api/patients?page=42&limit=20,591,0,0
1784906754643,1,02 GET / (index.html),200,OK,Moderate Load - 50 users over 60s 2-46,text,true,,1778,444,46,46,http://localhost:5000/,1,0,0
1784906754794,2,02 GET / (index.html),200,OK,Moderate Load - 50 users over 60s 2-6,text,true,,1778,444,47,47,http://localhost:5000/,2,0,0
1784906754908,3,03 GET /assets/index.js (main bundle),200,OK,Moderate Load - 50 users over 60s 2-7,text,true,,488575,459,47,47,http://localhost:5000/assets/index.js,2,0,0
1784906752824,2096,05 GET /api/dashboard/stats,200,OK,Moderate Load - 50 users over 60s 2-17,text,true,,1188,463,47,47,http://localhost:5000/api/dashboard/stats,2096,0,0
1784906754926,2,02 GET / (index.html),200,OK,Moderate Load - 50 users over 60s 2-28,text,true,,1778,444,47,47,http://localhost:5000/,1,0,0
1784906753562,1444,05 GET /api/dashboard/stats,200,OK,Moderate Load - 50 users over 60s 2-9,text,true,,1188,463,47,47,http://localhost:5000/api/dashboard/stats,1444,0,0
1784906755008,3,03 GET /assets/index.js (main bundle),200,OK,Moderate Load - 50 users over 60s 2-16,text,true,,488575,459,47,47,http://localhost:5000/assets/index.js,2,0,0
1784906753452,1601,09 GET /api/appointments (day view),200,OK,Moderate Load - 50 users over 60s 2-10,text,true,,1775,460,47,47,http://localhost:5000/api/appointments,1601,0,0
1784906755147,3,03 GET /assets/index.js (main bundle),200,OK,Moderate Load - 50 users over 60s 2-46,text,true,,488575,459,47,47,http://localhost:5000/assets/index.js,2,0,0
1784906755230,105,01 POST /api/auth/login,200,OK,Moderate Load - 50 users over 60s 2-47,text,true,,1469,326,47,47,http://localhost:5000/api/auth/login,105,0,1
1784906755301,81,03 GET /assets/index.js (main bundle),200,OK,Moderate Load - 50 users over 60s 2-6,text,true,,488575,459,47,47,http://localhost:5000/assets/index.js,46,0,0
1784906755426,4,04 GET /assets/index.css,200,OK,Moderate Load - 50 users over 60s 2-7,text,true,,49971,460,47,47,http://localhost:5000/assets/index.css,4,0,0
1784906754640,799,06 GET /api/patients (paginated list),200,OK,Moderate Load - 50 users over 60s 2-43,text,true,,10091,473,47,47,http://localhost:5000/api/patients?page=13&limit=20,799,0,0
1784906755441,3,03 GET /assets/index.js (main bundle),200,OK,Moderate Load - 50 users over 60s 2-28,text,true,,488575,459,47,47,http://localhost:5000/assets/index.js,2,0,0
1784906753747,1725,05 GET /api/dashboard/stats,200,OK,Moderate Load - 50 users over 60s 2-44,text,true,,1188,463,47,47,http://localhost:5000/api/dashboard/stats,1725,0,0
1784906754240,1274,07 GET /api/patients?search= (name search),200,OK,Moderate Load - 50 users over 60s 2-41,text,true,,1129,482,47,47,http://localhost:5000/api/patients?search=zj&page=1&limit=20,1274,0,0
1784906755521,2,04 GET /assets/index.css,200,OK,Moderate Load - 50 users over 60s 2-16,text,true,,49971,460,47,47,http://localhost:5000/assets/index.css,2,0,0
1784906755660,2,04 GET /assets/index.css,200,OK,Moderate Load - 50 users over 60s 2-46,text,true,,49971,460,47,47,http://localhost:5000/assets/index.css,2,0,0
1784906755845,2,02 GET / (index.html),200,OK,Moderate Load - 50 users over 60s 2-47,text,true,,1778,444,47,47,http://localhost:5000/,1,0,0
1784906755891,2,04 GET /assets/index.css,200,OK,Moderate Load - 50 users over 60s 2-6,text,true,,49971,460,47,47,http://localhost:5000/assets/index.css,2,0,0
1784906754192,1723,09 GET /api/appointments (day view),200,OK,Moderate Load - 50 users over 60s 2-8,text,true,,1775,460,48,48,http://localhost:5000/api/appointments,1723,0,0
1784906755953,4,04 GET /assets/index.css,200,OK,Moderate Load - 50 users over 60s 2-28,text,true,,49971,460,48,48,http://localhost:5000/assets/index.css,4,0,0
1784906755426,642,06 GET /api/patients (paginated list),200,OK,Moderate Load - 50 users over 60s 2-17,text,true,,10032,473,48,48,http://localhost:5000/api/patients?page=49&limit=20,642,0,0
1784906754508,1567,09 GET /api/appointments (day view),200,OK,Moderate Load - 50 users over 60s 2-29,text,true,,1775,460,48,48,http://localhost:5000/api/appointments,1567,0,0
1784906755508,695,06 GET /api/patients (paginated list),200,OK,Moderate Load - 50 users over 60s 2-9,text,true,,9905,473,48,48,http://localhost:5000/api/patients?page=19&limit=20,695,0,0
1784906754915,1299,07 GET /api/patients?search= (name search),200,OK,Moderate Load - 50 users over 60s 2-2,text,true,,10058,482,48,48,http://localhost:5000/api/patients?search=qv&page=1&limit=20,1299,0,0
1784906754915,1304,07 GET /api/patients?search= (name search),200,OK,Moderate Load - 50 users over 60s 2-15,text,true,,10074,482,48,48,http://localhost:5000/api/patients?search=qu&page=1&limit=20,1304,0,0
1784906756351,4,03 GET /assets/index.js (main bundle),200,OK,Moderate Load - 50 users over 60s 2-47,text,true,,488575,459,48,48,http://localhost:5000/assets/index.js,2,0,0
1784906755129,1411,07 GET /api/patients?search= (name search),200,OK,Moderate Load - 50 users over 60s 2-42,text,true,,1129,482,48,48,http://localhost:5000/api/patients?search=yw&page=1&limit=20,1411,0,0
1784906756428,116,01 POST /api/auth/login,200,OK,Moderate Load - 50 users over 60s 2-8,text,true,,1469,543,48,48,http://localhost:5000/api/auth/login,116,0,0
1784906755015,1643,05 GET /api/dashboard/stats,200,OK,Moderate Load - 50 users over 60s 2-45,text,true,,1188,463,48,48,http://localhost:5000/api/dashboard/stats,1643,0,0
1784906756435,224,01 POST /api/auth/login,200,OK,Moderate Load - 50 users over 60s 2-48,text,true,,1469,326,48,48,http://localhost:5000/api/auth/login,224,0,1
1784906756584,200,01 POST /api/auth/login,200,OK,Moderate Load - 50 users over 60s 2-29,text,true,,1469,543,48,48,http://localhost:5000/api/auth/login,200,0,0
1784906756864,1,04 GET /assets/index.css,200,OK,Moderate Load - 50 users over 60s 2-47,text,true,,49971,460,48,48,http://localhost:5000/assets/index.css,1,0,0
1784906741436,15457,08 GET /api/patients/{id} (record with history),200,OK,Moderate Load - 50 users over 60s 2-30,text,true,,12384,459,48,48,http://localhost:5000/api/patients/17,15457,0,0
1784906755984,938,06 GET /api/patients (paginated list),200,OK,Moderate Load - 50 users over 60s 2-44,text,true,,10005,473,48,48,http://localhost:5000/api/patients?page=28&limit=20,938,0,0
1784906741543,15402,08 GET /api/patients/{id} (record with history),200,OK,Moderate Load - 50 users over 60s 2-31,text,true,,12373,459,48,48,http://localhost:5000/api/patients/31,15402,0,0
1784906757050,5,02 GET / (index.html),200,OK,Moderate Load - 50 users over 60s 2-8,text,true,,1778,444,48,48,http://localhost:5000/,5,0,0
1784906757173,3,02 GET / (index.html),200,OK,Moderate Load - 50 users over 60s 2-48,text,true,,1778,444,49,49,http://localhost:5000/,3,0,0
1784906741740,15481,08 GET /api/patients/{id} (record with history),200,OK,Moderate Load - 50 users over 60s 2-19,text,true,,12376,459,49,49,http://localhost:5000/api/patients/13,15481,0,0
1784906755953,1292,07 GET /api/patients?search= (name search),200,OK,Moderate Load - 50 users over 60s 2-43,text,true,,1129,482,49,49,http://localhost:5000/api/patients?search=ty&page=1&limit=20,1291,0,0
1784906757298,2,02 GET / (index.html),200,OK,Moderate Load - 50 users over 60s 2-29,text,true,,1778,444,49,49,http://localhost:5000/,2,0,0
1784906745493,11815,08 GET /api/patients/{id} (record with history),200,OK,Moderate Load - 50 users over 60s 2-3,text,true,,8729,459,49,49,http://localhost:5000/api/patients/32,11815,0,0
1784906757556,3,03 GET /assets/index.js (main bundle),200,OK,Moderate Load - 50 users over 60s 2-8,text,true,,488575,459,49,49,http://localhost:5000/assets/index.js,2,0,0
1784906757628,102,01 POST /api/auth/login,200,OK,Moderate Load - 50 users over 60s 2-49,text,true,,1469,326,49,49,http://localhost:5000/api/auth/login,102,0,1
1784906757684,97,03 GET /assets/index.js (main bundle),200,OK,Moderate Load - 50 users over 60s 2-48,text,true,,488575,459,49,49,http://localhost:5000/assets/index.js,73,0,0
1784906756167,1637,05 GET /api/dashboard/stats,200,OK,Moderate Load - 50 users over 60s 2-46,text,true,,1188,463,49,49,http://localhost:5000/api/dashboard/stats,1637,0,0
1784906757809,4,03 GET /assets/index.js (main bundle),200,OK,Moderate Load - 50 users over 60s 2-29,text,true,,488575,459,49,49,http://localhost:5000/assets/index.js,3,0,0
1784906757158,682,06 GET /api/patients (paginated list),200,OK,Moderate Load - 50 users over 60s 2-45,text,true,,10079,473,49,49,http://localhost:5000/api/patients?page=36&limit=20,682,0,0
1784906756570,1474,07 GET /api/patients?search= (name search),200,OK,Moderate Load - 50 users over 60s 2-17,text,true,,1129,482,49,49,http://localhost:5000/api/patients?search=js&page=1&limit=20,1474,0,0
1784906758073,2,04 GET /assets/index.css,200,OK,Moderate Load - 50 users over 60s 2-8,text,true,,49971,460,49,49,http://localhost:5000/assets/index.css,2,0,0
1784906743594,14483,08 GET /api/patients/{id} (record with history),200,OK,Moderate Load - 50 users over 60s 2-18,text,true,,11093,458,49,49,http://localhost:5000/api/patients/7,14483,0,0
1784906758242,2,02 GET / (index.html),200,OK,Moderate Load - 50 users over 60s 2-49,text,true,,1778,444,49,49,http://localhost:5000/,2,0,0
1784906758289,2,04 GET /assets/index.css,200,OK,Moderate Load - 50 users over 60s 2-48,text,true,,49971,460,49,49,http://localhost:5000/assets/index.css,2,0,0
1784906744546,13749,08 GET /api/patients/{id} (record with history),200,OK,Moderate Load - 50 users over 60s 2-11,text,true,,9958,459,49,49,http://localhost:5000/api/patients/25,13749,0,0
1784906756708,1589,07 GET /api/patients?search= (name search),200,OK,Moderate Load - 50 users over 60s 2-9,text,true,,10130,482,49,49,http://localhost:5000/api/patients?search=ma&page=1&limit=20,1589,0,0
1784906743843,14455,08 GET /api/patients/{id} (record with history),200,OK,Moderate Load - 50 users over 60s 2-32,text,true,,10493,459,49,49,http://localhost:5000/api/patients/28,14455,0,0
1784906755567,2745,10 POST /api/ai/pre-appointment/{id},200,OK,Moderate Load - 50 users over 60s 2-10,text,true,,2439,489,50,50,http://localhost:5000/api/ai/pre-appointment/44,2745,0,0
1784906758320,2,04 GET /assets/index.css,200,OK,Moderate Load - 50 users over 60s 2-29,text,true,,49971,460,50,50,http://localhost:5000/assets/index.css,2,0,0
1784906755938,2588,05 GET /api/dashboard/stats,200,OK,Moderate Load - 50 users over 60s 2-7,text,true,,1188,463,50,50,http://localhost:5000/api/dashboard/stats,2588,0,0
1784906756029,2657,05 GET /api/dashboard/stats,200,OK,Moderate Load - 50 users over 60s 2-16,text,true,,1188,463,50,50,http://localhost:5000/api/dashboard/stats,2657,0,0
1784906756397,2347,05 GET /api/dashboard/stats,200,OK,Moderate Load - 50 users over 60s 2-6,text,true,,1188,463,50,50,http://localhost:5000/api/dashboard/stats,2347,0,0
1784906758745,3,03 GET /assets/index.js (main bundle),200,OK,Moderate Load - 50 users over 60s 2-49,text,true,,488575,459,50,50,http://localhost:5000/assets/index.js,1,0,0
1784906757436,1633,07 GET /api/patients?search= (name search),200,OK,Moderate Load - 50 users over 60s 2-44,text,true,,1129,482,50,50,http://localhost:5000/api/patients?search=ad&page=1&limit=20,1633,0,0
1784906758818,253,01 POST /api/auth/login,200,OK,Moderate Load - 50 users over 60s 2-10,text,true,,1469,543,50,50,http://localhost:5000/api/auth/login,253,0,0
1784906756459,2626,05 GET /api/dashboard/stats,200,OK,Moderate Load - 50 users over 60s 2-28,text,true,,1188,463,50,50,http://localhost:5000/api/dashboard/stats,2626,0,0
1784906757375,1710,05 GET /api/dashboard/stats,200,OK,Moderate Load - 50 users over 60s 2-47,text,true,,1188,463,50,50,http://localhost:5000/api/dashboard/stats,1710,0,0
1784906758305,786,06 GET /api/patients (paginated list),200,OK,Moderate Load - 50 users over 60s 2-46,text,true,,10080,473,50,50,http://localhost:5000/api/patients?page=31&limit=20,786,0,0
1784906758828,286,01 POST /api/auth/login,200,OK,Moderate Load - 50 users over 60s 2-50,text,true,,1469,326,50,50,http://localhost:5000/api/auth/login,286,0,1
1784906757405,1731,09 GET /api/appointments (day view),200,OK,Moderate Load - 50 users over 60s 2-30,text,true,,1775,460,50,50,http://localhost:5000/api/appointments,1731,0,0
1784906757446,1711,09 GET /api/appointments (day view),200,OK,Moderate Load - 50 users over 60s 2-31,text,true,,1775,460,50,50,http://localhost:5000/api/appointments,1711,0,0
1784906759253,3,04 GET /assets/index.css,200,OK,Moderate Load - 50 users over 60s 2-49,text,true,,49971,460,50,50,http://localhost:5000/assets/index.css,3,0,0
1784906757731,1636,09 GET /api/appointments (day view),200,OK,Moderate Load - 50 users over 60s 2-19,text,true,,1775,460,50,50,http://localhost:5000/api/appointments,1636,0,0
1784906759580,4,02 GET / (index.html),200,OK,Moderate Load - 50 users over 60s 2-10,text,true,,1778,444,50,50,http://localhost:5000/,4,0,0
1784906758351,1270,07 GET /api/patients?search= (name search),200,OK,Moderate Load - 50 users over 60s 2-45,text,true,,1129,482,50,50,http://localhost:5000/api/patients?search=zi&page=1&limit=20,1270,0,0
1784906759627,2,02 GET / (index.html),200,OK,Moderate Load - 50 users over 60s 2-50,text,true,,1778,444,50,50,http://localhost:5000/,2,0,0
1784906759035,724,06 GET /api/patients (paginated list),200,OK,Moderate Load - 50 users over 60s 2-7,text,true,,10080,473,50,50,http://localhost:5000/api/patients?page=31&limit=20,724,0,0
1784906759642,118,01 POST /api/auth/login,200,OK,Moderate Load - 50 users over 60s 2-30,text,true,,1469,543,50,50,http://localhost:5000/api/auth/login,118,0,0
1784906757809,1952,09 GET /api/appointments (day view),200,OK,Moderate Load - 50 users over 60s 2-3,text,true,,1775,460,50,50,http://localhost:5000/api/appointments,1952,0,0
1784906759658,240,01 POST /api/auth/login,200,OK,Moderate Load - 50 users over 60s 2-31,text,true,,1469,543,50,50,http://localhost:5000/api/auth/login,240,0,0
1784906759253,765,06 GET /api/patients (paginated list),200,OK,Moderate Load - 50 users over 60s 2-6,text,true,,9818,472,50,50,http://localhost:5000/api/patients?page=4&limit=20,765,0,0
1784906759876,145,01 POST /api/auth/login,200,OK,Moderate Load - 50 users over 60s 2-19,text,true,,1469,543,50,50,http://localhost:5000/api/auth/login,145,0,0
1784906760096,3,03 GET /assets/index.js (main bundle),200,OK,Moderate Load - 50 users over 60s 2-10,text,true,,488575,459,50,50,http://localhost:5000/assets/index.js,2,0,0
1784906758576,1543,05 GET /api/dashboard/stats,200,OK,Moderate Load - 50 users over 60s 2-8,text,true,,1188,463,50,50,http://localhost:5000/api/dashboard/stats,1543,0,0
1784906759191,943,06 GET /api/patients (paginated list),200,OK,Moderate Load - 50 users over 60s 2-16,text,true,,10025,472,50,50,http://localhost:5000/api/patients?page=1&limit=20,943,0,0
1784906745041,15104,08 GET /api/patients/{id} (record with history),200,OK,Moderate Load - 50 users over 60s 2-20,text,true,,11161,459,50,50,http://localhost:5000/api/patients/33,15104,0,0
1784906760142,5,03 GET /assets/index.js (main bundle),200,OK,Moderate Load - 50 users over 60s 2-50,text,true,,488575,459,50,50,http://localhost:5000/assets/index.js,3,0,0
1784906759596,570,06 GET /api/patients (paginated list),200,OK,Moderate Load - 50 users over 60s 2-28,text,true,,10081,472,50,50,http://localhost:5000/api/patients?page=9&limit=20,570,0,0
1784906758578,1611,09 GET /api/appointments (day view),200,OK,Moderate Load - 50 users over 60s 2-18,text,true,,1775,460,50,50,http://localhost:5000/api/appointments,1611,0,0
1784906759596,602,06 GET /api/patients (paginated list),200,OK,Moderate Load - 50 users over 60s 2-47,text,true,,10028,473,50,50,http://localhost:5000/api/patients?page=27&limit=20,602,0,0
1784906747130,13099,08 GET /api/patients/{id} (record with history),200,OK,Moderate Load - 50 users over 60s 2-22,text,true,,9360,459,50,50,http://localhost:5000/api/patients/39,13099,0,0
1784906760266,6,02 GET / (index.html),200,OK,Moderate Load - 50 users over 60s 2-30,text,true,,1778,444,50,50,http://localhost:5000/,6,0,0
1784906758800,1557,09 GET /api/appointments (day view),200,OK,Moderate Load - 50 users over 60s 2-32,text,true,,1775,460,50,50,http://localhost:5000/api/appointments,1557,0,0
1784906760408,2,02 GET / (index.html),200,OK,Moderate Load - 50 users over 60s 2-31,text,true,,1778,444,50,50,http://localhost:5000/,2,0,0
1784906758795,1640,09 GET /api/appointments (day view),200,OK,Moderate Load - 50 users over 60s 2-11,text,true,,1775,460,50,50,http://localhost:5000/api/appointments,1640,0,0
1784906760532,4,02 GET / (index.html),200,OK,Moderate Load - 50 users over 60s 2-19,text,true,,1778,444,50,50,http://localhost:5000/,4,0,0
1784906760612,1,04 GET /assets/index.css,200,OK,Moderate Load - 50 users over 60s 2-10,text,true,,49971,460,50,50,http://localhost:5000/assets/index.css,1,0,0
1784906760658,3,04 GET /assets/index.css,200,OK,Moderate Load - 50 users over 60s 2-50,text,true,,49971,460,50,50,http://localhost:5000/assets/index.css,3,0,0
1784906748348,12337,08 GET /api/patients/{id} (record with history),200,OK,Moderate Load - 50 users over 60s 2-4,text,true,,8721,459,50,50,http://localhost:5000/api/patients/48,12337,0,0
1784906760703,115,01 POST /api/auth/login,200,OK,Moderate Load - 50 users over 60s 2-18,text,true,,1469,543,50,50,http://localhost:5000/api/auth/login,115,0,0
1784906759596,1385,07 GET /api/patients?search= (name search),200,OK,Moderate Load - 50 users over 60s 2-46,text,true,,1129,482,50,50,http://localhost:5000/api/patients?search=vc&page=1&limit=20,1385,0,0
1784906760859,135,01 POST /api/auth/login,200,OK,Moderate Load - 50 users over 60s 2-32,text,true,,1469,543,50,50,http://localhost:5000/api/auth/login,135,0,0
1784906760780,215,03 GET /assets/index.js (main bundle),200,OK,Moderate Load - 50 users over 60s 2-30,text,true,,488575,459,50,50,http://localhost:5000/assets/index.js,53,0,0
1784906760936,183,01 POST /api/auth/login,200,OK,Moderate Load - 50 users over 60s 2-11,text,true,,1469,543,50,50,http://localhost:5000/api/auth/login,182,0,0
1784906760921,224,03 GET /assets/index.js (main bundle),200,OK,Moderate Load - 50 users over 60s 2-31,text,true,,488575,459,50,50,http://localhost:5000/assets/index.js,198,0,0
1784906761044,117,03 GET /assets/index.js (main bundle),200,OK,Moderate Load - 50 users over 60s 2-19,text,true,,488575,459,50,50,http://localhost:5000/assets/index.js,85,0,0
1784906758834,2389,05 GET /api/dashboard/stats,200,OK,Moderate Load - 50 users over 60s 2-29,text,true,,1188,463,50,50,http://localhost:5000/api/dashboard/stats,2389,0,0
1784906760626,632,06 GET /api/patients (paginated list),200,OK,Moderate Load - 50 users over 60s 2-8,text,true,,9933,473,50,50,http://localhost:5000/api/patients?page=18&limit=20,632,0,0
1784906761325,3,02 GET / (index.html),200,OK,Moderate Load - 50 users over 60s 2-18,text,true,,1778,444,50,50,http://localhost:5000/,3,0,0
1784906758792,2544,05 GET /api/dashboard/stats,200,OK,Moderate Load - 50 users over 60s 2-48,text,true,,1188,463,50,50,http://localhost:5000/api/dashboard/stats,2544,0,0
1784906759767,1676,05 GET /api/dashboard/stats,200,OK,Moderate Load - 50 users over 60s 2-49,text,true,,1188,463,50,50,http://localhost:5000/api/dashboard/stats,1675,0,0
1784906761495,5,02 GET / (index.html),200,OK,Moderate Load - 50 users over 60s 2-32,text,true,,1778,444,50,50,http://localhost:5000/,5,0,0
1784906761495,5,04 GET /assets/index.css,200,OK,Moderate Load - 50 users over 60s 2-30,text,true,,49971,460,50,50,http://localhost:5000/assets/index.css,5,0,0
1784906760266,1288,07 GET /api/patients?search= (name search),200,OK,Moderate Load - 50 users over 60s 2-7,text,true,,1564,482,50,50,http://localhost:5000/api/patients?search=bh&page=1&limit=20,1288,0,0
1784906761622,2,02 GET / (index.html),200,OK,Moderate Load - 50 users over 60s 2-11,text,true,,1778,444,50,50,http://localhost:5000/,2,0,0
1784906761653,2,04 GET /assets/index.css,200,OK,Moderate Load - 50 users over 60s 2-31,text,true,,49971,460,50,50,http://localhost:5000/assets/index.css,2,0,0
1784906761668,2,04 GET /assets/index.css,200,OK,Moderate Load - 50 users over 60s 2-19,text,true,,49971,460,50,50,http://localhost:5000/assets/index.css,2,0,0
1784906760532,1164,07 GET /api/patients?search= (name search),200,OK,Moderate Load - 50 users over 60s 2-6,text,true,,1129,482,50,50,http://localhost:5000/api/patients?search=tq&page=1&limit=20,1164,0,0
1784906746759,14942,08 GET /api/patients/{id} (record with history),200,OK,Moderate Load - 50 users over 60s 2-13,text,true,,10539,458,50,50,http://localhost:5000/api/patients/9,14942,0,0
1784906761841,5,03 GET /assets/index.js (main bundle),200,OK,Moderate Load - 50 users over 60s 2-18,text,true,,488575,459,50,50,http://localhost:5000/assets/index.js,4,0,0
1784906760673,1324,07 GET /api/patients?search= (name search),200,OK,Moderate Load - 50 users over 60s 2-28,text,true,,1129,482,50,50,http://localhost:5000/api/patients?search=ky&page=1&limit=20,1324,0,0
1784906762013,5,03 GET /assets/index.js (main bundle),200,OK,Moderate Load - 50 users over 60s 2-32,text,true,,488575,459,50,50,http://localhost:5000/assets/index.js,4,0,0
1784906760641,1418,07 GET /api/patients?search= (name search),200,OK,Moderate Load - 50 users over 60s 2-16,text,true,,10074,482,50,50,http://localhost:5000/api/patients?search=ui&page=1&limit=20,1418,0,0
1784906762138,3,03 GET /assets/index.js (main bundle),200,OK,Moderate Load - 50 users over 60s 2-11,text,true,,488575,459,50,50,http://localhost:5000/assets/index.js,2,0,0
1784906760703,1605,07 GET /api/patients?search= (name search),200,OK,Moderate Load - 50 users over 60s 2-47,text,true,,1129,482,50,50,http://localhost:5000/api/patients?search=uh&page=1&limit=20,1605,0,0
1784906762357,1,04 GET /assets/index.css,200,OK,Moderate Load - 50 users over 60s 2-18,text,true,,49971,460,50,50,http://localhost:5000/assets/index.css,1,0,0
1784906760658,1707,09 GET /api/appointments (day view),200,OK,Moderate Load - 50 users over 60s 2-20,text,true,,1775,460,50,50,http://localhost:5000/api/appointments,1707,0,0
1784906746720,15721,08 GET /api/patients/{id} (record with history),200,OK,Moderate Load - 50 users over 60s 2-21,text,true,,11157,459,50,50,http://localhost:5000/api/patients/45,15721,0,0
1784906760733,1733,09 GET /api/appointments (day view),200,OK,Moderate Load - 50 users over 60s 2-22,text,true,,1775,460,50,50,http://localhost:5000/api/appointments,1733,0,0
1784906744747,17752,08 GET /api/patients/{id} (record with history),200,OK,Moderate Load - 50 users over 60s 2-33,text,true,,11965,458,50,50,http://localhost:5000/api/patients/1,17752,0,0
1784906761841,663,06 GET /api/patients (paginated list),200,OK,Moderate Load - 50 users over 60s 2-48,text,true,,10005,473,50,50,http://localhost:5000/api/patients?page=28&limit=20,662,0,0
1784906745855,16665,08 GET /api/patients/{id} (record with history),200,OK,Moderate Load - 50 users over 60s 2-34,text,true,,11717,459,50,50,http://localhost:5000/api/patients/29,16665,0,0
1784906762529,1,04 GET /assets/index.css,200,OK,Moderate Load - 50 users over 60s 2-32,text,true,,49971,460,50,50,http://localhost:5000/assets/index.css,1,0,0
1784906747317,15289,08 GET /api/patients/{id} (record with history),200,OK,Moderate Load - 50 users over 60s 2-35,text,true,,10599,459,50,50,http://localhost:5000/api/patients/44,15289,0,0
1784906761950,667,06 GET /api/patients (paginated list),200,OK,Moderate Load - 50 users over 60s 2-49,text,true,,10160,472,50,50,http://localhost:5000/api/patients?page=8&limit=20,667,0,0
1784906762653,2,04 GET /assets/index.css,200,OK,Moderate Load - 50 users over 60s 2-11,text,true,,49971,460,50,50,http://localhost:5000/assets/index.css,2,0,0
1784906761732,999,06 GET /api/patients (paginated list),200,OK,Moderate Load - 50 users over 60s 2-29,text,true,,10047,473,50,50,http://localhost:5000/api/patients?page=48&limit=20,999,0,0
1784906747429,15364,08 GET /api/patients/{id} (record with history),200,OK,Moderate Load - 50 users over 60s 2-12,text,true,,10516,459,50,50,http://localhost:5000/api/patients/36,15364,0,0
1784906745104,17704,08 GET /api/patients/{id} (record with history),200,OK,Moderate Load - 50 users over 60s 2-1,text,true,,12340,459,50,50,http://localhost:5000/api/patients/23,17704,0,0
1784906761185,1671,09 GET /api/appointments (day view),200,OK,Moderate Load - 50 users over 60s 2-4,text,true,,1775,460,50,50,http://localhost:5000/api/appointments,1671,0,0
1784906762872,115,01 POST /api/auth/login,200,OK,Moderate Load - 50 users over 60s 2-20,text,true,,1469,543,50,50,http://localhost:5000/api/auth/login,115,0,0
1784906761763,1347,07 GET /api/patients?search= (name search),200,OK,Moderate Load - 50 users over 60s 2-8,text,true,,10043,482,50,50,http://localhost:5000/api/patients?search=de&page=1&limit=20,1347,0,0
1784906762981,132,01 POST /api/auth/login,200,OK,Moderate Load - 50 users over 60s 2-22,text,true,,1469,543,50,50,http://localhost:5000/api/auth/login,132,0,0
1784906761124,2394,05 GET /api/dashboard/stats,200,OK,Moderate Load - 50 users over 60s 2-10,text,true,,1188,463,50,50,http://localhost:5000/api/dashboard/stats,2394,0,0
1784906763371,149,01 POST /api/auth/login,200,OK,Moderate Load - 50 users over 60s 2-4,text,true,,1469,543,50,50,http://localhost:5000/api/auth/login,148,0,0
1784906763495,43,02 GET / (index.html),200,OK,Moderate Load - 50 users over 60s 2-20,text,true,,1778,444,50,50,http://localhost:5000/,43,0,0
1784906763619,4,02 GET / (index.html),200,OK,Moderate Load - 50 users over 60s 2-22,text,true,,1778,444,50,50,http://localhost:5000/,4,0,0
1784906761170,2484,05 GET /api/dashboard/stats,200,OK,Moderate Load - 50 users over 60s 2-50,text,true,,1188,463,50,50,http://localhost:5000/api/dashboard/stats,2484,0,0
1784906762216,1605,09 GET /api/appointments (day view),200,OK,Moderate Load - 50 users over 60s 2-13,text,true,,1775,460,50,50,http://localhost:5000/api/appointments,1605,0,0
1784906762169,1755,05 GET /api/dashboard/stats,200,OK,Moderate Load - 50 users over 60s 2-31,text,true,,1188,463,50,50,http://localhost:5000/api/dashboard/stats,1755,0,0
1784906764026,4,02 GET / (index.html),200,OK,Moderate Load - 50 users over 60s 2-4,text,true,,1778,444,50,50,http://localhost:5000/,4,0,1
1784906764041,3,03 GET /assets/index.js (main bundle),200,OK,Moderate Load - 50 users over 60s 2-20,text,true,,488575,459,50,50,http://localhost:5000/assets/index.js,2,0,0
1784906764134,3,03 GET /assets/index.js (main bundle),200,OK,Moderate Load - 50 users over 60s 2-22,text,true,,488575,459,50,50,http://localhost:5000/assets/index.js,2,0,0
1784906764336,101,01 POST /api/auth/login,200,OK,Moderate Load - 50 users over 60s 2-13,text,true,,1469,543,50,50,http://localhost:5000/api/auth/login,101,0,0
1784906764540,4,03 GET /assets/index.js (main bundle),200,OK,Moderate Load - 50 users over 60s 2-4,text,true,,488575,459,50,50,http://localhost:5000/assets/index.js,2,0,0
1784906764556,2,04 GET /assets/index.css,200,OK,Moderate Load - 50 users over 60s 2-20,text,true,,49971,460,50,50,http://localhost:5000/assets/index.css,2,0,0
1784906763012,1626,07 GET /api/patients?search= (name search),200,OK,Moderate Load - 50 users over 60s 2-48,text,true,,9840,482,50,50,http://localhost:5000/api/patients?search=me&page=1&limit=20,1626,0,0
1784906764650,1,04 GET /assets/index.css,200,OK,Moderate Load - 50 users over 60s 2-22,text,true,,49971,460,50,50,http://localhost:5000/assets/index.css,1,0,0
1784906762185,2507,05 GET /api/dashboard/stats,200,OK,Moderate Load - 50 users over 60s 2-19,text,true,,1188,463,50,50,http://localhost:5000/api/dashboard/stats,2507,0,0
1784906763120,1618,07 GET /api/patients?search= (name search),200,OK,Moderate Load - 50 users over 60s 2-49,text,true,,1129,482,50,50,http://localhost:5000/api/patients?search=eu&page=1&limit=20,1618,0,0
1784906762013,2734,05 GET /api/dashboard/stats,200,OK,Moderate Load - 50 users over 60s 2-30,text,true,,1188,463,50,50,http://localhost:5000/api/dashboard/stats,2734,0,0
1784906762950,1798,09 GET /api/appointments (day view),200,OK,Moderate Load - 50 users over 60s 2-21,text,true,,1775,460,50,50,http://localhost:5000/api/appointments,1798,0,0
1784906764026,774,06 GET /api/patients (paginated list),200,OK,Moderate Load - 50 users over 60s 2-10,text,true,,10038,473,50,50,http://localhost:5000/api/patients?page=25&limit=20,774,0,0
1784906763244,1586,07 GET /api/patients?search= (name search),200,OK,Moderate Load - 50 users over 60s 2-29,text,true,,10056,482,50,50,http://localhost:5000/api/patients?search=ta&page=1&limit=20,1586,0,0
1784906763042,1823,05 GET /api/dashboard/stats,200,OK,Moderate Load - 50 users over 60s 2-32,text,true,,1188,463,50,50,http://localhost:5000/api/dashboard/stats,1823,0,0
1784906763027,1860,09 GET /api/appointments (day view),200,OK,Moderate Load - 50 users over 60s 2-34,text,true,,1775,460,50,50,http://localhost:5000/api/appointments,1860,0,0
1784906762871,2022,05 GET /api/dashboard/stats,200,OK,Moderate Load - 50 users over 60s 2-18,text,true,,1188,463,50,50,http://localhost:5000/api/dashboard/stats,2022,0,0
1784906763120,1777,09 GET /api/appointments (day view),200,OK,Moderate Load - 50 users over 60s 2-35,text,true,,1775,460,50,50,http://localhost:5000/api/appointments,1777,0,0
1784906763012,1891,09 GET /api/appointments (day view),200,OK,Moderate Load - 50 users over 60s 2-33,text,true,,1775,460,50,50,http://localhost:5000/api/appointments,1891,0,0
1784906764165,757,06 GET /api/patients (paginated list),200,OK,Moderate Load - 50 users over 60s 2-50,text,true,,9969,473,50,50,http://localhost:5000/api/patients?page=41&limit=20,757,0,0
1784906764945,3,02 GET / (index.html),200,OK,Moderate Load - 50 users over 60s 2-13,text,true,,1778,444,50,50,http://localhost:5000/,3,0,0
1784906763307,1727,09 GET /api/appointments (day view),200,OK,Moderate Load - 50 users over 60s 2-12,text,true,,1775,460,50,50,http://localhost:5000/api/appointments,1727,0,0
1784906763323,1729,09 GET /api/appointments (day view),200,OK,Moderate Load - 50 users over 60s 2-1,text,true,,1775,460,50,50,http://localhost:5000/api/appointments,1729,0,2
1784906765052,2,04 GET /assets/index.css,200,OK,Moderate Load - 50 users over 60s 2-4,text,true,,49971,460,50,50,http://localhost:5000/assets/index.css,2,0,0
1784906764430,647,06 GET /api/patients (paginated list),200,OK,Moderate Load - 50 users over 60s 2-31,text,true,,9964,473,50,50,http://localhost:5000/api/patients?page=29&limit=20,647,0,0
1784906765257,119,01 POST /api/auth/login,200,OK,Moderate Load - 50 users over 60s 2-21,text,true,,1469,543,50,50,http://localhost:5000/api/auth/login,119,0,0
1784906765396,117,01 POST /api/auth/login,200,OK,Moderate Load - 50 users over 60s 2-34,text,true,,1469,543,50,50,http://localhost:5000/api/auth/login,117,0,0
1784906763167,2584,05 GET /api/dashboard/stats,200,OK,Moderate Load - 50 users over 60s 2-11,text,true,,1188,463,50,50,http://localhost:5000/api/dashboard/stats,2584,0,0
1784906765411,376,01 POST /api/auth/login,200,OK,Moderate Load - 50 users over 60s 2-35,text,true,,1469,543,50,50,http://localhost:5000/api/auth/login,376,0,0
1784906765411,378,01 POST /api/auth/login,200,OK,Moderate Load - 50 users over 60s 2-33,text,true,,1469,543,50,50,http://localhost:5000/api/auth/login,378,0,0
1784906765257,636,06 GET /api/patients (paginated list),200,OK,Moderate Load - 50 users over 60s 2-30,text,true,,10119,473,50,50,http://localhost:5000/api/patients?page=50&limit=20,636,0,0
1784906765194,822,06 GET /api/patients (paginated list),200,OK,Moderate Load - 50 users over 60s 2-19,text,true,,10044,473,50,50,http://localhost:5000/api/patients?page=22&limit=20,822,0,0
1784906765366,654,06 GET /api/patients (paginated list),200,OK,Moderate Load - 50 users over 60s 2-32,text,true,,10160,472,50,50,http://localhost:5000/api/patients?page=8&limit=20,654,0,0
1784906765396,632,06 GET /api/patients (paginated list),200,OK,Moderate Load - 50 users over 60s 2-18,text,true,,10005,473,50,50,http://localhost:5000/api/patients?page=28&limit=20,632,0,0
1784906765535,541,01 POST /api/auth/login,200,OK,Moderate Load - 50 users over 60s 2-12,text,true,,1469,543,50,50,http://localhost:5000/api/auth/login,541,0,0
1784906765567,516,01 POST /api/auth/login,200,OK,Moderate Load - 50 users over 60s 2-1,text,true,,1469,543,50,50,http://localhost:5000/api/auth/login,516,0,0
1784906765877,211,02 GET / (index.html),200,OK,Moderate Load - 50 users over 60s 2-21,text,true,,1778,444,50,50,http://localhost:5000/,211,0,0
1784906766018,72,02 GET / (index.html),200,OK,Moderate Load - 50 users over 60s 2-34,text,true,,1778,444,50,50,http://localhost:5000/,72,0,0
1784906765458,633,03 GET /assets/index.js (main bundle),200,OK,Moderate Load - 50 users over 60s 2-13,text,true,,488575,459,50,50,http://localhost:5000/assets/index.js,537,0,0
1784906766298,2,02 GET / (index.html),200,OK,Moderate Load - 50 users over 60s 2-35,text,true,,1778,444,50,50,http://localhost:5000/,2,0,0
1784906766298,3,02 GET / (index.html),200,OK,Moderate Load - 50 users over 60s 2-33,text,true,,1778,444,50,50,http://localhost:5000/,3,0,0
1784906760266,6164,10 POST /api/ai/pre-appointment/{id},200,OK,Moderate Load - 50 users over 60s 2-3,text,true,,2535,489,50,50,http://localhost:5000/api/ai/pre-appointment/55,6164,0,0
1784906766578,2,02 GET / (index.html),200,OK,Moderate Load - 50 users over 60s 2-12,text,true,,1778,444,50,50,http://localhost:5000/,2,0,0
1784906765427,1173,07 GET /api/patients?search= (name search),200,OK,Moderate Load - 50 users over 60s 2-50,text,true,,10105,482,50,50,http://localhost:5000/api/patients?search=ks&page=1&limit=20,1173,0,0
1784906766594,7,02 GET / (index.html),200,OK,Moderate Load - 50 users over 60s 2-1,text,true,,1778,444,50,50,http://localhost:5000/,7,0,0
1784906766594,7,04 GET /assets/index.css,200,OK,Moderate Load - 50 users over 60s 2-13,text,true,,49971,460,50,50,http://localhost:5000/assets/index.css,7,0,0
1784906766594,9,03 GET /assets/index.js (main bundle),200,OK,Moderate Load - 50 users over 60s 2-34,text,true,,488575,459,50,50,http://localhost:5000/assets/index.js,7,0,0
1784906766594,9,03 GET /assets/index.js (main bundle),200,OK,Moderate Load - 50 users over 60s 2-21,text,true,,488575,459,50,50,http://localhost:5000/assets/index.js,7,0,0
1784906765304,1305,07 GET /api/patients?search= (name search),200,OK,Moderate Load - 50 users over 60s 2-10,text,true,,1129,482,50,50,http://localhost:5000/api/patients?search=jy&page=1&limit=20,1305,0,0
1784906766812,6,03 GET /assets/index.js (main bundle),200,OK,Moderate Load - 50 users over 60s 2-35,text,true,,488575,459,50,50,http://localhost:5000/assets/index.js,2,0,0
1784906766812,6,03 GET /assets/index.js (main bundle),200,OK,Moderate Load - 50 users over 60s 2-33,text,true,,488575,459,50,50,http://localhost:5000/assets/index.js,2,0,0
1784906766252,632,06 GET /api/patients (paginated list),200,OK,Moderate Load - 50 users over 60s 2-11,text,true,,9890,472,50,50,http://localhost:5000/api/patients?page=2&limit=20,632,0,0
1784906766936,107,01 POST /api/auth/login,200,OK,Moderate Load - 50 users over 60s 2-3,text,true,,1469,543,50,50,http://localhost:5000/api/auth/login,107,0,1
1784906765583,1460,07 GET /api/patients?search= (name search),200,OK,Moderate Load - 50 users over 60s 2-31,text,true,,1129,482,50,50,http://localhost:5000/api/patients?search=eu&page=1&limit=20,1460,0,0
1784906767092,3,03 GET /assets/index.js (main bundle),200,OK,Moderate Load - 50 users over 60s 2-12,text,true,,488575,459,50,50,http://localhost:5000/assets/index.js,2,0,0
1784906767107,7,04 GET /assets/index.css,200,OK,Moderate Load - 50 users over 60s 2-34,text,true,,49971,460,50,50,http://localhost:5000/assets/index.css,7,0,0
1784906767107,7,04 GET /assets/index.css,200,OK,Moderate Load - 50 users over 60s 2-21,text,true,,49971,460,50,50,http://localhost:5000/assets/index.css,7,0,0
1784906767107,9,03 GET /assets/index.js (main bundle),200,OK,Moderate Load - 50 users over 60s 2-1,text,true,,488575,459,50,50,http://localhost:5000/assets/index.js,7,0,0
1784906748502,18737,08 GET /api/patients/{id} (record with history),200,OK,Moderate Load - 50 users over 60s 2-36,text,true,,12384,459,50,50,http://localhost:5000/api/patients/17,18737,0,0
1784906767326,2,04 GET /assets/index.css,200,OK,Moderate Load - 50 users over 60s 2-33,text,true,,49971,460,50,50,http://localhost:5000/assets/index.css,2,0,0
1784906767326,2,04 GET /assets/index.css,200,OK,Moderate Load - 50 users over 60s 2-35,text,true,,49971,460,50,50,http://localhost:5000/assets/index.css,2,0,0
1784906767544,5,02 GET / (index.html),200,OK,Moderate Load - 50 users over 60s 2-3,text,true,,1778,444,50,50,http://localhost:5000/,5,0,0
1784906767605,2,04 GET /assets/index.css,200,OK,Moderate Load - 50 users over 60s 2-12,text,true,,49971,460,50,50,http://localhost:5000/assets/index.css,2,0,0
1784906767621,6,04 GET /assets/index.css,200,OK,Moderate Load - 50 users over 60s 2-1,text,true,,49971,460,50,50,http://localhost:5000/assets/index.css,6,0,0
1784906765068,2576,05 GET /api/dashboard/stats,200,OK,Moderate Load - 50 users over 60s 2-20,text,true,,1188,463,50,50,http://localhost:5000/api/dashboard/stats,2576,0,0
1784906766532,1157,07 GET /api/patients?search= (name search),200,OK,Moderate Load - 50 users over 60s 2-32,text,true,,1129,482,50,50,http://localhost:5000/api/patients?search=vl&page=1&limit=20,1157,0,0
1784906766407,1357,07 GET /api/patients?search= (name search),200,OK,Moderate Load - 50 users over 60s 2-30,text,true,,1129,482,50,50,http://localhost:5000/api/patients?search=dp&page=1&limit=20,1357,0,0
1784906765162,2618,05 GET /api/dashboard/stats,200,OK,Moderate Load - 50 users over 60s 2-22,text,true,,1188,463,50,50,http://localhost:5000/api/dashboard/stats,2617,0,0
1784906754381,13514,08 GET /api/patients/{id} (record with history),200,OK,Moderate Load - 50 users over 60s 2-5,text,true,,8679,458,50,50,http://localhost:5000/api/patients/4,13514,0,0
1784906766532,1373,07 GET /api/patients?search= (name search),200,OK,Moderate Load - 50 users over 60s 2-19,text,true,,1129,482,50,50,http://localhost:5000/api/patients?search=xc&page=1&limit=20,1373,0,0
1784906766532,1471,07 GET /api/patients?search= (name search),200,OK,Moderate Load - 50 users over 60s 2-18,text,true,,9844,482,50,50,http://localhost:5000/api/patients?search=of&page=1&limit=20,1471,0,0
1784906768058,3,03 GET /assets/index.js (main bundle),200,OK,Moderate Load - 50 users over 60s 2-3,text,true,,488575,459,50,50,http://localhost:5000/assets/index.js,2,0,0
1784906765567,2669,05 GET /api/dashboard/stats,200,OK,Moderate Load - 50 users over 60s 2-4,text,true,,1188,463,50,50,http://localhost:5000/api/dashboard/stats,2669,0,0
1784906749897,18562,08 GET /api/patients/{id} (record with history),200,OK,Moderate Load - 50 users over 60s 2-14,text,true,,11718,459,50,50,http://localhost:5000/api/patients/24,18562,0,0
1784906768570,2,04 GET /assets/index.css,200,OK,Moderate Load - 50 users over 60s 2-3,text,true,,49971,460,50,50,http://localhost:5000/assets/index.css,2,0,0
1784906767390,1449,07 GET /api/patients?search= (name search),200,OK,Moderate Load - 50 users over 60s 2-11,text,true,,1129,482,50,50,http://localhost:5000/api/patients?search=pv&page=1&limit=20,1449,0,0
1784906768150,756,06 GET /api/patients (paginated list),200,OK,Moderate Load - 50 users over 60s 2-20,text,true,,9890,472,50,50,http://localhost:5000/api/patients?page=2&limit=20,756,0,0
1784906768289,764,06 GET /api/patients (paginated list),200,OK,Moderate Load - 50 users over 60s 2-22,text,true,,10160,472,50,50,http://localhost:5000/api/patients?page=8&limit=20,764,0,0
1784906749850,19409,08 GET /api/patients/{id} (record with history),200,OK,Moderate Load - 50 users over 60s 2-23,text,true,,12340,459,50,50,http://localhost:5000/api/patients/23,19409,0,0
1784906767621,1899,05 GET /api/dashboard/stats,200,OK,Moderate Load - 50 users over 60s 2-34,text,true,,1188,463,50,50,http://localhost:5000/api/dashboard/stats,1899,0,0
1784906767746,1823,09 GET /api/appointments (day view),200,OK,Moderate Load - 50 users over 60s 2-36,text,true,,1775,460,50,50,http://localhost:5000/api/appointments,1823,0,0
1784906767840,1906,05 GET /api/dashboard/stats,200,OK,Moderate Load - 50 users over 60s 2-33,text,true,,1188,463,50,50,http://localhost:5000/api/dashboard/stats,1906,0,0
1784906768740,1157,06 GET /api/patients (paginated list),200,OK,Moderate Load - 50 users over 60s 2-4,text,true,,9932,473,50,50,http://localhost:5000/api/patients?page=40&limit=20,1157,0,0
1784906767107,2850,05 GET /api/dashboard/stats,200,OK,Moderate Load - 50 users over 60s 2-13,text,true,,1188,463,50,50,http://localhost:5000/api/dashboard/stats,2850,0,0
1784906770079,101,01 POST /api/auth/login,200,OK,Moderate Load - 50 users over 60s 2-36,text,true,,1469,543,50,50,http://localhost:5000/api/auth/login,101,0,0
1784906768397,2004,09 GET /api/appointments (day view),200,OK,Moderate Load - 50 users over 60s 2-5,text,true,,1775,460,50,50,http://localhost:5000/api/appointments,2004,0,2
1784906753944,16524,08 GET /api/patients/{id} (record with history),200,OK,Moderate Load - 50 users over 60s 2-24,text,true,,10528,459,50,50,http://localhost:5000/api/patients/18,16524,0,0
1784906767621,2945,05 GET /api/dashboard/stats,200,OK,Moderate Load - 50 users over 60s 2-21,text,true,,1188,463,50,50,http://localhost:5000/api/dashboard/stats,2945,0,0
1784906770033,581,06 GET /api/patients (paginated list),200,OK,Moderate Load - 50 users over 60s 2-34,text,true,,10087,473,50,50,http://localhost:5000/api/patients?page=33&limit=20,581,0,0
1784906770687,2,02 GET / (index.html),200,OK,Moderate Load - 50 users over 60s 2-36,text,true,,1778,444,50,50,http://localhost:5000/,2,0,0
1784906767840,2892,05 GET /api/dashboard/stats,200,OK,Moderate Load - 50 users over 60s 2-35,text,true,,1188,463,50,50,http://localhost:5000/api/dashboard/stats,2892,0,0
1784906750801,20083,08 GET /api/patients/{id} (record with history),200,OK,Moderate Load - 50 users over 60s 2-37,text,true,,11965,458,50,50,http://localhost:5000/api/patients/1,20083,0,0
1784906753058,17855,08 GET /api/patients/{id} (record with history),200,OK,Moderate Load - 50 users over 60s 2-26,text,true,,11162,459,50,50,http://localhost:5000/api/patients/12,17855,0,0
1784906768973,2059,09 GET /api/appointments (day view),200,OK,Moderate Load - 50 users over 60s 2-14,text,true,,1775,460,50,50,http://localhost:5000/api/appointments,2059,0,0
1784906769409,1624,07 GET /api/patients?search= (name search),200,OK,Moderate Load - 50 users over 60s 2-20,text,true,,1129,482,50,50,http://localhost:5000/api/patients?search=jz&page=1&limit=20,1624,0,0
1784906768120,2913,05 GET /api/dashboard/stats,200,OK,Moderate Load - 50 users over 60s 2-12,text,true,,1188,463,50,50,http://localhost:5000/api/dashboard/stats,2913,0,0
1784906770250,789,06 GET /api/patients (paginated list),200,OK,Moderate Load - 50 users over 60s 2-33,text,true,,9985,473,50,50,http://localhost:5000/api/patients?page=14&limit=20,789,0,0
1784906770917,124,01 POST /api/auth/login,200,OK,Moderate Load - 50 users over 60s 2-5,text,true,,1469,543,50,50,http://localhost:5000/api/auth/login,124,0,0
1784906768134,2907,05 GET /api/dashboard/stats,200,OK,Moderate Load - 50 users over 60s 2-1,text,true,,1188,463,50,50,http://localhost:5000/api/dashboard/stats,2907,0,0
1784906769565,1492,07 GET /api/patients?search= (name search),200,OK,Moderate Load - 50 users over 60s 2-22,text,true,,1129,482,50,50,http://localhost:5000/api/patients?search=kf&page=1&limit=20,1492,0,0
1784906771196,2,03 GET /assets/index.js (main bundle),200,OK,Moderate Load - 50 users over 60s 2-36,text,true,,488575,459,50,50,http://localhost:5000/assets/index.js,2,0,0
1784906770468,1020,06 GET /api/patients (paginated list),200,OK,Moderate Load - 50 users over 60s 2-13,text,true,,10140,473,50,50,http://localhost:5000/api/patients?page=24&limit=20,1020,0,0
1784906754685,16974,08 GET /api/patients/{id} (record with history),200,OK,Moderate Load - 50 users over 60s 2-40,text,true,,10547,458,50,50,http://localhost:5000/api/patients/5,16974,0,0
1784906771540,125,01 POST /api/auth/login,200,OK,Moderate Load - 50 users over 60s 2-14,text,true,,1469,543,50,50,http://localhost:5000/api/auth/login,125,0,0
1784906771556,145,02 GET / (index.html),200,OK,Moderate Load - 50 users over 60s 2-5,text,true,,1778,444,50,50,http://localhost:5000/,145,0,0
1784906771713,2,04 GET /assets/index.css,200,OK,Moderate Load - 50 users over 60s 2-36,text,true,,49971,460,50,50,http://localhost:5000/assets/index.css,2,0,0
1784906769766,1988,09 GET /api/appointments (day view),200,OK,Moderate Load - 50 users over 60s 2-23,text,true,,1775,460,50,50,http://localhost:5000/api/appointments,1988,0,0
1784906771072,851,06 GET /api/patients (paginated list),200,OK,Moderate Load - 50 users over 60s 2-21,text,true,,10113,472,50,50,http://localhost:5000/api/patients?page=7&limit=20,851,0,0
1784906769082,2854,05 GET /api/dashboard/stats,200,OK,Moderate Load - 50 users over 60s 2-3,text,true,,1188,463,50,50,http://localhost:5000/api/dashboard/stats,2854,0,0
1784906771243,728,06 GET /api/patients (paginated list),200,OK,Moderate Load - 50 users over 60s 2-35,text,true,,10087,473,50,50,http://localhost:5000/api/patients?page=33&limit=20,728,0,0
1784906770407,1655,07 GET /api/patients?search= (name search),200,OK,Moderate Load - 50 users over 60s 2-4,text,true,,10094,482,50,50,http://localhost:5000/api/patients?search=we&page=1&limit=20,1655,0,0
1784906771540,579,06 GET /api/patients (paginated list),200,OK,Moderate Load - 50 users over 60s 2-12,text,true,,10028,473,50,50,http://localhost:5000/api/patients?page=27&limit=20,579,0,0
1784906772177,1,02 GET / (index.html),200,OK,Moderate Load - 50 users over 60s 2-14,text,true,,1778,444,50,50,http://localhost:5000/,1,0,0
1784906772208,3,03 GET /assets/index.js (main bundle),200,OK,Moderate Load - 50 users over 60s 2-5,text,true,,488575,459,50,50,http://localhost:5000/assets/index.js,2,0,0
1784906754317,17913,08 GET /api/patients/{id} (record with history),200,OK,Moderate Load - 50 users over 60s 2-25,text,true,,11189,459,50,50,http://localhost:5000/api/patients/19,17913,0,0
1784906752424,19808,08 GET /api/patients/{id} (record with history),200,OK,Moderate Load - 50 users over 60s 2-39,text,true,,12340,459,50,50,http://localhost:5000/api/patients/23,19808,0,0
1784906751906,20418,08 GET /api/patients/{id} (record with history),200,OK,Moderate Load - 50 users over 60s 2-38,text,true,,12373,459,50,50,http://localhost:5000/api/patients/31,20418,0,0
1784906771556,779,06 GET /api/patients (paginated list),200,OK,Moderate Load - 50 users over 60s 2-1,text,true,,9999,472,50,50,http://localhost:5000/api/patients?page=6&limit=20,779,0,0
1784906771118,1219,07 GET /api/patients?search= (name search),200,OK,Moderate Load - 50 users over 60s 2-34,text,true,,10071,482,50,50,http://localhost:5000/api/patients?search=uz&page=1&limit=20,1219,0,0
1784906756724,15771,08 GET /api/patients/{id} (record with history),200,OK,Moderate Load - 50 users over 60s 2-15,text,true,,9935,459,50,50,http://localhost:5000/api/patients/15,15771,0,0
1784906772689,4,03 GET /assets/index.js (main bundle),200,OK,Moderate Load - 50 users over 60s 2-14,text,true,,488575,459,50,50,http://localhost:5000/assets/index.js,3,0,0
1784906770979,1737,09 GET /api/appointments (day view),200,OK,Moderate Load - 50 users over 60s 2-24,text,true,,1775,460,50,50,http://localhost:5000/api/appointments,1736,0,0
1784906772720,2,04 GET /assets/index.css,200,OK,Moderate Load - 50 users over 60s 2-5,text,true,,49971,460,50,50,http://localhost:5000/assets/index.css,2,0,0
1784906771540,1451,07 GET /api/patients?search= (name search),200,OK,Moderate Load - 50 users over 60s 2-33,text,true,,1129,482,50,50,http://localhost:5000/api/patients?search=tv&page=1&limit=20,1451,0,0
1784906771399,1716,09 GET /api/appointments (day view),200,OK,Moderate Load - 50 users over 60s 2-37,text,true,,1775,460,50,50,http://localhost:5000/api/appointments,1716,0,0
1784906773205,3,04 GET /assets/index.css,200,OK,Moderate Load - 50 users over 60s 2-14,text,true,,49971,460,50,50,http://localhost:5000/assets/index.css,2,0,0
1784906772440,892,06 GET /api/patients (paginated list),200,OK,Moderate Load - 50 users over 60s 2-3,text,true,,9985,473,50,50,http://localhost:5000/api/patients?page=14&limit=20,892,0,0
1784906773220,116,01 POST /api/auth/login,200,OK,Moderate Load - 50 users over 60s 2-24,text,true,,1469,543,50,50,http://localhost:5000/api/auth/login,116,0,0
1784906771415,1969,09 GET /api/appointments (day view),200,OK,Moderate Load - 50 users over 60s 2-26,text,true,,1775,460,50,50,http://localhost:5000/api/appointments,1969,0,0
1784906773625,106,01 POST /api/auth/login,200,OK,Moderate Load - 50 users over 60s 2-37,text,true,,1469,543,50,50,http://localhost:5000/api/auth/login,106,0,0
1784906771991,1742,07 GET /api/patients?search= (name search),200,OK,Moderate Load - 50 users over 60s 2-13,text,true,,1129,482,50,50,http://localhost:5000/api/patients?search=px&page=1&limit=20,1742,0,0
1784906754682,19059,08 GET /api/patients/{id} (record with history),200,OK,Moderate Load - 50 users over 60s 2-27,text,true,,11742,459,50,50,http://localhost:5000/api/patients/20,19059,0,0
1784906773840,4,02 GET / (index.html),200,OK,Moderate Load - 50 users over 60s 2-24,text,true,,1778,444,50,50,http://localhost:5000/,4,0,0
1784906772473,1397,07 GET /api/patients?search= (name search),200,OK,Moderate Load - 50 users over 60s 2-35,text,true,,1129,482,50,50,http://localhost:5000/api/patients?search=fm&page=1&limit=20,1397,0,0
1784906773886,101,01 POST /api/auth/login,200,OK,Moderate Load - 50 users over 60s 2-26,text,true,,1469,543,50,50,http://localhost:5000/api/auth/login,101,0,0
1784906772161,1867,09 GET /api/appointments (day view),200,OK,Moderate Load - 50 users over 60s 2-40,text,true,,1775,460,50,50,http://localhost:5000/api/appointments,1867,0,0
1784906756016,18028,08 GET /api/patients/{id} (record with history),200,OK,Moderate Load - 50 users over 60s 2-41,text,true,,10599,459,50,50,http://localhost:5000/api/patients/44,18028,0,0
1784906772425,1710,07 GET /api/patients?search= (name search),200,OK,Moderate Load - 50 users over 60s 2-21,text,true,,10059,482,50,50,http://localhost:5000/api/patients?search=in&page=1&limit=20,1710,0,0
1784906772627,1514,07 GET /api/patients?search= (name search),200,OK,Moderate Load - 50 users over 60s 2-12,text,true,,1129,482,50,50,http://localhost:5000/api/patients?search=dg&page=1&limit=20,1514,0,0
1784906774246,8,02 GET / (index.html),200,OK,Moderate Load - 50 users over 60s 2-37,text,true,,1778,444,50,50,http://localhost:5000/,8,0,0
1784906774355,3,03 GET /assets/index.js (main bundle),200,OK,Moderate Load - 50 users over 60s 2-24,text,true,,488575,459,50,50,http://localhost:5000/assets/index.js,2,0,0
1784906772846,1573,07 GET /api/patients?search= (name search),200,OK,Moderate Load - 50 users over 60s 2-1,text,true,,10174,482,50,50,http://localhost:5000/api/patients?search=so&page=1&limit=20,1573,0,0
1784906774495,2,02 GET / (index.html),200,OK,Moderate Load - 50 users over 60s 2-26,text,true,,1778,444,50,50,http://localhost:5000/,2,0,0
1784906772736,1806,09 GET /api/appointments (day view),200,OK,Moderate Load - 50 users over 60s 2-39,text,true,,1775,460,50,50,http://localhost:5000/api/appointments,1806,0,0
1784906772830,1717,09 GET /api/appointments (day view),200,OK,Moderate Load - 50 users over 60s 2-38,text,true,,1775,460,50,50,http://localhost:5000/api/appointments,1717,0,0
1784906774543,139,01 POST /api/auth/login,200,OK,Moderate Load - 50 users over 60s 2-40,text,true,,1469,543,50,50,http://localhost:5000/api/auth/login,139,0,0
1784906772735,2006,09 GET /api/appointments (day view),200,OK,Moderate Load - 50 users over 60s 2-25,text,true,,1775,460,50,50,http://localhost:5000/api/appointments,2006,0,0
1784906774760,3,03 GET /assets/index.js (main bundle),200,OK,Moderate Load - 50 users over 60s 2-37,text,true,,488575,459,50,50,http://localhost:5000/assets/index.js,2,0,0
1784906774869,2,04 GET /assets/index.css,200,OK,Moderate Load - 50 users over 60s 2-24,text,true,,49971,460,50,50,http://localhost:5000/assets/index.css,2,0,0
1784906772223,2677,05 GET /api/dashboard/stats,200,OK,Moderate Load - 50 users over 60s 2-36,text,true,,1188,463,50,50,http://localhost:5000/api/dashboard/stats,2677,0,0
1784906757746,17180,08 GET /api/patients/{id} (record with history),200,OK,Moderate Load - 50 users over 60s 2-43,text,true,,10523,459,50,50,http://localhost:5000/api/patients/46,17180,0,0
1784906773002,1951,09 GET /api/appointments (day view),200,OK,Moderate Load - 50 users over 60s 2-15,text,true,,1775,460,50,50,http://localhost:5000/api/appointments,1951,0,0
1784906775008,4,03 GET /assets/index.js (main bundle),200,OK,Moderate Load - 50 users over 60s 2-26,text,true,,488575,459,50,50,http://localhost:5000/assets/index.js,3,0,0
1784906775055,213,01 POST /api/auth/login,200,OK,Moderate Load - 50 users over 60s 2-38,text,true,,1469,543,50,50,http://localhost:5000/api/auth/login,212,0,0
1784906775055,228,01 POST /api/auth/login,200,OK,Moderate Load - 50 users over 60s 2-39,text,true,,1469,543,50,50,http://localhost:5000/api/auth/login,228,0,0
1784906773840,1564,07 GET /api/patients?search= (name search),200,OK,Moderate Load - 50 users over 60s 2-3,text,true,,10092,482,50,50,http://localhost:5000/api/patients?search=wh&page=1&limit=20,1564,0,0
1784906775184,228,02 GET / (index.html),200,OK,Moderate Load - 50 users over 60s 2-40,text,true,,1778,444,50,50,http://localhost:5000/,228,0,0
1784906775244,177,01 POST /api/auth/login,200,OK,Moderate Load - 50 users over 60s 2-25,text,true,,1469,543,50,50,http://localhost:5000/api/auth/login,177,0,0
1784906775275,146,04 GET /assets/index.css,200,OK,Moderate Load - 50 users over 60s 2-37,text,true,,49971,460,50,50,http://localhost:5000/assets/index.css,146,0,0
1784906775460,112,01 POST /api/auth/login,200,OK,Moderate Load - 50 users over 60s 2-15,text,true,,1469,543,50,50,http://localhost:5000/api/auth/login,112,0,0
1784906775521,75,04 GET /assets/index.css,200,OK,Moderate Load - 50 users over 60s 2-26,text,true,,49971,460,50,50,http://localhost:5000/assets/index.css,75,0,0
1784906773235,2387,05 GET /api/dashboard/stats,200,OK,Moderate Load - 50 users over 60s 2-5,text,true,,1188,463,50,50,http://localhost:5000/api/dashboard/stats,2387,0,0
1784906775767,2,02 GET / (index.html),200,OK,Moderate Load - 50 users over 60s 2-38,text,true,,1778,444,50,50,http://localhost:5000/,2,0,0
1784906775785,1,02 GET / (index.html),200,OK,Moderate Load - 50 users over 60s 2-39,text,true,,1778,444,50,50,http://localhost:5000/,1,0,0
1784906774246,1624,09 GET /api/appointments (day view),200,OK,Moderate Load - 50 users over 60s 2-27,text,true,,1775,460,50,50,http://localhost:5000/api/appointments,1624,0,0
1784906775922,5,02 GET / (index.html),200,OK,Moderate Load - 50 users over 60s 2-25,text,true,,1778,444,50,50,http://localhost:5000/,5,0,0
1784906775922,6,03 GET /assets/index.js (main bundle),200,OK,Moderate Load - 50 users over 60s 2-40,text,true,,488575,459,50,50,http://localhost:5000/assets/index.js,5,0,0
1784906775413,555,06 GET /api/patients (paginated list),200,OK,Moderate Load - 50 users over 60s 2-36,text,true,,10087,473,50,50,http://localhost:5000/api/patients?page=33&limit=20,555,0,0
1784906776077,1,02 GET / (index.html),200,OK,Moderate Load - 50 users over 60s 2-15,text,true,,1778,444,50,50,http://localhost:5000/,1,0,0
1784906758546,17583,08 GET /api/patients/{id} (record with history),200,OK,Moderate Load - 50 users over 60s 2-17,text,true,,10587,459,50,50,http://localhost:5000/api/patients/16,17583,0,0
1784906774558,1704,09 GET /api/appointments (day view),200,OK,Moderate Load - 50 users over 60s 2-41,text,true,,1775,460,50,50,http://localhost:5000/api/appointments,1704,0,0
1784906776281,3,03 GET /assets/index.js (main bundle),200,OK,Moderate Load - 50 users over 60s 2-38,text,true,,488575,459,50,50,http://localhost:5000/assets/index.js,2,0,0
1784906776297,3,03 GET /assets/index.js (main bundle),200,OK,Moderate Load - 50 users over 60s 2-39,text,true,,488575,459,50,50,http://localhost:5000/assets/index.js,2,0,0
1784906776373,102,01 POST /api/auth/login,200,OK,Moderate Load - 50 users over 60s 2-27,text,true,,1469,543,50,50,http://localhost:5000/api/auth/login,102,0,0
1784906773717,2769,05 GET /api/dashboard/stats,200,OK,Moderate Load - 50 users over 60s 2-14,text,true,,1188,463,50,50,http://localhost:5000/api/dashboard/stats,2769,0,0
1784906776435,67,04 GET /assets/index.css,200,OK,Moderate Load - 50 users over 60s 2-40,text,true,,49971,460,50,50,http://localhost:5000/assets/index.css,67,0,0
1784906776435,105,03 GET /assets/index.js (main bundle),200,OK,Moderate Load - 50 users over 60s 2-25,text,true,,488575,459,50,50,http://localhost:5000/assets/index.js,65,0,0
1784906776589,3,03 GET /assets/index.js (main bundle),200,OK,Moderate Load - 50 users over 60s 2-15,text,true,,488575,459,50,50,http://localhost:5000/assets/index.js,2,0,0
1784906776791,2,04 GET /assets/index.css,200,OK,Moderate Load - 50 users over 60s 2-38,text,true,,49971,460,50,50,http://localhost:5000/assets/index.css,1,0,0
1784906776806,1,04 GET /assets/index.css,200,OK,Moderate Load - 50 users over 60s 2-39,text,true,,49971,460,50,50,http://localhost:5000/assets/index.css,1,0,0
1784906776123,698,06 GET /api/patients (paginated list),200,OK,Moderate Load - 50 users over 60s 2-5,text,true,,9970,473,50,50,http://localhost:5000/api/patients?page=34&limit=20,698,0,0
1784906776978,2,02 GET / (index.html),200,OK,Moderate Load - 50 users over 60s 2-27,text,true,,1778,444,50,50,http://localhost:5000/,2,0,0
1784906777055,3,04 GET /assets/index.css,200,OK,Moderate Load - 50 users over 60s 2-25,text,true,,49971,460,50,50,http://localhost:5000/assets/index.css,2,0,0
1784906777101,3,04 GET /assets/index.css,200,OK,Moderate Load - 50 users over 60s 2-15,text,true,,49971,460,50,50,http://localhost:5000/assets/index.css,3,0,1
1784906775441,1700,09 GET /api/appointments (day view),200,OK,Moderate Load - 50 users over 60s 2-43,text,true,,1775,460,50,50,http://localhost:5000/api/appointments,1700,0,0
1784906777491,5,03 GET /assets/index.js (main bundle),200,OK,Moderate Load - 50 users over 60s 2-27,text,true,,488575,459,50,50,http://localhost:5000/assets/index.js,2,0,0
1784906777648,136,01 POST /api/auth/login,200,OK,Moderate Load - 50 users over 60s 2-43,text,true,,1469,543,50,50,http://localhost:5000/api/auth/login,136,0,0
1784906776994,802,06 GET /api/patients (paginated list),200,OK,Moderate Load - 50 users over 60s 2-14,text,true,,10081,472,50,50,http://localhost:5000/api/patients?page=9&limit=20,802,0,1
1784906776480,1506,07 GET /api/patients?search= (name search),200,OK,Moderate Load - 50 users over 60s 2-36,text,true,,1129,482,50,50,http://localhost:5000/api/patients?search=dk&page=1&limit=20,1506,0,0
1784906778004,4,04 GET /assets/index.css,200,OK,Moderate Load - 50 users over 60s 2-27,text,true,,49971,460,50,50,http://localhost:5000/assets/index.css,4,0,0
1784906757050,21015,08 GET /api/patients/{id} (record with history),200,OK,Moderate Load - 50 users over 60s 2-42,text,true,,12376,459,50,50,http://localhost:5000/api/patients/13,21015,0,0
1784906775383,2693,05 GET /api/dashboard/stats,200,OK,Moderate Load - 50 users over 60s 2-24,text,true,,1188,463,50,50,http://localhost:5000/api/dashboard/stats,2693,0,0
1784906756724,21411,08 GET /api/patients/{id} (record with history),200,OK,Moderate Load - 50 users over 60s 2-2,text,true,,12281,459,50,50,http://localhost:5000/api/patients/40,21411,0,0
1784906778285,2,02 GET / (index.html),200,OK,Moderate Load - 50 users over 60s 2-43,text,true,,1778,444,50,50,http://localhost:5000/,2,0,0
1784906758799,19493,08 GET /api/patients/{id} (record with history),200,OK,Moderate Load - 50 users over 60s 2-9,text,true,,11802,459,50,50,http://localhost:5000/api/patients/27,19493,0,0
1784906776636,1938,09 GET /api/appointments (day view),200,OK,Moderate Load - 50 users over 60s 2-17,text,true,,1775,460,50,50,http://localhost:5000/api/appointments,1938,0,0
1784906775922,2679,05 GET /api/dashboard/stats,200,OK,Moderate Load - 50 users over 60s 2-37,text,true,,1188,463,50,50,http://localhost:5000/api/dashboard/stats,2679,0,0
1784906776108,2668,05 GET /api/dashboard/stats,200,OK,Moderate Load - 50 users over 60s 2-26,text,true,,1188,463,50,50,http://localhost:5000/api/dashboard/stats,2668,0,0
1784906778801,5,03 GET /assets/index.js (main bundle),200,OK,Moderate Load - 50 users over 60s 2-43,text,true,,488575,459,50,50,http://localhost:5000/assets/index.js,4,0,0
1784906777336,1577,07 GET /api/patients?search= (name search),200,OK,Moderate Load - 50 users over 60s 2-5,text,true,,1129,482,50,50,http://localhost:5000/api/patients?search=zk&page=1&limit=20,1577,0,0
1784906777320,1874,05 GET /api/dashboard/stats,200,OK,Moderate Load - 50 users over 60s 2-39,text,true,,1188,463,50,50,http://localhost:5000/api/dashboard/stats,1874,0,0
1784906779080,117,01 POST /api/auth/login,200,OK,Moderate Load - 50 users over 60s 2-17,text,true,,1469,543,50,50,http://localhost:5000/api/auth/login,117,0,0
1784906779314,1,04 GET /assets/index.css,200,OK,Moderate Load - 50 users over 60s 2-43,text,true,,49971,460,50,50,http://localhost:5000/assets/index.css,1,0,0
1784906778581,1086,06 GET /api/patients (paginated list),200,OK,Moderate Load - 50 users over 60s 2-24,text,true,,10160,473,50,50,http://localhost:5000/api/patients?page=10&limit=20,1086,0,0
1784906779701,4,02 GET / (index.html),200,OK,Moderate Load - 50 users over 60s 2-17,text,true,,1778,444,50,50,http://localhost:5000/,4,0,1
1784906777009,2758,05 GET /api/dashboard/stats,200,OK,Moderate Load - 50 users over 60s 2-40,text,true,,1188,463,50,50,http://localhost:5000/api/dashboard/stats,2758,0,0
1784906779111,789,06 GET /api/patients (paginated list),200,OK,Moderate Load - 50 users over 60s 2-37,text,true,,10061,473,50,50,http://localhost:5000/api/patients?page=23&limit=20,789,0,0
1784906779282,867,06 GET /api/patients (paginated list),200,OK,Moderate Load - 50 users over 60s 2-26,text,true,,10160,473,50,50,http://localhost:5000/api/patients?page=10&limit=20,867,0,0
1784906777304,2847,05 GET /api/dashboard/stats,200,OK,Moderate Load - 50 users over 60s 2-38,text,true,,1188,463,50,50,http://localhost:5000/api/dashboard/stats,2847,0,0
1784906763619,16590,08 GET /api/patients/{id} (record with history),200,OK,Moderate Load - 50 users over 60s 2-8,text,true,,9935,459,50,50,http://localhost:5000/api/patients/15,16590,0,0
1784906780212,4,03 GET /assets/index.js (main bundle),200,OK,Moderate Load - 50 users over 60s 2-17,text,true,,488575,459,50,50,http://localhost:5000/assets/index.js,2,0,0
1784906778300,1959,07 GET /api/patients?search= (name search),200,OK,Moderate Load - 50 users over 60s 2-14,text,true,,10336,482,50,50,http://localhost:5000/api/patients?search=rk&page=1&limit=20,1959,0,0
1784906777569,2836,05 GET /api/dashboard/stats,200,OK,Moderate Load - 50 users over 60s 2-25,text,true,,1188,463,50,50,http://localhost:5000/api/dashboard/stats,2836,0,0
1784906779701,765,06 GET /api/patients (paginated list),200,OK,Moderate Load - 50 users over 60s 2-39,text,true,,10087,473,50,50,http://localhost:5000/api/patients?page=33&limit=20,765,0,0
1784906777617,2864,05 GET /api/dashboard/stats,200,OK,Moderate Load - 50 users over 60s 2-15,text,true,,1188,463,50,50,http://localhost:5000/api/dashboard/stats,2864,0,0
1784906778645,1839,09 GET /api/appointments (day view),200,OK,Moderate Load - 50 users over 60s 2-2,text,true,,1775,460,50,50,http://localhost:5000/api/appointments,1839,0,1
1784906778566,1946,09 GET /api/appointments (day view),200,OK,Moderate Load - 50 users over 60s 2-42,text,true,,1775,460,50,50,http://localhost:5000/api/appointments,1946,0,0
1784906780731,3,04 GET /assets/index.css,200,OK,Moderate Load - 50 users over 60s 2-17,text,true,,49971,460,50,50,http://localhost:5000/assets/index.css,3,0,0
1784906772269,8583,10 POST /api/ai/pre-appointment/{id},200,OK,Moderate Load - 50 users over 60s 2-23,text,true,,2209,489,50,50,http://localhost:5000/api/ai/pre-appointment/85,8583,0,0
1784906778801,2066,09 GET /api/appointments (day view),200,OK,Moderate Load - 50 users over 60s 2-9,text,true,,1775,460,50,50,http://localhost:5000/api/appointments,2066,0,1
1784906780993,117,01 POST /api/auth/login,200,OK,Moderate Load - 50 users over 60s 2-2,text,true,,1469,543,50,50,http://localhost:5000/api/auth/login,117,0,0
1784906780275,958,06 GET /api/patients (paginated list),200,OK,Moderate Load - 50 users over 60s 2-40,text,true,,9890,472,50,50,http://localhost:5000/api/patients?page=2&limit=20,958,0,0
1784906759580,21656,08 GET /api/patients/{id} (record with history),200,OK,Moderate Load - 50 users over 60s 2-44,text,true,,12264,459,50,50,http://localhost:5000/api/patients/26,21655,0,0
1784906781024,215,01 POST /api/auth/login,200,OK,Moderate Load - 50 users over 60s 2-42,text,true,,1469,543,50,50,http://localhost:5000/api/auth/login,215,0,0
1784906762060,19180,08 GET /api/patients/{id} (record with history),200,OK,Moderate Load - 50 users over 60s 2-7,text,true,,11189,459,50,50,http://localhost:5000/api/patients/19,19180,0,0
1784906778520,2774,05 GET /api/dashboard/stats,200,OK,Moderate Load - 50 users over 60s 2-27,text,true,,1188,463,50,50,http://localhost:5000/api/dashboard/stats,2774,0,0
1784906781367,110,01 POST /api/auth/login,200,OK,Moderate Load - 50 users over 60s 2-23,text,true,,1469,543,50,50,http://localhost:5000/api/auth/login,110,0,0
1784906780652,830,06 GET /api/patients (paginated list),200,OK,Moderate Load - 50 users over 60s 2-38,text,true,,10160,473,50,50,http://localhost:5000/api/patients?page=10&limit=20,830,0,0
1784906760127,21473,08 GET /api/patients/{id} (record with history),200,OK,Moderate Load - 50 users over 60s 2-45,text,true,,11965,458,50,50,http://localhost:5000/api/patients/1,21473,0,0
1784906780993,610,06 GET /api/patients (paginated list),200,OK,Moderate Load - 50 users over 60s 2-15,text,true,,9932,473,50,50,http://localhost:5000/api/patients?page=40&limit=20,610,0,0
1784906781383,223,01 POST /api/auth/login,200,OK,Moderate Load - 50 users over 60s 2-9,text,true,,1469,543,50,50,http://localhost:5000/api/auth/login,223,0,0
1784906781617,2,02 GET / (index.html),200,OK,Moderate Load - 50 users over 60s 2-2,text,true,,1778,444,50,50,http://localhost:5000/,2,0,0
1784906780917,733,06 GET /api/patients (paginated list),200,OK,Moderate Load - 50 users over 60s 2-25,text,true,,9970,473,50,50,http://localhost:5000/api/patients?page=34&limit=20,733,0,0
1784906762200,19511,08 GET /api/patients/{id} (record with history),200,OK,Moderate Load - 50 users over 60s 2-6,text,true,,11155,459,50,50,http://localhost:5000/api/patients/30,19511,0,0
1784906781742,8,02 GET / (index.html),200,OK,Moderate Load - 50 users over 60s 2-42,text,true,,1778,444,50,50,http://localhost:5000/,8,0,0
1784906780402,1401,07 GET /api/patients?search= (name search),200,OK,Moderate Load - 50 users over 60s 2-37,text,true,,1129,482,50,50,http://localhost:5000/api/patients?search=mr&page=1&limit=20,1401,0,0
1784906780182,1802,07 GET /api/patients?search= (name search),200,OK,Moderate Load - 50 users over 60s 2-24,text,true,,10059,482,50,50,http://localhost:5000/api/patients?search=er&page=1&limit=20,1802,0,0
1784906781990,6,02 GET / (index.html),200,OK,Moderate Load - 50 users over 60s 2-23,text,true,,1778,444,50,50,http://localhost:5000/,6,0,0
1784906782115,6,02 GET / (index.html),200,OK,Moderate Load - 50 users over 60s 2-9,text,true,,1778,444,50,50,http://localhost:5000/,6,0,0
1784906782131,3,03 GET /assets/index.js (main bundle),200,OK,Moderate Load - 50 users over 60s 2-2,text,true,,488575,459,50,50,http://localhost:5000/assets/index.js,2,0,0
1784906780652,1494,07 GET /api/patients?search= (name search),200,OK,Moderate Load - 50 users over 60s 2-26,text,true,,10019,482,50,50,http://localhost:5000/api/patients?search=ce&page=1&limit=20,1494,0,0
1784906780978,1255,07 GET /api/patients?search= (name search),200,OK,Moderate Load - 50 users over 60s 2-39,text,true,,10045,482,50,50,http://localhost:5000/api/patients?search=va&page=1&limit=20,1255,0,0
1784906782257,3,03 GET /assets/index.js (main bundle),200,OK,Moderate Load - 50 users over 60s 2-42,text,true,,488575,459,50,50,http://localhost:5000/assets/index.js,2,0,0
1784906779825,2686,05 GET /api/dashboard/stats,200,OK,Moderate Load - 50 users over 60s 2-43,text,true,,1188,463,50,50,http://localhost:5000/api/dashboard/stats,2686,0,0
1784906782508,3,03 GET /assets/index.js (main bundle),200,OK,Moderate Load - 50 users over 60s 2-23,text,true,,488575,459,50,50,http://localhost:5000/assets/index.js,2,0,0
1784906780715,1821,09 GET /api/appointments (day view),200,OK,Moderate Load - 50 users over 60s 2-8,text,true,,1775,460,50,50,http://localhost:5000/api/appointments,1821,0,1
1784906782636,2,04 GET /assets/index.css,200,OK,Moderate Load - 50 users over 60s 2-2,text,true,,49971,460,50,50,http://localhost:5000/assets/index.css,2,0,0
1784906782634,5,03 GET /assets/index.js (main bundle),200,OK,Moderate Load - 50 users over 60s 2-9,text,true,,488575,459,50,50,http://localhost:5000/assets/index.js,2,0,0
1784906782775,2,04 GET /assets/index.css,200,OK,Moderate Load - 50 users over 60s 2-42,text,true,,49971,460,50,50,http://localhost:5000/assets/index.css,2,0,0
1784906781804,1027,06 GET /api/patients (paginated list),200,OK,Moderate Load - 50 users over 60s 2-27,text,true,,10025,472,50,50,http://localhost:5000/api/patients?page=1&limit=20,1027,0,0
1784906783025,3,04 GET /assets/index.css,200,OK,Moderate Load - 50 users over 60s 2-23,text,true,,49971,460,50,50,http://localhost:5000/assets/index.css,3,0,0
1784906762574,20461,08 GET /api/patients/{id} (record with history),200,OK,Moderate Load - 50 users over 60s 2-16,text,true,,11802,459,50,50,http://localhost:5000/api/patients/27,20461,0,0
1784906761495,21664,08 GET /api/patients/{id} (record with history),200,OK,Moderate Load - 50 users over 60s 2-46,text,true,,12384,459,50,50,http://localhost:5000/api/patients/17,21664,0,0
1784906781742,1419,07 GET /api/patients?search= (name search),200,OK,Moderate Load - 50 users over 60s 2-40,text,true,,1129,482,50,50,http://localhost:5000/api/patients?search=bc&page=1&limit=20,1419,0,0
1784906783040,126,01 POST /api/auth/login,200,OK,Moderate Load - 50 users over 60s 2-8,text,true,,1469,543,50,50,http://localhost:5000/api/auth/login,126,0,0
1784906783150,38,04 GET /assets/index.css,200,OK,Moderate Load - 50 users over 60s 2-9,text,true,,49971,460,50,50,http://localhost:5000/assets/index.css,38,0,0
1784906762498,20692,08 GET /api/patients/{id} (record with history),200,OK,Moderate Load - 50 users over 60s 2-28,text,true,,11740,459,50,50,http://localhost:5000/api/patients/42,20692,0,0
1784906781742,1770,09 GET /api/appointments (day view),200,OK,Moderate Load - 50 users over 60s 2-44,text,true,,1775,460,50,50,http://localhost:5000/api/appointments,1770,0,0
1784906765335,18179,08 GET /api/patients/{id} (record with history),200,OK,Moderate Load - 50 users over 60s 2-29,text,true,,10587,459,50,50,http://localhost:5000/api/patients/16,18179,0,0
1784906782115,1401,07 GET /api/patients?search= (name search),200,OK,Moderate Load - 50 users over 60s 2-15,text,true,,1129,482,50,50,http://localhost:5000/api/patients?search=vv&page=1&limit=20,1401,0,0
1784906783025,563,06 GET /api/patients (paginated list),200,OK,Moderate Load - 50 users over 60s 2-43,text,true,,10048,473,50,50,http://localhost:5000/api/patients?page=43&limit=20,563,0,0
1784906781742,1852,09 GET /api/appointments (day view),200,OK,Moderate Load - 50 users over 60s 2-7,text,true,,1775,460,50,50,http://localhost:5000/api/appointments,1852,0,1
1784906762824,20785,08 GET /api/patients/{id} (record with history),200,OK,Moderate Load - 50 users over 60s 2-47,text,true,,12416,459,50,50,http://localhost:5000/api/patients/10,20785,0,0
1784906783678,2,02 GET / (index.html),200,OK,Moderate Load - 50 users over 60s 2-8,text,true,,1778,444,50,50,http://localhost:5000/,2,0,0
1784906781990,1799,07 GET /api/patients?search= (name search),200,OK,Moderate Load - 50 users over 60s 2-38,text,true,,1129,482,50,50,http://localhost:5000/api/patients?search=nh&page=1&limit=20,1799,0,0
1784906782163,1786,07 GET /api/patients?search= (name search),200,OK,Moderate Load - 50 users over 60s 2-25,text,true,,9972,482,50,50,http://localhost:5000/api/patients?search=he&page=1&limit=20,1786,0,0
1784906782115,2018,09 GET /api/appointments (day view),200,OK,Moderate Load - 50 users over 60s 2-45,text,true,,1775,460,50,50,http://localhost:5000/api/appointments,2018,0,0
1784906781241,2898,05 GET /api/dashboard/stats,200,OK,Moderate Load - 50 users over 60s 2-17,text,true,,1188,463,50,50,http://localhost:5000/api/dashboard/stats,2898,0,0
1784906784021,125,01 POST /api/auth/login,200,OK,Moderate Load - 50 users over 60s 2-44,text,true,,1469,543,50,50,http://localhost:5000/api/auth/login,125,0,0
1784906782226,2039,09 GET /api/appointments (day view),200,OK,Moderate Load - 50 users over 60s 2-6,text,true,,1775,460,50,50,http://localhost:5000/api/appointments,2039,0,1
1784906784099,170,01 POST /api/auth/login,200,OK,Moderate Load - 50 users over 60s 2-7,text,true,,1469,543,50,50,http://localhost:5000/api/auth/login,170,0,0
1784906784192,82,03 GET /assets/index.js (main bundle),200,OK,Moderate Load - 50 users over 60s 2-8,text,true,,488575,459,50,50,http://localhost:5000/assets/index.js,81,0,0
1784906783337,1421,07 GET /api/patients?search= (name search),200,OK,Moderate Load - 50 users over 60s 2-27,text,true,,1129,482,50,50,http://localhost:5000/api/patients?search=lf&page=1&limit=20,1421,0,0
1784906784642,117,01 POST /api/auth/login,200,OK,Moderate Load - 50 users over 60s 2-45,text,true,,1469,543,50,50,http://localhost:5000/api/auth/login,117,0,0
1784906784657,115,02 GET / (index.html),200,OK,Moderate Load - 50 users over 60s 2-44,text,true,,1778,444,50,50,http://localhost:5000/,115,0,0
1784906783292,1603,05 GET /api/dashboard/stats,200,OK,Moderate Load - 50 users over 60s 2-42,text,true,,1188,463,50,50,http://localhost:5000/api/dashboard/stats,1603,0,0
1784906783150,1746,05 GET /api/dashboard/stats,200,OK,Moderate Load - 50 users over 60s 2-2,text,true,,1188,463,50,50,http://localhost:5000/api/dashboard/stats,1746,0,0
1784906784767,131,01 POST /api/auth/login,200,OK,Moderate Load - 50 users over 60s 2-6,text,true,,1469,543,50,50,http://localhost:5000/api/auth/login,131,0,0
1784906784783,124,02 GET / (index.html),200,OK,Moderate Load - 50 users over 60s 2-7,text,true,,1778,444,50,50,http://localhost:5000/,124,0,0
1784906784783,125,04 GET /assets/index.css,200,OK,Moderate Load - 50 users over 60s 2-8,text,true,,49971,460,50,50,http://localhost:5000/assets/index.css,124,0,0
1784906784642,584,06 GET /api/patients (paginated list),200,OK,Moderate Load - 50 users over 60s 2-17,text,true,,10066,473,50,50,http://localhost:5000/api/patients?page=46&limit=20,584,0,0
1784906785268,4,02 GET / (index.html),200,OK,Moderate Load - 50 users over 60s 2-45,text,true,,1778,444,50,50,http://localhost:5000/,4,0,0
1784906785284,4,03 GET /assets/index.js (main bundle),200,OK,Moderate Load - 50 users over 60s 2-44,text,true,,488575,459,50,50,http://localhost:5000/assets/index.js,3,0,0
1784906783663,1688,09 GET /api/appointments (day view),200,OK,Moderate Load - 50 users over 60s 2-46,text,true,,1775,460,50,50,http://localhost:5000/api/appointments,1688,0,0
1784906783537,1855,05 GET /api/dashboard/stats,200,OK,Moderate Load - 50 users over 60s 2-23,text,true,,1188,463,50,50,http://localhost:5000/api/dashboard/stats,1855,0,0
1784906785409,7,02 GET / (index.html),200,OK,Moderate Load - 50 users over 60s 2-6,text,true,,1778,444,50,50,http://localhost:5000/,7,0,0
1784906785409,9,03 GET /assets/index.js (main bundle),200,OK,Moderate Load - 50 users over 60s 2-7,text,true,,488575,459,50,50,http://localhost:5000/assets/index.js,7,0,0
1784906784099,1327,07 GET /api/patients?search= (name search),200,OK,Moderate Load - 50 users over 60s 2-43,text,true,,1129,482,50,50,http://localhost:5000/api/patients?search=bk&page=1&limit=20,1327,0,0
1784906783693,1774,09 GET /api/appointments (day view),200,OK,Moderate Load - 50 users over 60s 2-28,text,true,,1775,460,50,50,http://localhost:5000/api/appointments,1774,0,0
1784906767544,17995,08 GET /api/patients/{id} (record with history),200,OK,Moderate Load - 50 users over 60s 2-31,text,true,,10599,459,50,50,http://localhost:5000/api/patients/44,17995,0,0
1784906783537,2007,09 GET /api/appointments (day view),200,OK,Moderate Load - 50 users over 60s 2-16,text,true,,1775,460,50,50,http://localhost:5000/api/appointments,2007,0,1
1784906765242,20326,08 GET /api/patients/{id} (record with history),200,OK,Moderate Load - 50 users over 60s 2-49,text,true,,11742,459,50,50,http://localhost:5000/api/patients/20,20326,0,0
1784906767107,18466,08 GET /api/patients/{id} (record with history),200,OK,Moderate Load - 50 users over 60s 2-50,text,true,,10516,459,50,50,http://localhost:5000/api/patients/36,18466,0,0
1784906776775,8814,10 POST /api/ai/pre-appointment/{id},200,OK,Moderate Load - 50 users over 60s 2-41,text,true,,2537,490,50,50,http://localhost:5000/api/ai/pre-appointment/582,8814,0,0
1784906768197,17417,08 GET /api/patients/{id} (record with history),200,OK,Moderate Load - 50 users over 60s 2-32,text,true,,9935,459,50,50,http://localhost:5000/api/patients/15,17417,0,0
1784906784021,1707,09 GET /api/appointments (day view),200,OK,Moderate Load - 50 users over 60s 2-29,text,true,,1775,460,50,50,http://localhost:5000/api/appointments,1707,0,0
1784906785779,3,03 GET /assets/index.js (main bundle),200,OK,Moderate Load - 50 users over 60s 2-45,text,true,,488575,459,50,50,http://localhost:5000/assets/index.js,2,0,0
1784906785795,1,04 GET /assets/index.css,200,OK,Moderate Load - 50 users over 60s 2-44,text,true,,49971,460,50,50,http://localhost:5000/assets/index.css,1,0,0
1784906785858,108,01 POST /api/auth/login,200,OK,Moderate Load - 50 users over 60s 2-46,text,true,,1469,543,50,50,http://localhost:5000/api/auth/login,108,0,0
1784906785920,66,04 GET /assets/index.css,200,OK,Moderate Load - 50 users over 60s 2-7,text,true,,49971,460,50,50,http://localhost:5000/assets/index.css,66,0,0
1784906785409,584,06 GET /api/patients (paginated list),200,OK,Moderate Load - 50 users over 60s 2-2,text,true,,10180,473,50,50,http://localhost:5000/api/patients?page=11&limit=20,584,0,0
1784906785409,703,06 GET /api/patients (paginated list),200,OK,Moderate Load - 50 users over 60s 2-42,text,true,,9932,473,50,50,http://localhost:5000/api/patients?page=40&limit=20,703,0,0
1784906785981,155,01 POST /api/auth/login,200,OK,Moderate Load - 50 users over 60s 2-28,text,true,,1469,543,50,50,http://localhost:5000/api/auth/login,155,0,0
1784906784114,2132,09 GET /api/appointments (day view),200,OK,Moderate Load - 50 users over 60s 2-47,text,true,,1775,460,50,50,http://localhost:5000/api/appointments,2132,0,0
1784906786090,179,01 POST /api/auth/login,200,OK,Moderate Load - 50 users over 60s 2-41,text,true,,1469,543,50,50,http://localhost:5000/api/auth/login,179,0,0
1784906785920,467,03 GET /assets/index.js (main bundle),200,OK,Moderate Load - 50 users over 60s 2-6,text,true,,488575,459,50,50,http://localhost:5000/assets/index.js,65,0,0
1784906783693,2697,05 GET /api/dashboard/stats,200,OK,Moderate Load - 50 users over 60s 2-9,text,true,,1188,463,50,50,http://localhost:5000/api/dashboard/stats,2696,0,0
1784906786232,163,01 POST /api/auth/login,200,OK,Moderate Load - 50 users over 60s 2-29,text,true,,1469,543,50,50,http://localhost:5000/api/auth/login,163,0,0
1784906786295,111,04 GET /assets/index.css,200,OK,Moderate Load - 50 users over 60s 2-45,text,true,,49971,460,50,50,http://localhost:5000/assets/index.css,111,0,0
1784906785904,552,06 GET /api/patients (paginated list),200,OK,Moderate Load - 50 users over 60s 2-23,text,true,,9938,473,50,50,http://localhost:5000/api/patients?page=26&limit=20,552,0,0
1784906765146,21320,08 GET /api/patients/{id} (record with history),200,OK,Moderate Load - 50 users over 60s 2-48,text,true,,11965,458,50,50,http://localhost:5000/api/patients/1,21320,0,0
1784906786480,2,02 GET / (index.html),200,OK,Moderate Load - 50 users over 60s 2-46,text,true,,1778,444,50,50,http://localhost:5000/,2,0,0
1784906768413,18154,08 GET /api/patients/{id} (record with history),200,OK,Moderate Load - 50 users over 60s 2-19,text,true,,10516,459,50,50,http://localhost:5000/api/patients/36,18154,0,0
1784906768507,18091,08 GET /api/patients/{id} (record with history),200,OK,Moderate Load - 50 users over 60s 2-18,text,true,,10516,459,50,50,http://localhost:5000/api/patients/36,18091,0,0
1784906786651,1,02 GET / (index.html),200,OK,Moderate Load - 50 users over 60s 2-28,text,true,,1778,444,50,50,http://localhost:5000/,1,0,0
1784906786759,104,01 POST /api/auth/login,200,OK,Moderate Load - 50 users over 60s 2-47,text,true,,1469,543,50,50,http://localhost:5000/api/auth/login,104,0,0
1784906786775,101,02 GET / (index.html),200,OK,Moderate Load - 50 users over 60s 2-41,text,true,,1778,444,50,50,http://localhost:5000/,101,0,0
1784906786897,4,02 GET / (index.html),200,OK,Moderate Load - 50 users over 60s 2-29,text,true,,1778,444,50,50,http://localhost:5000/,4,0,0
1784906786897,4,04 GET /assets/index.css,200,OK,Moderate Load - 50 users over 60s 2-6,text,true,,49971,460,50,50,http://localhost:5000/assets/index.css,4,0,0
1784906785409,1562,05 GET /api/dashboard/stats,200,OK,Moderate Load - 50 users over 60s 2-8,text,true,,1188,463,50,50,http://localhost:5000/api/dashboard/stats,1562,0,0
1784906786990,3,03 GET /assets/index.js (main bundle),200,OK,Moderate Load - 50 users over 60s 2-46,text,true,,488575,459,50,50,http://localhost:5000/assets/index.js,2,0,0
1784906787162,3,03 GET /assets/index.js (main bundle),200,OK,Moderate Load - 50 users over 60s 2-28,text,true,,488575,459,50,50,http://localhost:5000/assets/index.js,2,0,0
1784906785733,1610,07 GET /api/patients?search= (name search),200,OK,Moderate Load - 50 users over 60s 2-17,text,true,,1129,482,50,50,http://localhost:5000/api/patients?search=mg&page=1&limit=20,1610,0,0
1784906787364,2,02 GET / (index.html),200,OK,Moderate Load - 50 users over 60s 2-47,text,true,,1778,444,50,50,http://localhost:5000/,2,0,0
1784906787381,3,03 GET /assets/index.js (main bundle),200,OK,Moderate Load - 50 users over 60s 2-41,text,true,,488575,459,50,50,http://localhost:5000/assets/index.js,2,0,0
1784906787412,5,03 GET /assets/index.js (main bundle),200,OK,Moderate Load - 50 users over 60s 2-29,text,true,,488575,459,50,50,http://localhost:5000/assets/index.js,4,0,0
1784906767123,20350,08 GET /api/patients/{id} (record with history),200,OK,Moderate Load - 50 users over 60s 2-10,text,true,,11802,459,50,50,http://localhost:5000/api/patients/27,20350,0,0
1784906786075,1422,09 GET /api/appointments (day view),200,OK,Moderate Load - 50 users over 60s 2-49,text,true,,1775,460,50,50,http://localhost:5000/api/appointments,1422,0,0
1784906787507,2,04 GET /assets/index.css,200,OK,Moderate Load - 50 users over 60s 2-46,text,true,,49971,460,50,50,http://localhost:5000/assets/index.css,2,0,0
1784906786897,747,06 GET /api/patients (paginated list),200,OK,Moderate Load - 50 users over 60s 2-9,text,true,,10061,473,50,50,http://localhost:5000/api/patients?page=23&limit=20,747,0,0
1784906787677,2,04 GET /assets/index.css,200,OK,Moderate Load - 50 users over 60s 2-28,text,true,,49971,460,50,50,http://localhost:5000/assets/index.css,2,0,0
1784906768274,19552,08 GET /api/patients/{id} (record with history),200,OK,Moderate Load - 50 users over 60s 2-30,text,true,,11189,459,50,50,http://localhost:5000/api/patients/19,19552,0,0
1784906786043,1791,09 GET /api/appointments (day view),200,OK,Moderate Load - 50 users over 60s 2-31,text,true,,1775,460,50,50,http://localhost:5000/api/appointments,1791,0,0
1784906769347,18490,08 GET /api/patients/{id} (record with history),200,OK,Moderate Load - 50 users over 60s 2-11,text,true,,11189,459,50,50,http://localhost:5000/api/patients/19,18490,0,0
1784906787878,4,03 GET /assets/index.js (main bundle),200,OK,Moderate Load - 50 users over 60s 2-47,text,true,,488575,459,50,50,http://localhost:5000/assets/index.js,2,0,0
1784906786075,1809,09 GET /api/appointments (day view),200,OK,Moderate Load - 50 users over 60s 2-50,text,true,,1775,460,50,50,http://localhost:5000/api/appointments,1809,0,0
1784906787894,2,04 GET /assets/index.css,200,OK,Moderate Load - 50 users over 60s 2-41,text,true,,49971,460,50,50,http://localhost:5000/assets/index.css,2,0,0
1784906786122,1775,09 GET /api/appointments (day view),200,OK,Moderate Load - 50 users over 60s 2-32,text,true,,1775,460,50,50,http://localhost:5000/api/appointments,1775,0,0
1784906787924,2,04 GET /assets/index.css,200,OK,Moderate Load - 50 users over 60s 2-29,text,true,,49971,460,50,50,http://localhost:5000/assets/index.css,2,0,0
1784906788000,96,01 POST /api/auth/login,200,OK,Moderate Load - 50 users over 60s 2-49,text,true,,1469,543,50,50,http://localhost:5000/api/auth/login,96,0,0
1784906786620,1480,07 GET /api/patients?search= (name search),200,OK,Moderate Load - 50 users over 60s 2-42,text,true,,1129,482,50,50,http://localhost:5000/api/patients?search=vn&page=1&limit=20,1480,0,0
1784906786496,1629,07 GET /api/patients?search= (name search),200,OK,Moderate Load - 50 users over 60s 2-2,text,true,,9840,482,50,50,http://localhost:5000/api/patients?search=hm&page=1&limit=20,1629,0,0
1784906787475,689,06 GET /api/patients (paginated list),200,OK,Moderate Load - 50 users over 60s 2-8,text,true,,9932,473,50,50,http://localhost:5000/api/patients?page=37&limit=20,689,0,0
1784906786959,1508,07 GET /api/patients?search= (name search),200,OK,Moderate Load - 50 users over 60s 2-23,text,true,,10041,482,50,50,http://localhost:5000/api/patients?search=il&page=1&limit=20,1507,0,1
1784906788344,129,01 POST /api/auth/login,200,OK,Moderate Load - 50 users over 60s 2-31,text,true,,1469,543,50,50,http://localhost:5000/api/auth/login,129,0,0
1784906788391,324,01 POST /api/auth/login,200,OK,Moderate Load - 50 users over 60s 2-50,text,true,,1469,543,50,50,http://localhost:5000/api/auth/login,324,0,0
1784906788406,311,01 POST /api/auth/login,200,OK,Moderate Load - 50 users over 60s 2-32,text,true,,1469,543,50,50,http://localhost:5000/api/auth/login,311,0,0
1784906788391,327,04 GET /assets/index.css,200,OK,Moderate Load - 50 users over 60s 2-47,text,true,,49971,460,50,50,http://localhost:5000/assets/index.css,327,0,0
1784906788608,129,02 GET / (index.html),200,OK,Moderate Load - 50 users over 60s 2-49,text,true,,1778,444,50,50,http://localhost:5000/,129,0,0
1784906786975,1763,09 GET /api/appointments (day view),200,OK,Moderate Load - 50 users over 60s 2-48,text,true,,1775,460,50,50,http://localhost:5000/api/appointments,1763,0,0
1784906786059,2711,10 POST /api/ai/pre-appointment/{id},200,OK,Moderate Load - 50 users over 60s 2-16,text,true,,2259,490,50,50,http://localhost:5000/api/ai/pre-appointment/168,2711,0,0
1784906787099,1720,09 GET /api/appointments (day view),200,OK,Moderate Load - 50 users over 60s 2-18,text,true,,1775,460,50,50,http://localhost:5000/api/appointments,1720,0,1
1784906787069,1795,09 GET /api/appointments (day view),200,OK,Moderate Load - 50 users over 60s 2-19,text,true,,1775,460,50,50,http://localhost:5000/api/appointments,1795,0,2
1784906786496,2424,05 GET /api/dashboard/stats,200,OK,Moderate Load - 50 users over 60s 2-7,text,true,,1188,463,50,50,http://localhost:5000/api/dashboard/stats,2424,0,0
1784906786310,2637,05 GET /api/dashboard/stats,200,OK,Moderate Load - 50 users over 60s 2-44,text,true,,1188,463,50,50,http://localhost:5000/api/dashboard/stats,2637,0,0
1784906788980,4,02 GET / (index.html),200,OK,Moderate Load - 50 users over 60s 2-31,text,true,,1778,444,50,50,http://localhost:5000/,4,0,0
1784906789227,4,02 GET / (index.html),200,OK,Moderate Load - 50 users over 60s 2-32,text,true,,1778,444,50,50,http://localhost:5000/,4,0,0
1784906789227,4,02 GET / (index.html),200,OK,Moderate Load - 50 users over 60s 2-50,text,true,,1778,444,50,50,http://localhost:5000/,4,0,0
1784906789243,5,03 GET /assets/index.js (main bundle),200,OK,Moderate Load - 50 users over 60s 2-49,text,true,,488575,459,50,50,http://localhost:5000/assets/index.js,4,0,0
1784906789243,117,01 POST /api/auth/login,200,OK,Moderate Load - 50 users over 60s 2-48,text,true,,1469,543,50,50,http://localhost:5000/api/auth/login,117,0,0
1784906786912,2682,05 GET /api/dashboard/stats,200,OK,Moderate Load - 50 users over 60s 2-45,text,true,,1188,463,50,50,http://localhost:5000/api/dashboard/stats,2682,0,0
1784906789274,322,01 POST /api/auth/login,200,OK,Moderate Load - 50 users over 60s 2-16,text,true,,1469,543,50,50,http://localhost:5000/api/auth/login,322,0,0
1784906789321,277,01 POST /api/auth/login,200,OK,Moderate Load - 50 users over 60s 2-18,text,true,,1469,543,50,50,http://localhost:5000/api/auth/login,277,0,0
1784906788187,1532,05 GET /api/dashboard/stats,200,OK,Moderate Load - 50 users over 60s 2-28,text,true,,1188,463,50,50,http://localhost:5000/api/dashboard/stats,1532,0,0
1784906788406,1314,05 GET /api/dashboard/stats,200,OK,Moderate Load - 50 users over 60s 2-41,text,true,,1188,463,50,50,http://localhost:5000/api/dashboard/stats,1314,0,0
1784906789368,355,01 POST /api/auth/login,200,OK,Moderate Load - 50 users over 60s 2-19,text,true,,1469,543,50,50,http://localhost:5000/api/auth/login,355,0,0
1784906787985,1762,09 GET /api/appointments (day view),200,OK,Moderate Load - 50 users over 60s 2-10,text,true,,1775,460,50,50,http://localhost:5000/api/appointments,1762,0,1
1784906789493,255,03 GET /assets/index.js (main bundle),200,OK,Moderate Load - 50 users over 60s 2-31,text,true,,488575,459,50,50,http://localhost:5000/assets/index.js,233,0,0
1784906789741,8,03 GET /assets/index.js (main bundle),200,OK,Moderate Load - 50 users over 60s 2-32,text,true,,488575,459,50,50,http://localhost:5000/assets/index.js,7,0,0
1784906789741,9,03 GET /assets/index.js (main bundle),200,OK,Moderate Load - 50 users over 60s 2-50,text,true,,488575,459,50,50,http://localhost:5000/assets/index.js,7,0,0
1784906789756,2,04 GET /assets/index.css,200,OK,Moderate Load - 50 users over 60s 2-49,text,true,,49971,460,50,50,http://localhost:5000/assets/index.css,2,0,0
1784906788328,1437,09 GET /api/appointments (day view),200,OK,Moderate Load - 50 users over 60s 2-30,text,true,,1775,460,50,50,http://localhost:5000/api/appointments,1437,0,0
1784906788156,1612,07 GET /api/patients?search= (name search),200,OK,Moderate Load - 50 users over 60s 2-9,text,true,,10105,482,50,50,http://localhost:5000/api/patients?search=sk&page=1&limit=20,1612,0,0
1784906771571,18211,08 GET /api/patients/{id} (record with history),200,OK,Moderate Load - 50 users over 60s 2-22,text,true,,10587,459,50,50,http://localhost:5000/api/patients/16,18211,0,0
1784906787412,2411,05 GET /api/dashboard/stats,200,OK,Moderate Load - 50 users over 60s 2-6,text,true,,1188,463,50,50,http://localhost:5000/api/dashboard/stats,2411,0,0
1784906789865,1,02 GET / (index.html),200,OK,Moderate Load - 50 users over 60s 2-48,text,true,,1778,444,50,50,http://localhost:5000/,1,0,0
1784906788344,1642,09 GET /api/appointments (day view),200,OK,Moderate Load - 50 users over 60s 2-11,text,true,,1775,460,50,50,http://localhost:5000/api/appointments,1642,0,1
1784906789431,635,06 GET /api/patients (paginated list),200,OK,Moderate Load - 50 users over 60s 2-7,text,true,,10017,472,50,50,http://localhost:5000/api/patients?page=5&limit=20,635,0,0
1784906789462,610,06 GET /api/patients (paginated list),200,OK,Moderate Load - 50 users over 60s 2-44,text,true,,9938,473,50,50,http://localhost:5000/api/patients?page=26&limit=20,610,0,0
1784906788669,1423,07 GET /api/patients?search= (name search),200,OK,Moderate Load - 50 users over 60s 2-8,text,true,,9855,482,50,50,http://localhost:5000/api/patients?search=sa&page=1&limit=20,1423,0,0
1784906790099,4,02 GET / (index.html),200,OK,Moderate Load - 50 users over 60s 2-18,text,true,,1778,444,50,50,http://localhost:5000/,4,0,0
1784906790099,4,02 GET / (index.html),200,OK,Moderate Load - 50 users over 60s 2-16,text,true,,1778,444,50,50,http://localhost:5000/,4,0,0
1784906790239,2,02 GET / (index.html),200,OK,Moderate Load - 50 users over 60s 2-19,text,true,,1778,444,50,50,http://localhost:5000/,2,0,0
1784906790254,6,04 GET /assets/index.css,200,OK,Moderate Load - 50 users over 60s 2-32,text,true,,49971,460,50,50,http://localhost:5000/assets/index.css,6,0,0
1784906790254,6,04 GET /assets/index.css,200,OK,Moderate Load - 50 users over 60s 2-31,text,true,,49971,460,50,50,http://localhost:5000/assets/index.css,6,0,0
1784906790254,6,04 GET /assets/index.css,200,OK,Moderate Load - 50 users over 60s 2-50,text,true,,49971,460,50,50,http://localhost:5000/assets/index.css,6,0,0
1784906772565,17816,08 GET /api/patients/{id} (record with history),200,OK,Moderate Load - 50 users over 60s 2-4,text,true,,10523,459,50,50,http://localhost:5000/api/patients/46,17816,0,0
1784906790269,124,01 POST /api/auth/login,200,OK,Moderate Load - 50 users over 60s 2-30,text,true,,1469,543,50,50,http://localhost:5000/api/auth/login,124,0,0
1784906788016,2405,05 GET /api/dashboard/stats,200,OK,Moderate Load - 50 users over 60s 2-46,text,true,,1188,463,50,50,http://localhost:5000/api/dashboard/stats,2405,0,0
1784906790378,91,03 GET /assets/index.js (main bundle),200,OK,Moderate Load - 50 users over 60s 2-48,text,true,,488575,459,50,50,http://localhost:5000/assets/index.js,51,0,0
1784906790488,124,01 POST /api/auth/login,200,OK,Moderate Load - 50 users over 60s 2-11,text,true,,1469,543,50,50,http://localhost:5000/api/auth/login,124,0,0
1784906788438,2197,05 GET /api/dashboard/stats,200,OK,Moderate Load - 50 users over 60s 2-29,text,true,,1188,463,50,50,http://localhost:5000/api/dashboard/stats,2197,0,0
1784906790611,24,03 GET /assets/index.js (main bundle),200,OK,Moderate Load - 50 users over 60s 2-18,text,true,,488575,459,50,50,http://localhost:5000/assets/index.js,11,0,0
1784906790611,24,03 GET /assets/index.js (main bundle),200,OK,Moderate Load - 50 users over 60s 2-16,text,true,,488575,459,50,50,http://localhost:5000/assets/index.js,11,0,0
1784906790099,544,06 GET /api/patients (paginated list),200,OK,Moderate Load - 50 users over 60s 2-45,text,true,,10119,473,50,50,http://localhost:5000/api/patients?page=50&limit=20,544,0,0
1784906790224,458,06 GET /api/patients (paginated list),200,OK,Moderate Load - 50 users over 60s 2-28,text,true,,10179,473,50,50,http://localhost:5000/api/patients?page=39&limit=20,458,0,0
1784906790224,475,06 GET /api/patients (paginated list),200,OK,Moderate Load - 50 users over 60s 2-41,text,true,,10091,473,50,50,http://localhost:5000/api/patients?page=13&limit=20,475,0,0
1784906790749,5,03 GET /assets/index.js (main bundle),200,OK,Moderate Load - 50 users over 60s 2-19,text,true,,488575,459,50,50,http://localhost:5000/assets/index.js,3,0,0
1784906771540,19288,08 GET /api/patients/{id} (record with history),200,OK,Moderate Load - 50 users over 60s 2-20,text,true,,12264,459,50,50,http://localhost:5000/api/patients/26,19288,0,0
1784906790905,1,02 GET / (index.html),200,OK,Moderate Load - 50 users over 60s 2-30,text,true,,1778,444,50,50,http://localhost:5000/,1,0,0
1784906790332,653,06 GET /api/patients (paginated list),200,OK,Moderate Load - 50 users over 60s 2-6,text,true,,9951,472,50,50,http://localhost:5000/api/patients?page=3&limit=20,653,0,0
1784906790983,5,04 GET /assets/index.css,200,OK,Moderate Load - 50 users over 60s 2-48,text,true,,49971,460,50,50,http://localhost:5000/assets/index.css,5,0,0
1784906791121,1,02 GET / (index.html),200,OK,Moderate Load - 50 users over 60s 2-11,text,true,,1778,444,50,50,http://localhost:5000/,1,0,0
1784906791136,4,04 GET /assets/index.css,200,OK,Moderate Load - 50 users over 60s 2-16,text,true,,49971,460,50,50,http://localhost:5000/assets/index.css,4,0,0
1784906791136,4,04 GET /assets/index.css,200,OK,Moderate Load - 50 users over 60s 2-18,text,true,,49971,460,50,50,http://localhost:5000/assets/index.css,4,0,0
1784906774652,16579,08 GET /api/patients/{id} (record with history),200,OK,Moderate Load - 50 users over 60s 2-12,text,true,,10561,459,50,50,http://localhost:5000/api/patients/41,16579,0,1
1784906791260,3,04 GET /assets/index.css,200,OK,Moderate Load - 50 users over 60s 2-19,text,true,,49971,460,50,50,http://localhost:5000/assets/index.css,3,0,0
1784906774636,16660,08 GET /api/patients/{id} (record with history),200,OK,Moderate Load - 50 users over 60s 2-21,text,true,,10587,459,50,50,http://localhost:5000/api/patients/16,16660,0,0
1784906791416,3,03 GET /assets/index.js (main bundle),200,OK,Moderate Load - 50 users over 60s 2-30,text,true,,488575,459,50,50,http://localhost:5000/assets/index.js,1,0,0
1784906774371,17163,08 GET /api/patients/{id} (record with history),200,OK,Moderate Load - 50 users over 60s 2-35,text,true,,11155,459,50,50,http://localhost:5000/api/patients/30,17163,0,0
1784906789227,2368,05 GET /api/dashboard/stats,200,OK,Moderate Load - 50 users over 60s 2-47,text,true,,1188,463,50,50,http://localhost:5000/api/dashboard/stats,2368,0,0
1784906791634,3,03 GET /assets/index.js (main bundle),200,OK,Moderate Load - 50 users over 60s 2-11,text,true,,488575,459,50,50,http://localhost:5000/assets/index.js,1,0,0
1784906790936,720,06 GET /api/patients (paginated list),200,OK,Moderate Load - 50 users over 60s 2-46,text,true,,10017,472,50,50,http://localhost:5000/api/patients?page=5&limit=20,720,0,0
1784906790580,1211,07 GET /api/patients?search= (name search),200,OK,Moderate Load - 50 users over 60s 2-44,text,true,,10105,482,50,50,http://localhost:5000/api/patients?search=ks&page=1&limit=20,1211,0,0
1784906791137,720,06 GET /api/patients (paginated list),200,OK,Moderate Load - 50 users over 60s 2-29,text,true,,9818,472,50,50,http://localhost:5000/api/patients?page=4&limit=20,720,0,0
1784906791928,2,04 GET /assets/index.css,200,OK,Moderate Load - 50 users over 60s 2-30,text,true,,49971,460,50,50,http://localhost:5000/assets/index.css,2,0,0
1784906790580,1463,07 GET /api/patients?search= (name search),200,OK,Moderate Load - 50 users over 60s 2-7,text,true,,10104,482,50,50,http://localhost:5000/api/patients?search=ga&page=1&limit=20,1463,0,0
1784906790285,1842,09 GET /api/appointments (day view),200,OK,Moderate Load - 50 users over 60s 2-22,text,true,,1775,460,50,50,http://localhost:5000/api/appointments,1842,0,1
1784906790765,1380,05 GET /api/dashboard/stats,200,OK,Moderate Load - 50 users over 60s 2-50,text,true,,1188,463,50,50,http://localhost:5000/api/dashboard/stats,1380,0,0
1784906792147,3,04 GET /assets/index.css,200,OK,Moderate Load - 50 users over 60s 2-11,text,true,,49971,460,50,50,http://localhost:5000/assets/index.css,3,0,0
1784906790889,1351,09 GET /api/appointments (day view),200,OK,Moderate Load - 50 users over 60s 2-4,text,true,,1775,460,50,50,http://localhost:5000/api/appointments,1351,0,0
1784906790765,1541,05 GET /api/dashboard/stats,200,OK,Moderate Load - 50 users over 60s 2-31,text,true,,1188,463,49,49,http://localhost:5000/api/dashboard/stats,1541,0,0
1784906791151,1266,07 GET /api/patients?search= (name search),200,OK,Moderate Load - 50 users over 60s 2-45,text,true,,1129,482,49,49,http://localhost:5000/api/patients?search=vy&page=1&limit=20,1266,0,0
1784906791182,1417,07 GET /api/patients?search= (name search),200,OK,Moderate Load - 50 users over 60s 2-28,text,true,,9855,482,49,49,http://localhost:5000/api/patients?search=sa&page=1&limit=20,1417,0,0
1784906791200,1434,07 GET /api/patients?search= (name search),200,OK,Moderate Load - 50 users over 60s 2-41,text,true,,1129,482,49,49,http://localhost:5000/api/patients?search=ps&page=1&limit=20,1434,0,0
1784906792633,115,01 POST /api/auth/login,200,OK,Moderate Load - 50 users over 60s 2-22,text,true,,1469,543,49,49,http://localhost:5000/api/auth/login,115,0,0
1784906792100,720,06 GET /api/patients (paginated list),200,OK,Moderate Load - 50 users over 60s 2-47,text,true,,9999,472,49,49,http://localhost:5000/api/patients?page=6&limit=20,720,0,0
1784906791338,1564,09 GET /api/appointments (day view),200,OK,Moderate Load - 50 users over 60s 2-20,text,true,,1775,460,49,49,http://localhost:5000/api/appointments,1564,0,1
1784906791493,1412,07 GET /api/patients?search= (name search),200,OK,Moderate Load - 50 users over 60s 2-6,text,true,,1129,482,49,49,http://localhost:5000/api/patients?search=ct&page=1&limit=20,1412,0,0
1784906790269,2644,05 GET /api/dashboard/stats,200,OK,Moderate Load - 50 users over 60s 2-49,text,true,,1188,463,49,49,http://localhost:5000/api/dashboard/stats,2644,0,0
1784906791493,1578,05 GET /api/dashboard/stats,200,OK,Moderate Load - 50 users over 60s 2-48,text,true,,1188,463,49,49,http://localhost:5000/api/dashboard/stats,1578,0,0
1784906791649,1596,05 GET /api/dashboard/stats,200,OK,Moderate Load - 50 users over 60s 2-18,text,true,,1188,463,49,49,http://localhost:5000/api/dashboard/stats,1596,0,0
1784906793253,2,02 GET / (index.html),200,OK,Moderate Load - 50 users over 60s 2-22,text,true,,1778,444,49,49,http://localhost:5000/,2,0,0
1784906772846,20507,08 GET /api/patients/{id} (record with history),200,OK,Moderate Load - 50 users over 60s 2-34,text,true,,11965,458,49,49,http://localhost:5000/api/patients/1,20506,0,0
1784906790765,2587,05 GET /api/dashboard/stats,200,OK,Moderate Load - 50 users over 60s 2-32,text,true,,1188,463,49,49,http://localhost:5000/api/dashboard/stats,2587,0,0
1784906791773,1598,05 GET /api/dashboard/stats,200,OK,Moderate Load - 50 users over 60s 2-19,text,true,,1188,463,49,49,http://localhost:5000/api/dashboard/stats,1598,0,0
1784906793409,110,01 POST /api/auth/login,200,OK,Moderate Load - 50 users over 60s 2-20,text,true,,1469,543,49,49,http://localhost:5000/api/auth/login,110,0,0
1784906792649,876,06 GET /api/patients (paginated list),200,OK,Moderate Load - 50 users over 60s 2-50,text,true,,10081,472,49,49,http://localhost:5000/api/patients?page=9&limit=20,876,0,0
1784906791742,1819,09 GET /api/appointments (day view),200,OK,Moderate Load - 50 users over 60s 2-12,text,true,,1775,460,49,49,http://localhost:5000/api/appointments,1819,0,0
1784906792163,1468,07 GET /api/patients?search= (name search),200,OK,Moderate Load - 50 users over 60s 2-46,text,true,,1564,482,49,49,http://localhost:5000/api/patients?search=nu&page=1&limit=20,1468,0,0
1784906791804,1834,09 GET /api/appointments (day view),200,OK,Moderate Load - 50 users over 60s 2-21,text,true,,1775,460,49,49,http://localhost:5000/api/appointments,1834,0,1
1784906792366,1380,07 GET /api/patients?search= (name search),200,OK,Moderate Load - 50 users over 60s 2-29,text,true,,9967,482,49,49,http://localhost:5000/api/patients?search=mi&page=1&limit=20,1380,0,0
1784906792819,944,06 GET /api/patients (paginated list),200,OK,Moderate Load - 50 users over 60s 2-31,text,true,,10302,473,49,49,http://localhost:5000/api/patients?page=16&limit=20,944,0,0
1784906793767,3,03 GET /assets/index.js (main bundle),200,OK,Moderate Load - 50 users over 60s 2-22,text,true,,488575,459,49,49,http://localhost:5000/assets/index.js,2,0,0
1784906792037,1742,09 GET /api/appointments (day view),200,OK,Moderate Load - 50 users over 60s 2-35,text,true,,1775,460,49,49,http://localhost:5000/api/appointments,1742,0,0
1784906790254,3643,10 POST /api/ai/pre-appointment/{id},200,OK,Moderate Load - 50 users over 60s 2-10,text,true,,2098,490,49,49,http://localhost:5000/api/ai/pre-appointment/146,3643,0,0
1784906794032,5,02 GET / (index.html),200,OK,Moderate Load - 50 users over 60s 2-20,text,true,,1778,444,49,49,http://localhost:5000/,5,0,0
1784906794062,106,01 POST /api/auth/login,200,OK,Moderate Load - 50 users over 60s 2-12,text,true,,1469,543,49,49,http://localhost:5000/api/auth/login,106,0,0
1784906793424,747,06 GET /api/patients (paginated list),200,OK,Moderate Load - 50 users over 60s 2-49,text,true,,10140,473,49,49,http://localhost:5000/api/patients?page=24&limit=20,747,0,0
1784906792445,1726,05 GET /api/dashboard/stats,200,OK,Moderate Load - 50 users over 60s 2-30,text,true,,1188,463,49,49,http://localhost:5000/api/dashboard/stats,1726,0,0
1784906773499,20786,08 GET /api/patients/{id} (record with history),200,OK,Moderate Load - 50 users over 60s 2-33,text,true,,12416,459,49,49,http://localhost:5000/api/patients/10,20786,0,0
1784906794141,152,01 POST /api/auth/login,200,OK,Moderate Load - 50 users over 60s 2-21,text,true,,1469,543,49,49,http://localhost:5000/api/auth/login,152,0,0
1784906792664,1630,05 GET /api/dashboard/stats,200,OK,Moderate Load - 50 users over 60s 2-11,text,true,,1188,463,49,49,http://localhost:5000/api/dashboard/stats,1630,0,0
1784906791649,2647,05 GET /api/dashboard/stats,200,OK,Moderate Load - 50 users over 60s 2-16,text,true,,1188,463,49,49,http://localhost:5000/api/dashboard/stats,2647,0,0
1784906774246,20169,08 GET /api/patients/{id} (record with history),200,OK,Moderate Load - 50 users over 60s 2-13,text,true,,11718,459,49,49,http://localhost:5000/api/patients/24,20169,0,0
1784906793331,1085,07 GET /api/patients?search= (name search),200,OK,Moderate Load - 50 users over 60s 2-47,text,true,,1129,482,49,49,http://localhost:5000/api/patients?search=ji&page=1&limit=20,1085,0,0
1784906793751,668,06 GET /api/patients (paginated list),200,OK,Moderate Load - 50 users over 60s 2-18,text,true,,10028,473,49,49,http://localhost:5000/api/patients?page=27&limit=20,668,0,0
1784906794280,141,01 POST /api/auth/login,200,OK,Moderate Load - 50 users over 60s 2-35,text,true,,1469,543,49,49,http://localhost:5000/api/auth/login,141,0,0
1784906794280,142,04 GET /assets/index.css,200,OK,Moderate Load - 50 users over 60s 2-22,text,true,,49971,460,49,49,http://localhost:5000/assets/index.css,142,0,0
1784906793876,566,06 GET /api/patients (paginated list),200,OK,Moderate Load - 50 users over 60s 2-19,text,true,,10025,472,49,49,http://localhost:5000/api/patients?page=1&limit=20,566,0,0
1784906793580,986,06 GET /api/patients (paginated list),200,OK,Moderate Load - 50 users over 60s 2-48,text,true,,10045,473,49,49,http://localhost:5000/api/patients?page=21&limit=20,986,0,0
1784906793860,709,06 GET /api/patients (paginated list),200,OK,Moderate Load - 50 users over 60s 2-32,text,true,,10179,473,49,49,http://localhost:5000/api/patients?page=39&limit=20,709,0,0
1784906794405,167,01 POST /api/auth/login,200,OK,Moderate Load - 50 users over 60s 2-10,text,true,,1469,543,49,49,http://localhost:5000/api/auth/login,167,0,0
1784906794542,68,03 GET /assets/index.js (main bundle),200,OK,Moderate Load - 50 users over 60s 2-20,text,true,,488575,459,49,49,http://localhost:5000/assets/index.js,45,0,0
1784906794683,7,02 GET / (index.html),200,OK,Moderate Load - 50 users over 60s 2-12,text,true,,1778,444,49,49,http://localhost:5000/,7,0,0
1784906794807,5,02 GET / (index.html),200,OK,Moderate Load - 50 users over 60s 2-21,text,true,,1778,444,49,49,http://localhost:5000/,5,0,0
1784906794931,8,02 GET / (index.html),200,OK,Moderate Load - 50 users over 60s 2-35,text,true,,1778,444,49,49,http://localhost:5000/,8,0,0
1784906794032,1029,07 GET /api/patients?search= (name search),200,OK,Moderate Load - 50 users over 60s 2-50,text,true,,1129,482,49,49,http://localhost:5000/api/patients?search=fd&page=1&limit=20,1029,0,0
1784906795087,2,02 GET / (index.html),200,OK,Moderate Load - 50 users over 60s 2-10,text,true,,1778,444,49,49,http://localhost:5000/,2,0,0
1784906795117,2,04 GET /assets/index.css,200,OK,Moderate Load - 50 users over 60s 2-20,text,true,,49971,460,49,49,http://localhost:5000/assets/index.css,2,0,0
1784906795196,2,03 GET /assets/index.js (main bundle),200,OK,Moderate Load - 50 users over 60s 2-12,text,true,,488575,459,49,49,http://localhost:5000/assets/index.js,1,0,0
1784906795321,3,03 GET /assets/index.js (main bundle),200,OK,Moderate Load - 50 users over 60s 2-21,text,true,,488575,459,49,49,http://localhost:5000/assets/index.js,2,0,0
1784906794683,722,06 GET /api/patients (paginated list),200,OK,Moderate Load - 50 users over 60s 2-30,text,true,,10158,473,49,49,http://localhost:5000/api/patients?page=38&limit=20,722,0,0
1784906795446,3,03 GET /assets/index.js (main bundle),200,OK,Moderate Load - 50 users over 60s 2-35,text,true,,488575,459,49,49,http://localhost:5000/assets/index.js,2,0,0
1784906794807,660,06 GET /api/patients (paginated list),200,OK,Moderate Load - 50 users over 60s 2-16,text,true,,9905,473,49,49,http://localhost:5000/api/patients?page=19&limit=20,660,0,0
1784906794807,688,06 GET /api/patients (paginated list),200,OK,Moderate Load - 50 users over 60s 2-11,text,true,,9969,473,49,49,http://localhost:5000/api/patients?page=41&limit=20,688,0,0
1784906793860,1647,09 GET /api/appointments (day view),200,OK,Moderate Load - 50 users over 60s 2-34,text,true,,1775,460,49,49,http://localhost:5000/api/appointments,1647,0,0
1784906795601,3,03 GET /assets/index.js (main bundle),200,OK,Moderate Load - 50 users over 60s 2-10,text,true,,488575,459,49,49,http://localhost:5000/assets/index.js,2,0,0
1784906795709,2,04 GET /assets/index.css,200,OK,Moderate Load - 50 users over 60s 2-12,text,true,,49971,460,49,49,http://localhost:5000/assets/index.css,2,0,0
1784906794265,1474,07 GET /api/patients?search= (name search),200,OK,Moderate Load - 50 users over 60s 2-31,text,true,,1129,482,49,49,http://localhost:5000/api/patients?search=fk&page=1&limit=20,1474,0,0
1784906774931,20832,08 GET /api/patients/{id} (record with history),200,OK,Moderate Load - 50 users over 60s 2-1,text,true,,12373,459,49,49,http://localhost:5000/api/patients/31,20832,0,0
1784906795834,1,04 GET /assets/index.css,200,OK,Moderate Load - 50 users over 60s 2-21,text,true,,49971,460,49,49,http://localhost:5000/assets/index.css,1,0,0
1784906795959,2,04 GET /assets/index.css,200,OK,Moderate Load - 50 users over 60s 2-35,text,true,,49971,460,49,49,http://localhost:5000/assets/index.css,2,0,0
1784906794683,1448,07 GET /api/patients?search= (name search),200,OK,Moderate Load - 50 users over 60s 2-49,text,true,,1129,482,49,49,http://localhost:5000/api/patients?search=bj&page=1&limit=20,1448,0,0
1784906796021,116,01 POST /api/auth/login,200,OK,Moderate Load - 50 users over 60s 2-34,text,true,,1469,543,49,49,http://localhost:5000/api/auth/login,116,0,0
1784906796116,32,04 GET /assets/index.css,200,OK,Moderate Load - 50 users over 60s 2-10,text,true,,49971,460,49,49,http://localhost:5000/assets/index.css,32,0,0
1784906794792,1528,09 GET /api/appointments (day view),200,OK,Moderate Load - 50 users over 60s 2-33,text,true,,1775,460,49,49,http://localhost:5000/api/appointments,1528,0,0
1784906794946,1411,07 GET /api/patients?search= (name search),200,OK,Moderate Load - 50 users over 60s 2-19,text,true,,1129,482,49,49,http://localhost:5000/api/patients?search=my&page=1&limit=20,1411,0,0
1784906794931,1586,07 GET /api/patients?search= (name search),200,OK,Moderate Load - 50 users over 60s 2-18,text,true,,1129,482,49,49,http://localhost:5000/api/patients?search=mh&page=1&limit=20,1586,0,0
1784906779421,17118,08 GET /api/patients/{id} (record with history),200,OK,Moderate Load - 50 users over 60s 2-5,text,true,,10599,459,49,49,http://localhost:5000/api/patients/44,17118,0,0
1784906794931,1672,05 GET /api/dashboard/stats,200,OK,Moderate Load - 50 users over 60s 2-22,text,true,,1188,463,49,49,http://localhost:5000/api/dashboard/stats,1672,0,0
1784906795071,1538,07 GET /api/patients?search= (name search),200,OK,Moderate Load - 50 users over 60s 2-32,text,true,,10105,482,49,49,http://localhost:5000/api/patients?search=ks&page=1&limit=20,1538,0,0
1784906796647,4,02 GET / (index.html),200,OK,Moderate Load - 50 users over 60s 2-34,text,true,,1778,444,49,49,http://localhost:5000/,4,0,0
1784906795071,1603,07 GET /api/patients?search= (name search),200,OK,Moderate Load - 50 users over 60s 2-48,text,true,,1129,482,49,49,http://localhost:5000/api/patients?search=vx&page=1&limit=20,1603,0,0
1784906778488,18239,08 GET /api/patients/{id} (record with history),200,OK,Moderate Load - 50 users over 60s 2-36,text,true,,11718,459,49,49,http://localhost:5000/api/patients/24,18239,0,0
1784906794916,1847,09 GET /api/appointments (day view),200,OK,Moderate Load - 50 users over 60s 2-13,text,true,,1775,460,49,49,http://localhost:5000/api/appointments,1847,0,1
1784906775907,21041,08 GET /api/patients/{id} (record with history),200,OK,Moderate Load - 50 users over 60s 2-3,text,true,,12376,459,49,49,http://localhost:5000/api/patients/13,21041,0,0
1784906796833,116,01 POST /api/auth/login,200,OK,Moderate Load - 50 users over 60s 2-33,text,true,,1469,543,49,49,http://localhost:5000/api/auth/login,116,0,0
1784906795632,1385,05 GET /api/dashboard/stats,200,OK,Moderate Load - 50 users over 60s 2-20,text,true,,1188,463,49,49,http://localhost:5000/api/dashboard/stats,1385,0,0
1784906797161,3,03 GET /assets/index.js (main bundle),200,OK,Moderate Load - 50 users over 60s 2-34,text,true,,488575,459,49,49,http://localhost:5000/assets/index.js,1,0,0
1784906795975,1437,07 GET /api/patients?search= (name search),200,OK,Moderate Load - 50 users over 60s 2-16,text,true,,1129,482,49,49,http://localhost:5000/api/patients?search=hb&page=1&limit=20,1437,0,0
1784906797456,4,02 GET / (index.html),200,OK,Moderate Load - 50 users over 60s 2-33,text,true,,1778,444,49,49,http://localhost:5000/,4,0,0
1784906796006,1467,07 GET /api/patients?search= (name search),200,OK,Moderate Load - 50 users over 60s 2-11,text,true,,1129,482,49,49,http://localhost:5000/api/patients?search=lw&page=1&limit=20,1467,0,0
1784906795912,1570,07 GET /api/patients?search= (name search),200,OK,Moderate Load - 50 users over 60s 2-30,text,true,,1129,482,49,49,http://localhost:5000/api/patients?search=zp&page=1&limit=20,1570,0,2
1784906797674,2,04 GET /assets/index.css,200,OK,Moderate Load - 50 users over 60s 2-34,text,true,,49971,460,49,49,http://localhost:5000/assets/index.css,2,0,0
1784906797114,687,06 GET /api/patients (paginated list),200,OK,Moderate Load - 50 users over 60s 2-22,text,true,,9964,473,49,49,http://localhost:5000/api/patients?page=29&limit=20,687,0,0
1784906797969,3,03 GET /assets/index.js (main bundle),200,OK,Moderate Load - 50 users over 60s 2-33,text,true,,488575,459,49,49,http://localhost:5000/assets/index.js,2,0,0
1784906796273,1886,09 GET /api/appointments (day view),200,OK,Moderate Load - 50 users over 60s 2-1,text,true,,1775,460,49,49,http://localhost:5000/api/appointments,1886,0,0
1784906796337,1834,05 GET /api/dashboard/stats,200,OK,Moderate Load - 50 users over 60s 2-21,text,true,,1188,463,48,48,http://localhost:5000/api/dashboard/stats,1834,0,0
1784906796663,1711,05 GET /api/dashboard/stats,200,OK,Moderate Load - 50 users over 60s 2-10,text,true,,1188,463,48,48,http://localhost:5000/api/dashboard/stats,1711,0,0
1784906798482,3,04 GET /assets/index.css,200,OK,Moderate Load - 50 users over 60s 2-33,text,true,,49971,460,48,48,http://localhost:5000/assets/index.css,3,0,1
1784906780762,17737,08 GET /api/patients/{id} (record with history),200,OK,Moderate Load - 50 users over 60s 2-14,text,true,,11143,459,48,48,http://localhost:5000/api/patients/50,17737,0,0
1784906797519,1071,06 GET /api/patients (paginated list),200,OK,Moderate Load - 50 users over 60s 2-20,text,true,,9933,473,48,48,http://localhost:5000/api/patients?page=18&limit=20,1071,0,0
1784906797050,1830,09 GET /api/appointments (day view),200,OK,Moderate Load - 50 users over 60s 2-5,text,true,,1775,460,48,48,http://localhost:5000/api/appointments,1830,0,0
1784906796226,2763,05 GET /api/dashboard/stats,200,OK,Moderate Load - 50 users over 60s 2-12,text,true,,1188,463,47,47,http://localhost:5000/api/dashboard/stats,2763,0,0
1784906797239,1879,09 GET /api/appointments (day view),200,OK,Moderate Load - 50 users over 60s 2-36,text,true,,1775,460,47,47,http://localhost:5000/api/appointments,1879,0,0
1784906796474,2710,05 GET /api/dashboard/stats,200,OK,Moderate Load - 50 users over 60s 2-35,text,true,,1188,463,47,47,http://localhost:5000/api/dashboard/stats,2710,0,0
1784906797456,1917,09 GET /api/appointments (day view),200,OK,Moderate Load - 50 users over 60s 2-3,text,true,,1775,460,47,47,http://localhost:5000/api/appointments,1917,0,0
1784906798684,774,06 GET /api/patients (paginated list),200,OK,Moderate Load - 50 users over 60s 2-21,text,true,,10080,473,46,46,http://localhost:5000/api/patients?page=31&limit=20,774,0,0
1784906799632,109,01 POST /api/auth/login,200,OK,Moderate Load - 50 users over 60s 2-36,text,true,,1469,543,46,46,http://localhost:5000/api/auth/login,109,0,0
1784906798311,1499,07 GET /api/patients?search= (name search),200,OK,Moderate Load - 50 users over 60s 2-22,text,true,,10174,482,46,46,http://localhost:5000/api/patients?search=so&page=1&limit=20,1499,0,0
1784906782650,17211,08 GET /api/patients/{id} (record with history),200,OK,Moderate Load - 50 users over 60s 2-26,text,true,,10547,458,46,46,http://localhost:5000/api/patients/5,17211,0,0
1784906798887,1031,06 GET /api/patients (paginated list),200,OK,Moderate Load - 50 users over 60s 2-10,text,true,,10160,473,46,46,http://localhost:5000/api/patients?page=10&limit=20,1031,0,0
1784906797270,2828,10 POST /api/ai/pre-appointment/{id},200,OK,Moderate Load - 50 users over 60s 2-13,text,true,,2311,490,46,46,http://localhost:5000/api/ai/pre-appointment/281,2827,0,0
1784906798186,1919,05 GET /api/dashboard/stats,200,OK,Moderate Load - 50 users over 60s 2-34,text,true,,1188,463,46,46,http://localhost:5000/api/dashboard/stats,1919,0,0
1784906799494,653,06 GET /api/patients (paginated list),200,OK,Moderate Load - 50 users over 60s 2-12,text,true,,9951,472,46,46,http://localhost:5000/api/patients?page=3&limit=20,653,0,0
1784906800255,3,02 GET / (index.html),200,OK,Moderate Load - 50 users over 60s 2-36,text,true,,1778,444,46,46,http://localhost:5000/,3,0,0
1784906799104,1266,07 GET /api/patients?search= (name search),200,OK,Moderate Load - 50 users over 60s 2-20,text,true,,1129,482,46,46,http://localhost:5000/api/patients?search=jh&page=1&limit=20,1266,0,0
1784906799696,752,06 GET /api/patients (paginated list),200,OK,Moderate Load - 50 users over 60s 2-35,text,true,,10080,473,46,46,http://localhost:5000/api/patients?page=31&limit=20,752,0,0
1784906800610,114,01 POST /api/auth/login,200,OK,Moderate Load - 50 users over 60s 2-13,text,true,,1469,543,46,46,http://localhost:5000/api/auth/login,114,0,0
1784906799011,1758,09 GET /api/appointments (day view),200,OK,Moderate Load - 50 users over 60s 2-14,text,true,,1775,460,46,46,http://localhost:5000/api/appointments,1758,0,0
1784906782493,18279,08 GET /api/patients/{id} (record with history),200,OK,Moderate Load - 50 users over 60s 2-24,text,true,,11969,458,46,46,http://localhost:5000/api/patients/3,18279,0,0
1784906800767,5,03 GET /assets/index.js (main bundle),200,OK,Moderate Load - 50 users over 60s 2-36,text,true,,488575,459,46,46,http://localhost:5000/assets/index.js,2,0,0
1784906800611,488,06 GET /api/patients (paginated list),200,OK,Moderate Load - 50 users over 60s 2-34,text,true,,10066,473,46,46,http://localhost:5000/api/patients?page=46&limit=20,488,0,1
1784906801235,1,02 GET / (index.html),200,OK,Moderate Load - 50 users over 60s 2-13,text,true,,1778,444,46,46,http://localhost:5000/,1,0,0
1784906801280,7,04 GET /assets/index.css,200,OK,Moderate Load - 50 users over 60s 2-36,text,true,,49971,460,46,46,http://localhost:5000/assets/index.css,7,0,0
1784906799961,1348,07 GET /api/patients?search= (name search),200,OK,Moderate Load - 50 users over 60s 2-21,text,true,,1129,482,46,46,http://localhost:5000/api/patients?search=vg&page=1&limit=20,1348,0,0
1784906798995,2673,05 GET /api/dashboard/stats,200,OK,Moderate Load - 50 users over 60s 2-33,text,true,,1188,463,46,46,http://localhost:5000/api/dashboard/stats,2673,0,0
1784906801746,4,03 GET /assets/index.js (main bundle),200,OK,Moderate Load - 50 users over 60s 2-13,text,true,,488575,459,46,46,http://localhost:5000/assets/index.js,2,0,0
1784906800424,1471,07 GET /api/patients?search= (name search),200,OK,Moderate Load - 50 users over 60s 2-10,text,true,,1129,482,46,46,http://localhost:5000/api/patients?search=jj&page=1&limit=20,1471,0,0
1784906800362,1800,09 GET /api/appointments (day view),200,OK,Moderate Load - 50 users over 60s 2-26,text,true,,1775,460,46,46,http://localhost:5000/api/appointments,1800,0,1
1784906800657,1557,07 GET /api/patients?search= (name search),200,OK,Moderate Load - 50 users over 60s 2-12,text,true,,10045,482,46,46,http://localhost:5000/api/patients?search=ov&page=1&limit=20,1557,0,0
1784906802258,2,04 GET /assets/index.css,200,OK,Moderate Load - 50 users over 60s 2-13,text,true,,49971,460,46,46,http://localhost:5000/assets/index.css,2,0,0
1784906800953,1512,07 GET /api/patients?search= (name search),200,OK,Moderate Load - 50 users over 60s 2-35,text,true,,1129,482,46,46,http://localhost:5000/api/patients?search=rw&page=1&limit=20,1512,0,1
1784906802663,118,01 POST /api/auth/login,200,OK,Moderate Load - 50 users over 60s 2-26,text,true,,1469,543,46,46,http://localhost:5000/api/auth/login,118,0,0
1784906802181,862,06 GET /api/patients (paginated list),200,OK,Moderate Load - 50 users over 60s 2-33,text,true,,10117,473,46,46,http://localhost:5000/api/patients?page=17&limit=20,862,0,0
1784906801280,1803,09 GET /api/appointments (day view),200,OK,Moderate Load - 50 users over 60s 2-24,text,true,,1775,460,46,46,http://localhost:5000/api/appointments,1803,0,1
1784906801606,1539,07 GET /api/patients?search= (name search),200,OK,Moderate Load - 50 users over 60s 2-34,text,true,,1129,482,46,46,http://localhost:5000/api/patients?search=hf&page=1&limit=20,1539,0,0
1784906803285,2,02 GET / (index.html),200,OK,Moderate Load - 50 users over 60s 2-26,text,true,,1778,444,46,46,http://localhost:5000/,2,0,0
1784906782304,21164,08 GET /api/patients/{id} (record with history),200,OK,Moderate Load - 50 users over 60s 2-37,text,true,,12340,459,46,46,http://localhost:5000/api/patients/23,21164,0,0
1784906783663,19811,08 GET /api/patients/{id} (record with history),200,OK,Moderate Load - 50 users over 60s 2-40,text,true,,11740,459,46,46,http://localhost:5000/api/patients/42,19811,0,0
1784906803595,113,01 POST /api/auth/login,200,OK,Moderate Load - 50 users over 60s 2-24,text,true,,1469,543,46,46,http://localhost:5000/api/auth/login,113,0,0
1784906785935,17778,08 GET /api/patients/{id} (record with history),200,OK,Moderate Load - 50 users over 60s 2-43,text,true,,11702,459,46,46,http://localhost:5000/api/patients/49,17778,0,0
1784906785268,18471,08 GET /api/patients/{id} (record with history),200,OK,Moderate Load - 50 users over 60s 2-27,text,true,,11102,458,46,46,http://localhost:5000/api/patients/8,18471,0,0
1784906782744,21001,08 GET /api/patients/{id} (record with history),200,OK,Moderate Load - 50 users over 60s 2-39,text,true,,12340,459,46,46,http://localhost:5000/api/patients/23,21001,0,0
1784906784455,19322,08 GET /api/patients/{id} (record with history),200,OK,Moderate Load - 50 users over 60s 2-25,text,true,,11162,459,46,46,http://localhost:5000/api/patients/12,19322,0,0
1784906784021,19767,08 GET /api/patients/{id} (record with history),200,OK,Moderate Load - 50 users over 60s 2-15,text,true,,11702,459,46,46,http://localhost:5000/api/patients/49,19767,0,0
1784906803796,4,03 GET /assets/index.js (main bundle),200,OK,Moderate Load - 50 users over 60s 2-26,text,true,,488575,459,46,46,http://localhost:5000/assets/index.js,2,0,0
1784906804219,3,02 GET / (index.html),200,OK,Moderate Load - 50 users over 60s 2-24,text,true,,1778,444,46,46,http://localhost:5000/,3,0,0
1784906804312,2,04 GET /assets/index.css,200,OK,Moderate Load - 50 users over 60s 2-26,text,true,,49971,460,46,46,http://localhost:5000/assets/index.css,2,0,0
1784906801793,2582,05 GET /api/dashboard/stats,200,OK,Moderate Load - 50 users over 60s 2-36,text,true,,1188,463,46,46,http://localhost:5000/api/dashboard/stats,2582,0,0
1784906804733,4,03 GET /assets/index.js (main bundle),200,OK,Moderate Load - 50 users over 60s 2-24,text,true,,488575,459,46,46,http://localhost:5000/assets/index.js,2,0,0
1784906803547,1459,07 GET /api/patients?search= (name search),200,OK,Moderate Load - 50 users over 60s 2-33,text,true,,1129,482,46,46,http://localhost:5000/api/patients?search=kw&page=1&limit=20,1459,0,0
1784906805248,2,04 GET /assets/index.css,200,OK,Moderate Load - 50 users over 60s 2-24,text,true,,49971,460,46,46,http://localhost:5000/assets/index.css,2,0,0
1784906784301,21092,08 GET /api/patients/{id} (record with history),200,OK,Moderate Load - 50 users over 60s 2-38,text,true,,11969,458,46,46,http://localhost:5000/api/patients/3,21092,0,0
1784906790596,14895,08 GET /api/patients/{id} (record with history),200,OK,Moderate Load - 50 users over 60s 2-8,text,true,,8692,459,46,46,http://localhost:5000/api/patients/35,14895,0,0
1784906802772,2744,05 GET /api/dashboard/stats,200,OK,Moderate Load - 50 users over 60s 2-13,text,true,,1188,463,46,46,http://localhost:5000/api/dashboard/stats,2744,0,0
1784906804889,757,06 GET /api/patients (paginated list),200,OK,Moderate Load - 50 users over 60s 2-36,text,true,,10045,473,46,46,http://localhost:5000/api/patients?page=21&limit=20,757,0,2
1784906803984,1870,09 GET /api/appointments (day view),200,OK,Moderate Load - 50 users over 60s 2-40,text,true,,1775,460,46,46,http://localhost:5000/api/appointments,1870,0,0
1784906803968,1925,09 GET /api/appointments (day view),200,OK,Moderate Load - 50 users over 60s 2-37,text,true,,1775,460,46,46,http://localhost:5000/api/appointments,1925,0,1
1784906804250,1770,09 GET /api/appointments (day view),200,OK,Moderate Load - 50 users over 60s 2-39,text,true,,1775,460,46,46,http://localhost:5000/api/appointments,1770,0,0
1784906804219,1823,09 GET /api/appointments (day view),200,OK,Moderate Load - 50 users over 60s 2-43,text,true,,1775,460,46,46,http://localhost:5000/api/appointments,1823,0,0
1784906804281,1811,09 GET /api/appointments (day view),200,OK,Moderate Load - 50 users over 60s 2-25,text,true,,1775,460,46,46,http://localhost:5000/api/appointments,1811,0,1
1784906804296,1797,09 GET /api/appointments (day view),200,OK,Moderate Load - 50 users over 60s 2-15,text,true,,1775,460,46,46,http://localhost:5000/api/appointments,1797,0,0
1784906804250,1874,09 GET /api/appointments (day view),200,OK,Moderate Load - 50 users over 60s 2-27,text,true,,1775,460,46,46,http://localhost:5000/api/appointments,1874,0,1
1784906806365,112,01 POST /api/auth/login,200,OK,Moderate Load - 50 users over 60s 2-40,text,true,,1469,543,46,46,http://localhost:5000/api/auth/login,112,0,0
1784906806396,202,01 POST /api/auth/login,200,OK,Moderate Load - 50 users over 60s 2-37,text,true,,1469,543,46,46,http://localhost:5000/api/auth/login,201,0,0
1784906792302,14412,08 GET /api/patients/{id} (record with history),200,OK,Moderate Load - 50 users over 60s 2-44,text,true,,8757,459,46,46,http://localhost:5000/api/patients/43,14412,0,0
1784906788980,17738,08 GET /api/patients/{id} (record with history),200,OK,Moderate Load - 50 users over 60s 2-23,text,true,,10539,458,46,46,http://localhost:5000/api/patients/9,17738,0,0
1784906806535,401,01 POST /api/auth/login,200,OK,Moderate Load - 50 users over 60s 2-39,text,true,,1469,543,46,46,http://localhost:5000/api/auth/login,401,0,2
1784906806023,1036,06 GET /api/patients (paginated list),200,OK,Moderate Load - 50 users over 60s 2-13,text,true,,10025,472,46,46,http://localhost:5000/api/patients?page=1&limit=20,1036,0,0
1784906806597,469,01 POST /api/auth/login,200,OK,Moderate Load - 50 users over 60s 2-25,text,true,,1469,543,46,46,http://localhost:5000/api/auth/login,469,0,0
1784906806597,470,01 POST /api/auth/login,200,OK,Moderate Load - 50 users over 60s 2-15,text,true,,1469,543,46,46,http://localhost:5000/api/auth/login,470,0,0
1784906787847,19245,08 GET /api/patients/{id} (record with history),200,OK,Moderate Load - 50 users over 60s 2-17,text,true,,12264,459,46,46,http://localhost:5000/api/patients/26,19245,0,0
1784906806628,470,01 POST /api/auth/login,200,OK,Moderate Load - 50 users over 60s 2-27,text,true,,1469,543,46,46,http://localhost:5000/api/auth/login,470,0,0
1784906806986,113,02 GET / (index.html),200,OK,Moderate Load - 50 users over 60s 2-40,text,true,,1778,444,46,46,http://localhost:5000/,113,0,1
1784906807111,2,02 GET / (index.html),200,OK,Moderate Load - 50 users over 60s 2-37,text,true,,1778,444,46,46,http://localhost:5000/,2,0,0
1784906805759,1456,05 GET /api/dashboard/stats,200,OK,Moderate Load - 50 users over 60s 2-24,text,true,,1188,463,46,46,http://localhost:5000/api/dashboard/stats,1456,0,0
1784906804827,2437,05 GET /api/dashboard/stats,200,OK,Moderate Load - 50 users over 60s 2-26,text,true,,1188,463,46,46,http://localhost:5000/api/dashboard/stats,2437,0,0
1784906805994,1388,09 GET /api/appointments (day view),200,OK,Moderate Load - 50 users over 60s 2-8,text,true,,1775,460,46,46,http://localhost:5000/api/appointments,1388,0,0
1784906807437,2,02 GET / (index.html),200,OK,Moderate Load - 50 users over 60s 2-39,text,true,,1778,444,45,45,http://localhost:5000/,2,0,0
1784906805898,1600,09 GET /api/appointments (day view),200,OK,Moderate Load - 50 users over 60s 2-38,text,true,,1775,460,45,45,http://localhost:5000/api/appointments,1600,0,2
1784906807578,1,02 GET / (index.html),200,OK,Moderate Load - 50 users over 60s 2-25,text,true,,1778,444,45,45,http://localhost:5000/,1,0,0
1784906807578,2,02 GET / (index.html),200,OK,Moderate Load - 50 users over 60s 2-15,text,true,,1778,444,45,45,http://localhost:5000/,2,0,0
1784906807609,2,02 GET / (index.html),200,OK,Moderate Load - 50 users over 60s 2-27,text,true,,1778,444,45,45,http://localhost:5000/,2,0,0
1784906807609,3,03 GET /assets/index.js (main bundle),200,OK,Moderate Load - 50 users over 60s 2-40,text,true,,488575,459,45,45,http://localhost:5000/assets/index.js,2,0,0
1784906807624,3,03 GET /assets/index.js (main bundle),200,OK,Moderate Load - 50 users over 60s 2-37,text,true,,488575,459,45,45,http://localhost:5000/assets/index.js,2,0,0
1784906806149,1481,07 GET /api/patients?search= (name search),200,OK,Moderate Load - 50 users over 60s 2-36,text,true,,10105,482,45,45,http://localhost:5000/api/patients?search=ko&page=1&limit=20,1481,0,0
1784906807947,3,03 GET /assets/index.js (main bundle),200,OK,Moderate Load - 50 users over 60s 2-39,text,true,,488575,459,45,45,http://localhost:5000/assets/index.js,1,0,0
1784906808009,114,01 POST /api/auth/login,200,OK,Moderate Load - 50 users over 60s 2-38,text,true,,1469,543,45,45,http://localhost:5000/api/auth/login,114,0,0
1784906808117,11,04 GET /assets/index.css,200,OK,Moderate Load - 50 users over 60s 2-40,text,true,,49971,460,45,45,http://localhost:5000/assets/index.css,11,0,0
1784906808086,44,03 GET /assets/index.js (main bundle),200,OK,Moderate Load - 50 users over 60s 2-25,text,true,,488575,459,45,45,http://localhost:5000/assets/index.js,41,0,0
1784906808086,44,03 GET /assets/index.js (main bundle),200,OK,Moderate Load - 50 users over 60s 2-15,text,true,,488575,459,45,45,http://localhost:5000/assets/index.js,41,0,0
1784906808117,13,03 GET /assets/index.js (main bundle),200,OK,Moderate Load - 50 users over 60s 2-27,text,true,,488575,459,45,45,http://localhost:5000/assets/index.js,11,0,0
1784906808134,23,04 GET /assets/index.css,200,OK,Moderate Load - 50 users over 60s 2-37,text,true,,49971,460,45,45,http://localhost:5000/assets/index.css,23,0,0
1784906788608,19618,08 GET /api/patients/{id} (record with history),200,OK,Moderate Load - 50 users over 60s 2-42,text,true,,11702,459,45,45,http://localhost:5000/api/patients/49,19618,0,0
1784906807716,607,06 GET /api/patients (paginated list),200,OK,Moderate Load - 50 users over 60s 2-24,text,true,,9964,473,45,45,http://localhost:5000/api/patients?page=29&limit=20,607,0,0
1784906807778,598,06 GET /api/patients (paginated list),200,OK,Moderate Load - 50 users over 60s 2-26,text,true,,10017,472,45,45,http://localhost:5000/api/patients?page=5&limit=20,598,0,0
1784906808462,1,04 GET /assets/index.css,200,OK,Moderate Load - 50 users over 60s 2-39,text,true,,49971,460,45,45,http://localhost:5000/assets/index.css,1,0,0
1784906794249,14289,08 GET /api/patients/{id} (record with history),200,OK,Moderate Load - 50 users over 60s 2-29,text,true,,8745,459,45,45,http://localhost:5000/api/patients/11,14289,0,2
1784906807562,1001,07 GET /api/patients?search= (name search),200,OK,Moderate Load - 50 users over 60s 2-13,text,true,,1129,482,45,45,http://localhost:5000/api/patients?search=sv&page=1&limit=20,1001,0,0
1784906808633,4,04 GET /assets/index.css,200,OK,Moderate Load - 50 users over 60s 2-15,text,true,,49971,460,45,45,http://localhost:5000/assets/index.css,4,0,0
1784906808633,5,02 GET / (index.html),200,OK,Moderate Load - 50 users over 60s 2-38,text,true,,1778,444,45,45,http://localhost:5000/,5,0,0
1784906808633,5,04 GET /assets/index.css,200,OK,Moderate Load - 50 users over 60s 2-27,text,true,,49971,460,45,45,http://localhost:5000/assets/index.css,5,0,0
1784906808633,5,04 GET /assets/index.css,200,OK,Moderate Load - 50 users over 60s 2-25,text,true,,49971,460,45,45,http://localhost:5000/assets/index.css,5,0,0
1784906807220,1624,09 GET /api/appointments (day view),200,OK,Moderate Load - 50 users over 60s 2-23,text,true,,1775,460,45,45,http://localhost:5000/api/appointments,1624,0,0
1784906807593,1365,09 GET /api/appointments (day view),200,OK,Moderate Load - 50 users over 60s 2-17,text,true,,1775,460,45,45,http://localhost:5000/api/appointments,1365,0,0
1784906807220,1762,09 GET /api/appointments (day view),200,OK,Moderate Load - 50 users over 60s 2-44,text,true,,1775,460,45,45,http://localhost:5000/api/appointments,1762,0,0
1784906809148,10,03 GET /assets/index.js (main bundle),200,OK,Moderate Load - 50 users over 60s 2-38,text,true,,488575,459,45,45,http://localhost:5000/assets/index.js,9,0,0
1784906809350,112,01 POST /api/auth/login,200,OK,Moderate Load - 50 users over 60s 2-23,text,true,,1469,543,45,45,http://localhost:5000/api/auth/login,112,0,0
1784906809459,121,01 POST /api/auth/login,200,OK,Moderate Load - 50 users over 60s 2-17,text,true,,1469,543,45,45,http://localhost:5000/api/auth/login,121,0,0
1784906788639,21066,08 GET /api/patients/{id} (record with history),200,OK,Moderate Load - 50 users over 60s 2-2,text,true,,12281,459,45,45,http://localhost:5000/api/patients/40,21066,0,0
1784906809490,219,01 POST /api/auth/login,200,OK,Moderate Load - 50 users over 60s 2-44,text,true,,1469,543,45,45,http://localhost:5000/api/auth/login,219,0,0
1784906790269,19441,08 GET /api/patients/{id} (record with history),200,OK,Moderate Load - 50 users over 60s 2-9,text,true,,11717,459,45,45,http://localhost:5000/api/patients/29,19441,0,0
1784906809661,59,04 GET /assets/index.css,200,OK,Moderate Load - 50 users over 60s 2-38,text,true,,49971,460,45,45,http://localhost:5000/assets/index.css,59,0,0
1784906801280,8452,10 POST /api/ai/pre-appointment/{id},200,OK,Moderate Load - 50 users over 60s 2-14,text,true,,2367,490,45,45,http://localhost:5000/api/ai/pre-appointment/510,8452,0,0
1784906792555,17227,08 GET /api/patients/{id} (record with history),200,OK,Moderate Load - 50 users over 60s 2-7,text,true,,10599,459,45,45,http://localhost:5000/api/patients/44,17227,0,0
1784906808836,1097,07 GET /api/patients?search= (name search),200,OK,Moderate Load - 50 users over 60s 2-24,text,true,,1129,482,45,45,http://localhost:5000/api/patients?search=yb&page=1&limit=20,1097,0,0
1784906809973,1,02 GET / (index.html),200,OK,Moderate Load - 50 users over 60s 2-23,text,true,,1778,444,45,45,http://localhost:5000/,1,0,0
1784906810081,2,02 GET / (index.html),200,OK,Moderate Load - 50 users over 60s 2-17,text,true,,1778,444,45,45,http://localhost:5000/,2,0,0
1784906793409,16779,08 GET /api/patients/{id} (record with history),200,OK,Moderate Load - 50 users over 60s 2-6,text,true,,10521,459,45,45,http://localhost:5000/api/patients/47,16779,0,0
1784906808741,1472,09 GET /api/appointments (day view),200,OK,Moderate Load - 50 users over 60s 2-42,text,true,,1775,460,45,45,http://localhost:5000/api/appointments,1472,0,0
1784906808883,1331,07 GET /api/patients?search= (name search),200,OK,Moderate Load - 50 users over 60s 2-26,text,true,,1129,482,45,45,http://localhost:5000/api/patients?search=fj&page=1&limit=20,1331,0,0
1784906810219,6,02 GET / (index.html),200,OK,Moderate Load - 50 users over 60s 2-44,text,true,,1778,444,45,45,http://localhost:5000/,6,0,0
1784906810235,104,01 POST /api/auth/login,200,OK,Moderate Load - 50 users over 60s 2-14,text,true,,1469,543,45,45,http://localhost:5000/api/auth/login,104,0,0
1784906808663,1680,05 GET /api/dashboard/stats,200,OK,Moderate Load - 50 users over 60s 2-37,text,true,,1188,463,45,45,http://localhost:5000/api/dashboard/stats,1680,0,0
1784906810483,3,03 GET /assets/index.js (main bundle),200,OK,Moderate Load - 50 users over 60s 2-23,text,true,,488575,459,45,45,http://localhost:5000/assets/index.js,1,0,0
1784906810592,3,03 GET /assets/index.js (main bundle),200,OK,Moderate Load - 50 users over 60s 2-17,text,true,,488575,459,45,45,http://localhost:5000/assets/index.js,2,0,0
1784906810718,111,01 POST /api/auth/login,200,OK,Moderate Load - 50 users over 60s 2-42,text,true,,1469,543,45,45,http://localhost:5000/api/auth/login,111,0,1
1784906808633,2199,05 GET /api/dashboard/stats,200,OK,Moderate Load - 50 users over 60s 2-40,text,true,,1188,463,45,45,http://localhost:5000/api/dashboard/stats,2199,0,0
1784906809040,1796,09 GET /api/appointments (day view),200,OK,Moderate Load - 50 users over 60s 2-29,text,true,,1775,460,45,45,http://localhost:5000/api/appointments,1796,0,0
1784906810733,105,03 GET /assets/index.js (main bundle),200,OK,Moderate Load - 50 users over 60s 2-44,text,true,,488575,459,45,45,http://localhost:5000/assets/index.js,104,0,0
1784906810843,4,02 GET / (index.html),200,OK,Moderate Load - 50 users over 60s 2-14,text,true,,1778,444,45,45,http://localhost:5000/,4,0,0
1784906809148,1814,05 GET /api/dashboard/stats,200,OK,Moderate Load - 50 users over 60s 2-27,text,true,,1188,463,45,45,http://localhost:5000/api/dashboard/stats,1814,0,0
1784906810999,2,04 GET /assets/index.css,200,OK,Moderate Load - 50 users over 60s 2-23,text,true,,49971,460,45,45,http://localhost:5000/assets/index.css,2,0,0
1784906793146,17931,08 GET /api/patients/{id} (record with history),200,OK,Moderate Load - 50 users over 60s 2-41,text,true,,11157,459,45,45,http://localhost:5000/api/patients/45,17931,0,0
1784906811108,2,04 GET /assets/index.css,200,OK,Moderate Load - 50 users over 60s 2-17,text,true,,49971,460,45,45,http://localhost:5000/assets/index.css,2,0,0
1784906809148,2053,05 GET /api/dashboard/stats,200,OK,Moderate Load - 50 users over 60s 2-25,text,true,,1188,463,45,45,http://localhost:5000/api/dashboard/stats,2053,0,0
1784906809148,2077,05 GET /api/dashboard/stats,200,OK,Moderate Load - 50 users over 60s 2-15,text,true,,1188,463,45,45,http://localhost:5000/api/dashboard/stats,2077,0,0
1784906811340,5,02 GET / (index.html),200,OK,Moderate Load - 50 users over 60s 2-42,text,true,,1778,444,45,45,http://localhost:5000/,5,0,0
1784906811340,5,04 GET /assets/index.css,200,OK,Moderate Load - 50 users over 60s 2-44,text,true,,49971,460,45,45,http://localhost:5000/assets/index.css,5,0,0
1784906811340,113,01 POST /api/auth/login,200,OK,Moderate Load - 50 users over 60s 2-29,text,true,,1469,543,45,45,http://localhost:5000/api/auth/login,113,0,0
1784906808977,2482,05 GET /api/dashboard/stats,200,OK,Moderate Load - 50 users over 60s 2-39,text,true,,1188,463,45,45,http://localhost:5000/api/dashboard/stats,2482,0,0
1784906811355,128,03 GET /assets/index.js (main bundle),200,OK,Moderate Load - 50 users over 60s 2-14,text,true,,488575,459,45,45,http://localhost:5000/assets/index.js,2,0,0
1784906810843,762,06 GET /api/patients (paginated list),200,OK,Moderate Load - 50 users over 60s 2-37,text,true,,9818,472,45,45,http://localhost:5000/api/patients?page=4&limit=20,762,0,0
1784906810296,1367,09 GET /api/appointments (day view),200,OK,Moderate Load - 50 users over 60s 2-7,text,true,,1775,460,45,45,http://localhost:5000/api/appointments,1367,0,0
1784906811340,409,06 GET /api/patients (paginated list),200,OK,Moderate Load - 50 users over 60s 2-40,text,true,,10160,472,44,44,http://localhost:5000/api/patients?page=8&limit=20,409,0,0
1784906810219,1535,09 GET /api/appointments (day view),200,OK,Moderate Load - 50 users over 60s 2-9,text,true,,1775,460,44,44,http://localhost:5000/api/appointments,1535,0,0
1784906811853,5,03 GET /assets/index.js (main bundle),200,OK,Moderate Load - 50 users over 60s 2-42,text,true,,488575,459,43,43,http://localhost:5000/assets/index.js,4,0,0
1784906811960,3,02 GET / (index.html),200,OK,Moderate Load - 50 users over 60s 2-29,text,true,,1778,444,43,43,http://localhost:5000/,3,0,0
1784906811990,2,04 GET /assets/index.css,200,OK,Moderate Load - 50 users over 60s 2-14,text,true,,49971,460,43,43,http://localhost:5000/assets/index.css,2,0,0
1784906810702,1375,09 GET /api/appointments (day view),200,OK,Moderate Load - 50 users over 60s 2-6,text,true,,1775,460,43,43,http://localhost:5000/api/appointments,1375,0,0
1784906811463,631,06 GET /api/patients (paginated list),200,OK,Moderate Load - 50 users over 60s 2-27,text,true,,10117,473,43,43,http://localhost:5000/api/patients?page=17&limit=20,631,0,0
1784906810219,1988,09 GET /api/appointments (day view),200,OK,Moderate Load - 50 users over 60s 2-2,text,true,,1775,460,43,43,http://localhost:5000/api/appointments,1988,0,0
1784906811713,511,06 GET /api/patients (paginated list),200,OK,Moderate Load - 50 users over 60s 2-25,text,true,,10066,473,42,42,http://localhost:5000/api/patients?page=46&limit=20,511,0,0
1784906810235,2024,05 GET /api/dashboard/stats,200,OK,Moderate Load - 50 users over 60s 2-38,text,true,,1188,463,42,42,http://localhost:5000/api/dashboard/stats,2024,0,0
1784906812362,2,04 GET /assets/index.css,200,OK,Moderate Load - 50 users over 60s 2-42,text,true,,49971,460,42,42,http://localhost:5000/assets/index.css,2,0,0
1784906811728,693,06 GET /api/patients (paginated list),200,OK,Moderate Load - 50 users over 60s 2-15,text,true,,10137,473,42,42,http://localhost:5000/api/patients?page=35&limit=20,693,0,0
1784906812472,3,03 GET /assets/index.js (main bundle),200,OK,Moderate Load - 50 users over 60s 2-29,text,true,,488575,459,42,42,http://localhost:5000/assets/index.js,2,0,0
1784906811960,581,06 GET /api/patients (paginated list),200,OK,Moderate Load - 50 users over 60s 2-39,text,true,,9964,473,42,42,http://localhost:5000/api/patients?page=29&limit=20,581,0,0
1784906792927,19855,08 GET /api/patients/{id} (record with history),200,OK,Moderate Load - 50 users over 60s 2-45,text,true,,12281,459,42,42,http://localhost:5000/api/patients/40,19855,0,0
1784906793114,19721,08 GET /api/patients/{id} (record with history),200,OK,Moderate Load - 50 users over 60s 2-28,text,true,,11702,459,42,42,http://localhost:5000/api/patients/49,19721,0,1
1784906794931,18048,08 GET /api/patients/{id} (record with history),200,OK,Moderate Load - 50 users over 60s 2-47,text,true,,11717,459,42,42,http://localhost:5000/api/patients/29,18048,0,0
1784906812988,2,04 GET /assets/index.css,200,OK,Moderate Load - 50 users over 60s 2-29,text,true,,49971,460,42,42,http://localhost:5000/assets/index.css,1,0,0
1784906811587,1419,09 GET /api/appointments (day view),200,OK,Moderate Load - 50 users over 60s 2-41,text,true,,1775,460,42,42,http://localhost:5000/api/appointments,1419,0,1
1784906795571,17734,08 GET /api/patients/{id} (record with history),200,OK,Moderate Load - 50 users over 60s 2-50,text,true,,11102,458,42,42,http://localhost:5000/api/patients/8,17734,0,0
1784906812770,538,06 GET /api/patients (paginated list),200,OK,Moderate Load - 50 users over 60s 2-38,text,true,,9970,473,42,42,http://localhost:5000/api/patients?page=34&limit=20,538,0,0
1784906812114,1212,07 GET /api/patients?search= (name search),200,OK,Moderate Load - 50 users over 60s 2-37,text,true,,1129,482,42,42,http://localhost:5000/api/patients?search=tv&page=1&limit=20,1212,0,0
1784906806551,6786,10 POST /api/ai/pre-appointment/{id},200,OK,Moderate Load - 50 users over 60s 2-43,text,true,,2067,490,42,42,http://localhost:5000/api/ai/pre-appointment/265,6786,0,0
1784906811618,1776,05 GET /api/dashboard/stats,200,OK,Moderate Load - 50 users over 60s 2-17,text,true,,1188,463,42,42,http://localhost:5000/api/dashboard/stats,1776,0,0
1784906797176,16291,08 GET /api/patients/{id} (record with history),200,OK,Moderate Load - 50 users over 60s 2-48,text,true,,10561,459,42,42,http://localhost:5000/api/patients/41,16291,0,0
1784906796242,17383,08 GET /api/patients/{id} (record with history),200,OK,Moderate Load - 50 users over 60s 2-31,text,true,,11162,459,42,42,http://localhost:5000/api/patients/12,17383,0,1
1784906812254,1372,07 GET /api/patients?search= (name search),200,OK,Moderate Load - 50 users over 60s 2-40,text,true,,1129,482,42,42,http://localhost:5000/api/patients?search=ru&page=1&limit=20,1372,0,0
1784906813518,110,01 POST /api/auth/login,200,OK,Moderate Load - 50 users over 60s 2-41,text,true,,1469,543,42,42,http://localhost:5000/api/auth/login,110,0,0
1784906811510,2118,05 GET /api/dashboard/stats,200,OK,Moderate Load - 50 users over 60s 2-23,text,true,,1188,463,42,42,http://localhost:5000/api/dashboard/stats,2118,0,0
1784906812596,1084,07 GET /api/patients?search= (name search),200,OK,Moderate Load - 50 users over 60s 2-27,text,true,,1129,482,42,42,http://localhost:5000/api/patients?search=oz&page=1&limit=20,1084,0,0
1784906811853,1948,05 GET /api/dashboard/stats,200,OK,Moderate Load - 50 users over 60s 2-44,text,true,,1188,463,42,42,http://localhost:5000/api/dashboard/stats,1948,0,1
1784906813841,107,01 POST /api/auth/login,200,OK,Moderate Load - 50 users over 60s 2-43,text,true,,1469,543,42,42,http://localhost:5000/api/auth/login,107,0,2
1784906812925,1027,07 GET /api/patients?search= (name search),200,OK,Moderate Load - 50 users over 60s 2-15,text,true,,1129,482,42,42,http://localhost:5000/api/patients?search=cj&page=1&limit=20,1027,0,0
1784906813050,1005,07 GET /api/patients?search= (name search),200,OK,Moderate Load - 50 users over 60s 2-39,text,true,,1129,482,42,42,http://localhost:5000/api/patients?search=vn&page=1&limit=20,1005,0,0
1784906812503,1607,05 GET /api/dashboard/stats,200,OK,Moderate Load - 50 users over 60s 2-14,text,true,,1188,463,42,42,http://localhost:5000/api/dashboard/stats,1607,0,0
1784906796864,17259,08 GET /api/patients/{id} (record with history),200,OK,Moderate Load - 50 users over 60s 2-19,text,true,,11143,459,42,42,http://localhost:5000/api/patients/50,17259,0,0
1784906814137,8,02 GET / (index.html),200,OK,Moderate Load - 50 users over 60s 2-41,text,true,,1778,444,42,42,http://localhost:5000/,8,0,0
1784906812739,1452,07 GET /api/patients?search= (name search),200,OK,Moderate Load - 50 users over 60s 2-25,text,true,,1129,482,42,42,http://localhost:5000/api/patients?search=fq&page=1&limit=20,1452,0,0
1784906813284,1126,09 GET /api/appointments (day view),200,OK,Moderate Load - 50 users over 60s 2-45,text,true,,1775,460,42,42,http://localhost:5000/api/appointments,1126,0,1
1784906814464,3,02 GET / (index.html),200,OK,Moderate Load - 50 users over 60s 2-43,text,true,,1778,444,42,42,http://localhost:5000/,3,0,0
1784906813903,595,06 GET /api/patients (paginated list),200,OK,Moderate Load - 50 users over 60s 2-17,text,true,,10179,473,42,42,http://localhost:5000/api/patients?page=47&limit=20,595,0,0
1784906812878,1636,05 GET /api/dashboard/stats,200,OK,Moderate Load - 50 users over 60s 2-42,text,true,,1188,463,42,42,http://localhost:5000/api/dashboard/stats,1636,0,0
1784906814647,5,03 GET /assets/index.js (main bundle),200,OK,Moderate Load - 50 users over 60s 2-41,text,true,,488575,459,42,42,http://localhost:5000/assets/index.js,3,0,0
1784906813347,1323,09 GET /api/appointments (day view),200,OK,Moderate Load - 50 users over 60s 2-28,text,true,,1775,460,42,42,http://localhost:5000/api/appointments,1323,0,0
1784906802397,12291,08 GET /api/patients/{id} (record with history),200,OK,Moderate Load - 50 users over 60s 2-10,text,true,,8729,459,42,42,http://localhost:5000/api/patients/32,12291,0,0
1784906814137,561,06 GET /api/patients (paginated list),200,OK,Moderate Load - 50 users over 60s 2-23,text,true,,10179,473,42,42,http://localhost:5000/api/patients?page=39&limit=20,561,0,0
1784906813488,1374,09 GET /api/appointments (day view),200,OK,Moderate Load - 50 users over 60s 2-47,text,true,,1775,460,42,42,http://localhost:5000/api/appointments,1374,0,0
1784906794141,20753,08 GET /api/patients/{id} (record with history),200,OK,Moderate Load - 50 users over 60s 2-46,text,true,,12370,459,42,42,http://localhost:5000/api/patients/21,20753,0,0
1784906814911,108,01 POST /api/auth/login,200,OK,Moderate Load - 50 users over 60s 2-45,text,true,,1469,543,42,42,http://localhost:5000/api/auth/login,108,0,0
1784906797021,18001,08 GET /api/patients/{id} (record with history),200,OK,Moderate Load - 50 users over 60s 2-18,text,true,,10561,459,42,42,http://localhost:5000/api/patients/41,18001,0,0
1784906813811,1212,07 GET /api/patients?search= (name search),200,OK,Moderate Load - 50 users over 60s 2-38,text,true,,1129,482,42,42,http://localhost:5000/api/patients?search=pc&page=1&limit=20,1212,0,0
1784906814308,720,06 GET /api/patients (paginated list),200,OK,Moderate Load - 50 users over 60s 2-44,text,true,,10091,473,42,42,http://localhost:5000/api/patients?page=13&limit=20,720,0,0
1784906814973,109,03 GET /assets/index.js (main bundle),200,OK,Moderate Load - 50 users over 60s 2-43,text,true,,488575,459,42,42,http://localhost:5000/assets/index.js,78,0,0
1784906813503,1594,05 GET /api/dashboard/stats,200,OK,Moderate Load - 50 users over 60s 2-29,text,true,,1188,463,42,42,http://localhost:5000/api/dashboard/stats,1594,0,0
1784906814617,507,06 GET /api/patients (paginated list),200,OK,Moderate Load - 50 users over 60s 2-14,text,true,,10073,473,42,42,http://localhost:5000/api/patients?page=30&limit=20,507,0,0
1784906813811,1317,09 GET /api/appointments (day view),200,OK,Moderate Load - 50 users over 60s 2-50,text,true,,1775,460,42,42,http://localhost:5000/api/appointments,1317,0,0
1784906815161,2,04 GET /assets/index.css,200,OK,Moderate Load - 50 users over 60s 2-41,text,true,,49971,460,42,42,http://localhost:5000/assets/index.css,2,0,0
1784906815176,101,01 POST /api/auth/login,200,OK,Moderate Load - 50 users over 60s 2-28,text,true,,1469,543,42,42,http://localhost:5000/api/auth/login,101,0,0
1784906813981,1342,09 GET /api/appointments (day view),200,OK,Moderate Load - 50 users over 60s 2-48,text,true,,1775,460,42,42,http://localhost:5000/api/appointments,1342,0,0
1784906801809,13526,08 GET /api/patients/{id} (record with history),200,OK,Moderate Load - 50 users over 60s 2-21,text,true,,9354,459,42,42,http://localhost:5000/api/patients/22,13526,0,0
1784906815020,452,06 GET /api/patients (paginated list),200,OK,Moderate Load - 50 users over 60s 2-42,text,true,,10044,473,42,42,http://localhost:5000/api/patients?page=22&limit=20,452,0,0
1784906815364,112,01 POST /api/auth/login,200,OK,Moderate Load - 50 users over 60s 2-47,text,true,,1469,543,42,42,http://localhost:5000/api/auth/login,112,0,1
1784906800316,15185,08 GET /api/patients/{id} (record with history),200,OK,Moderate Load - 50 users over 60s 2-22,text,true,,10516,459,42,42,http://localhost:5000/api/patients/36,15185,0,0
1784906815532,10,02 GET / (index.html),200,OK,Moderate Load - 50 users over 60s 2-45,text,true,,1778,444,42,42,http://localhost:5000/,10,0,0
1784906815595,3,04 GET /assets/index.css,200,OK,Moderate Load - 50 users over 60s 2-43,text,true,,49971,460,42,42,http://localhost:5000/assets/index.css,3,0,0
1784906815641,103,01 POST /api/auth/login,200,OK,Moderate Load - 50 users over 60s 2-50,text,true,,1469,543,42,42,http://localhost:5000/api/auth/login,103,0,0
1784906797923,17823,08 GET /api/patients/{id} (record with history),200,OK,Moderate Load - 50 users over 60s 2-16,text,true,,10539,458,42,42,http://localhost:5000/api/patients/9,17823,0,0
1784906814632,1148,09 GET /api/appointments (day view),200,OK,Moderate Load - 50 users over 60s 2-19,text,true,,1775,460,42,42,http://localhost:5000/api/appointments,1148,0,0
1784906815784,2,02 GET / (index.html),200,OK,Moderate Load - 50 users over 60s 2-28,text,true,,1778,444,42,42,http://localhost:5000/,2,0,0
1784906814137,1688,09 GET /api/appointments (day view),200,OK,Moderate Load - 50 users over 60s 2-31,text,true,,1775,460,42,42,http://localhost:5000/api/appointments,1688,0,0
1784906815986,4,02 GET / (index.html),200,OK,Moderate Load - 50 users over 60s 2-47,text,true,,1778,444,42,42,http://localhost:5000/,4,0,0
1784906816050,4,03 GET /assets/index.js (main bundle),200,OK,Moderate Load - 50 users over 60s 2-45,text,true,,488575,459,42,42,http://localhost:5000/assets/index.js,2,0,0
1784906815207,965,07 GET /api/patients?search= (name search),200,OK,Moderate Load - 50 users over 60s 2-23,text,true,,1129,482,42,42,http://localhost:5000/api/patients?search=pj&page=1&limit=20,965,0,0
1784906815610,621,06 GET /api/patients (paginated list),200,OK,Moderate Load - 50 users over 60s 2-29,text,true,,10032,473,42,42,http://localhost:5000/api/patients?page=49&limit=20,621,0,0
1784906816253,4,02 GET / (index.html),200,OK,Moderate Load - 50 users over 60s 2-50,text,true,,1778,444,42,42,http://localhost:5000/,4,0,0
1784906816284,109,01 POST /api/auth/login,200,OK,Moderate Load - 50 users over 60s 2-19,text,true,,1469,543,42,42,http://localhost:5000/api/auth/login,109,0,0
1784906815004,1497,07 GET /api/patients?search= (name search),200,OK,Moderate Load - 50 users over 60s 2-17,text,true,,1129,482,42,42,http://localhost:5000/api/patients?search=fh&page=1&limit=20,1497,0,0
1784906815532,969,07 GET /api/patients?search= (name search),200,OK,Moderate Load - 50 users over 60s 2-44,text,true,,1129,482,42,42,http://localhost:5000/api/patients?search=wn&page=1&limit=20,969,0,0
1784906816332,171,01 POST /api/auth/login,200,OK,Moderate Load - 50 users over 60s 2-31,text,true,,1469,543,42,42,http://localhost:5000/api/auth/login,171,0,0
1784906816300,208,03 GET /assets/index.js (main bundle),200,OK,Moderate Load - 50 users over 60s 2-28,text,true,,488575,459,42,42,http://localhost:5000/assets/index.js,203,0,0
1784906816504,16,03 GET /assets/index.js (main bundle),200,OK,Moderate Load - 50 users over 60s 2-47,text,true,,488575,459,42,42,http://localhost:5000/assets/index.js,3,0,0
1784906815191,1333,09 GET /api/appointments (day view),200,OK,Moderate Load - 50 users over 60s 2-10,text,true,,1775,460,42,42,http://localhost:5000/api/appointments,1333,0,0
1784906816566,1,04 GET /assets/index.css,200,OK,Moderate Load - 50 users over 60s 2-45,text,true,,49971,460,41,41,http://localhost:5000/assets/index.css,1,0,0
1784906815409,1251,09 GET /api/appointments (day view),200,OK,Moderate Load - 50 users over 60s 2-46,text,true,,1775,460,41,41,http://localhost:5000/api/appointments,1251,0,1
1784906815532,1191,09 GET /api/appointments (day view),200,OK,Moderate Load - 50 users over 60s 2-18,text,true,,1775,460,41,41,http://localhost:5000/api/appointments,1191,0,0
1784906816769,3,03 GET /assets/index.js (main bundle),200,OK,Moderate Load - 50 users over 60s 2-50,text,true,,488575,459,41,41,http://localhost:5000/assets/index.js,2,0,0
1784906816894,3,02 GET / (index.html),200,OK,Moderate Load - 50 users over 60s 2-19,text,true,,1778,444,41,41,http://localhost:5000/,3,0,0
1784906796647,20263,08 GET /api/patients/{id} (record with history),200,OK,Moderate Load - 50 users over 60s 2-49,text,true,,11718,459,41,41,http://localhost:5000/api/patients/24,20263,0,0
1784906815626,1286,07 GET /api/patients?search= (name search),200,OK,Moderate Load - 50 users over 60s 2-14,text,true,,1129,482,41,41,http://localhost:5000/api/patients?search=uj&page=1&limit=20,1286,0,0
1784906815847,1172,09 GET /api/appointments (day view),200,OK,Moderate Load - 50 users over 60s 2-21,text,true,,1775,460,41,41,http://localhost:5000/api/appointments,1172,0,0
1784906817018,2,02 GET / (index.html),200,OK,Moderate Load - 50 users over 60s 2-31,text,true,,1778,444,41,41,http://localhost:5000/,2,0,0
1784906817018,3,04 GET /assets/index.css,200,OK,Moderate Load - 50 users over 60s 2-28,text,true,,49971,460,41,41,http://localhost:5000/assets/index.css,3,0,0
1784906812581,4445,10 POST /api/ai/pre-appointment/{id},200,OK,Moderate Load - 50 users over 60s 2-6,text,true,,2208,489,41,41,http://localhost:5000/api/ai/pre-appointment/85,4445,0,0
1784906817034,2,04 GET /assets/index.css,200,OK,Moderate Load - 50 users over 60s 2-47,text,true,,49971,460,40,40,http://localhost:5000/assets/index.css,2,0,0
1784906816003,1120,09 GET /api/appointments (day view),200,OK,Moderate Load - 50 users over 60s 2-22,text,true,,1775,460,40,40,http://localhost:5000/api/appointments,1120,0,0
1784906817171,106,01 POST /api/auth/login,200,OK,Moderate Load - 50 users over 60s 2-46,text,true,,1469,543,40,40,http://localhost:5000/api/auth/login,106,0,0
1784906817232,151,01 POST /api/auth/login,200,OK,Moderate Load - 50 users over 60s 2-18,text,true,,1469,543,40,40,http://localhost:5000/api/auth/login,151,0,0
1784906815987,1399,07 GET /api/patients?search= (name search),200,OK,Moderate Load - 50 users over 60s 2-42,text,true,,1129,482,40,40,http://localhost:5000/api/patients?search=dy&page=1&limit=20,1399,0,0
1784906817279,115,04 GET /assets/index.css,200,OK,Moderate Load - 50 users over 60s 2-50,text,true,,49971,460,40,40,http://localhost:5000/assets/index.css,114,0,0
1784906817404,2,03 GET /assets/index.js (main bundle),200,OK,Moderate Load - 50 users over 60s 2-19,text,true,,488575,459,40,40,http://localhost:5000/assets/index.js,1,0,0
1784906815674,1743,05 GET /api/dashboard/stats,200,OK,Moderate Load - 50 users over 60s 2-41,text,true,,1188,463,40,40,http://localhost:5000/api/dashboard/stats,1743,0,0
1784906817526,100,01 POST /api/auth/login,200,OK,Moderate Load - 50 users over 60s 2-21,text,true,,1469,543,40,40,http://localhost:5000/api/auth/login,100,0,0
1784906816112,1648,05 GET /api/dashboard/stats,200,OK,Moderate Load - 50 users over 60s 2-43,text,true,,1188,463,40,40,http://localhost:5000/api/dashboard/stats,1648,0,0
1784906816737,1023,07 GET /api/patients?search= (name search),200,OK,Moderate Load - 50 users over 60s 2-29,text,true,,1129,482,40,40,http://localhost:5000/api/patients?search=nh&page=1&limit=20,1023,0,0
1784906817636,126,01 POST /api/auth/login,200,OK,Moderate Load - 50 users over 60s 2-22,text,true,,1469,543,40,40,http://localhost:5000/api/auth/login,126,0,0
1784906817526,243,03 GET /assets/index.js (main bundle),200,OK,Moderate Load - 50 users over 60s 2-31,text,true,,488575,459,40,40,http://localhost:5000/assets/index.js,107,0,0
1784906817792,2,02 GET / (index.html),200,OK,Moderate Load - 50 users over 60s 2-46,text,true,,1778,444,40,40,http://localhost:5000/,2,0,0
1784906817884,2,02 GET / (index.html),200,OK,Moderate Load - 50 users over 60s 2-18,text,true,,1778,444,40,40,http://localhost:5000/,2,0,0
1784906817916,2,04 GET /assets/index.css,200,OK,Moderate Load - 50 users over 60s 2-19,text,true,,49971,460,40,40,http://localhost:5000/assets/index.css,2,0,0
1784906816253,1757,09 GET /api/appointments (day view),200,OK,Moderate Load - 50 users over 60s 2-16,text,true,,1775,460,40,40,http://localhost:5000/api/appointments,1757,0,0
1784906797114,20936,08 GET /api/patients/{id} (record with history),200,OK,Moderate Load - 50 users over 60s 2-32,text,true,,12376,459,40,40,http://localhost:5000/api/patients/13,20936,0,0
1784906818132,2,02 GET / (index.html),200,OK,Moderate Load - 50 users over 60s 2-21,text,true,,1778,444,40,40,http://localhost:5000/,2,0,0
1784906818273,6,02 GET / (index.html),200,OK,Moderate Load - 50 users over 60s 2-22,text,true,,1778,444,40,40,http://localhost:5000/,6,0,0
1784906818273,7,04 GET /assets/index.css,200,OK,Moderate Load - 50 users over 60s 2-31,text,true,,49971,460,40,40,http://localhost:5000/assets/index.css,7,0,0
1784906818304,4,03 GET /assets/index.js (main bundle),200,OK,Moderate Load - 50 users over 60s 2-46,text,true,,488575,459,40,40,http://localhost:5000/assets/index.js,2,0,0
1784906818397,3,03 GET /assets/index.js (main bundle),200,OK,Moderate Load - 50 users over 60s 2-18,text,true,,488575,459,40,40,http://localhost:5000/assets/index.js,2,0,0
1784906817932,506,06 GET /api/patients (paginated list),200,OK,Moderate Load - 50 users over 60s 2-41,text,true,,10028,473,40,40,http://localhost:5000/api/patients?page=27&limit=20,506,0,0
1784906818521,96,01 POST /api/auth/login,200,OK,Moderate Load - 50 users over 60s 2-16,text,true,,1469,543,40,40,http://localhost:5000/api/auth/login,96,0,0
1784906802974,15645,08 GET /api/patients/{id} (record with history),200,OK,Moderate Load - 50 users over 60s 2-35,text,true,,11718,459,40,40,http://localhost:5000/api/patients/24,15645,0,0
1784906817080,1548,05 GET /api/dashboard/stats,200,OK,Moderate Load - 50 users over 60s 2-45,text,true,,1188,463,40,40,http://localhost:5000/api/dashboard/stats,1548,0,0
1784906818644,3,03 GET /assets/index.js (main bundle),200,OK,Moderate Load - 50 users over 60s 2-21,text,true,,488575,459,40,40,http://localhost:5000/assets/index.js,2,0,0
1784906805512,13178,08 GET /api/patients/{id} (record with history),200,OK,Moderate Load - 50 users over 60s 2-33,text,true,,10599,459,40,40,http://localhost:5000/api/patients/44,13178,0,0
1784906818784,4,03 GET /assets/index.js (main bundle),200,OK,Moderate Load - 50 users over 60s 2-22,text,true,,488575,459,40,40,http://localhost:5000/assets/index.js,3,0,0
1784906797985,20829,08 GET /api/patients/{id} (record with history),200,OK,Moderate Load - 50 users over 60s 2-30,text,true,,12340,459,40,40,http://localhost:5000/api/patients/23,20829,0,0
1784906818815,2,04 GET /assets/index.css,200,OK,Moderate Load - 50 users over 60s 2-46,text,true,,49971,460,40,40,http://localhost:5000/assets/index.css,2,0,0
1784906818273,612,06 GET /api/patients (paginated list),200,OK,Moderate Load - 50 users over 60s 2-43,text,true,,10025,472,40,40,http://localhost:5000/api/patients?page=1&limit=20,612,0,0
1784906818909,2,04 GET /assets/index.css,200,OK,Moderate Load - 50 users over 60s 2-18,text,true,,49971,460,40,40,http://localhost:5000/assets/index.css,2,0,0
1784906802726,16199,08 GET /api/patients/{id} (record with history),200,OK,Moderate Load - 50 users over 60s 2-12,text,true,,11979,458,40,40,http://localhost:5000/api/patients/6,16199,0,0
1784906797985,21111,08 GET /api/patients/{id} (record with history),200,OK,Moderate Load - 50 users over 60s 2-11,text,true,,12373,459,40,40,http://localhost:5000/api/patients/31,21111,0,0
1784906817419,1702,09 GET /api/appointments (day view),200,OK,Moderate Load - 50 users over 60s 2-49,text,true,,1775,460,40,40,http://localhost:5000/api/appointments,1702,0,0
1784906808134,10990,08 GET /api/patients/{id} (record with history),200,OK,Moderate Load - 50 users over 60s 2-36,text,true,,9360,459,40,40,http://localhost:5000/api/patients/39,10990,0,0
1784906817526,1598,05 GET /api/dashboard/stats,200,OK,Moderate Load - 50 users over 60s 2-28,text,true,,1188,463,40,40,http://localhost:5000/api/dashboard/stats,1598,0,0
1784906819127,6,02 GET / (index.html),200,OK,Moderate Load - 50 users over 60s 2-16,text,true,,1778,444,40,40,http://localhost:5000/,6,0,0
1784906819158,2,04 GET /assets/index.css,200,OK,Moderate Load - 50 users over 60s 2-21,text,true,,49971,460,40,40,http://localhost:5000/assets/index.css,2,0,0
1784906809070,10185,08 GET /api/patients/{id} (record with history),200,OK,Moderate Load - 50 users over 60s 2-13,text,true,,8745,459,40,40,http://localhost:5000/api/patients/11,10185,0,0
1784906819300,2,04 GET /assets/index.css,200,OK,Moderate Load - 50 users over 60s 2-22,text,true,,49971,460,40,40,http://localhost:5000/assets/index.css,2,0,0
1784906817541,1772,05 GET /api/dashboard/stats,200,OK,Moderate Load - 50 users over 60s 2-47,text,true,,1188,463,40,40,http://localhost:5000/api/dashboard/stats,1772,0,0
1784906817900,1638,05 GET /api/dashboard/stats,200,OK,Moderate Load - 50 users over 60s 2-50,text,true,,1188,463,40,40,http://localhost:5000/api/dashboard/stats,1638,0,0
1784906819625,105,01 POST /api/auth/login,200,OK,Moderate Load - 50 users over 60s 2-49,text,true,,1469,543,40,40,http://localhost:5000/api/auth/login,105,0,1
1784906819129,608,06 GET /api/patients (paginated list),200,OK,Moderate Load - 50 users over 60s 2-45,text,true,,10073,473,40,40,http://localhost:5000/api/patients?page=30&limit=20,608,0,0
1784906819640,142,03 GET /assets/index.js (main bundle),200,OK,Moderate Load - 50 users over 60s 2-16,text,true,,488575,459,40,40,http://localhost:5000/assets/index.js,111,0,0
1784906818552,1409,09 GET /api/appointments (day view),200,OK,Moderate Load - 50 users over 60s 2-32,text,true,,1775,460,40,40,http://localhost:5000/api/appointments,1409,0,1
1784906819625,414,06 GET /api/patients (paginated list),200,OK,Moderate Load - 50 users over 60s 2-28,text,true,,9932,473,40,40,http://localhost:5000/api/patients?page=37&limit=20,414,0,0
1784906818940,1122,07 GET /api/patients?search= (name search),200,OK,Moderate Load - 50 users over 60s 2-41,text,true,,1129,482,40,40,http://localhost:5000/api/patients?search=uk&page=1&limit=20,1122,0,0
1784906818428,1758,05 GET /api/dashboard/stats,200,OK,Moderate Load - 50 users over 60s 2-19,text,true,,1188,463,40,40,http://localhost:5000/api/dashboard/stats,1758,0,0
1784906820231,2,02 GET / (index.html),200,OK,Moderate Load - 50 users over 60s 2-49,text,true,,1778,444,40,40,http://localhost:5000/,2,0,0
1784906800875,19385,08 GET /api/patients/{id} (record with history),200,OK,Moderate Load - 50 users over 60s 2-20,text,true,,11717,459,40,40,http://localhost:5000/api/patients/29,19385,0,0
1784906820293,2,04 GET /assets/index.css,200,OK,Moderate Load - 50 users over 60s 2-16,text,true,,49971,460,40,40,http://localhost:5000/assets/index.css,2,0,0
1784906819825,531,06 GET /api/patients (paginated list),200,OK,Moderate Load - 50 users over 60s 2-47,text,true,,10160,473,40,40,http://localhost:5000/api/patients?page=10&limit=20,531,0,0
1784906819127,1304,09 GET /api/appointments (day view),200,OK,Moderate Load - 50 users over 60s 2-35,text,true,,1775,460,40,40,http://localhost:5000/api/appointments,1304,0,0
1784906820465,102,01 POST /api/auth/login,200,OK,Moderate Load - 50 users over 60s 2-32,text,true,,1469,543,40,40,http://localhost:5000/api/auth/login,102,0,0
1784906818784,1783,05 GET /api/dashboard/stats,200,OK,Moderate Load - 50 users over 60s 2-31,text,true,,1188,463,40,40,http://localhost:5000/api/dashboard/stats,1783,0,0
1784906819315,1324,09 GET /api/appointments (day view),200,OK,Moderate Load - 50 users over 60s 2-30,text,true,,1775,460,40,40,http://localhost:5000/api/appointments,1324,0,0
1784906820043,654,06 GET /api/patients (paginated list),200,OK,Moderate Load - 50 users over 60s 2-50,text,true,,10122,473,40,40,http://localhost:5000/api/patients?page=32&limit=20,654,0,2
1784906820747,5,03 GET /assets/index.js (main bundle),200,OK,Moderate Load - 50 users over 60s 2-49,text,true,,488575,459,40,40,http://localhost:5000/assets/index.js,4,0,0
1784906819609,1161,09 GET /api/appointments (day view),200,OK,Moderate Load - 50 users over 60s 2-11,text,true,,1775,460,40,40,http://localhost:5000/api/appointments,1161,0,0
1784906819625,1157,09 GET /api/appointments (day view),200,OK,Moderate Load - 50 users over 60s 2-36,text,true,,1775,460,39,39,http://localhost:5000/api/appointments,1157,0,0
1784906819206,1590,09 GET /api/appointments (day view),200,OK,Moderate Load - 50 users over 60s 2-33,text,true,,1775,460,39,39,http://localhost:5000/api/appointments,1590,0,0
1784906819393,1410,07 GET /api/patients?search= (name search),200,OK,Moderate Load - 50 users over 60s 2-43,text,true,,9918,482,39,39,http://localhost:5000/api/patients?search=uf&page=1&limit=20,1410,0,0
1784906803656,17212,08 GET /api/patients/{id} (record with history),200,OK,Moderate Load - 50 users over 60s 2-34,text,true,,10539,458,39,39,http://localhost:5000/api/patients/9,17212,0,0
1784906819764,1167,09 GET /api/appointments (day view),200,OK,Moderate Load - 50 users over 60s 2-13,text,true,,1775,460,39,39,http://localhost:5000/api/appointments,1167,0,0
1784906819330,1695,05 GET /api/dashboard/stats,200,OK,Moderate Load - 50 users over 60s 2-46,text,true,,1188,463,38,38,http://localhost:5000/api/dashboard/stats,1695,0,0
1784906819423,1618,05 GET /api/dashboard/stats,200,OK,Moderate Load - 50 users over 60s 2-18,text,true,,1188,463,38,38,http://localhost:5000/api/dashboard/stats,1618,0,0
1784906819438,1614,09 GET /api/appointments (day view),200,OK,Moderate Load - 50 users over 60s 2-12,text,true,,1775,460,38,38,http://localhost:5000/api/appointments,1614,0,0
1784906821071,4,02 GET / (index.html),200,OK,Moderate Load - 50 users over 60s 2-32,text,true,,1778,444,37,37,http://localhost:5000/,4,0,0
1784906820246,1011,07 GET /api/patients?search= (name search),200,OK,Moderate Load - 50 users over 60s 2-45,text,true,,9961,482,37,37,http://localhost:5000/api/patients?search=sh&page=1&limit=20,1011,0,0
1784906820701,563,06 GET /api/patients (paginated list),200,OK,Moderate Load - 50 users over 60s 2-19,text,true,,9951,472,37,37,http://localhost:5000/api/patients?page=3&limit=20,563,0,0
1784906821150,116,01 POST /api/auth/login,200,OK,Moderate Load - 50 users over 60s 2-30,text,true,,1469,543,37,37,http://localhost:5000/api/auth/login,116,0,0
1784906821261,16,04 GET /assets/index.css,200,OK,Moderate Load - 50 users over 60s 2-49,text,true,,49971,460,37,37,http://localhost:5000/assets/index.css,16,0,0
1784906821292,103,01 POST /api/auth/login,200,OK,Moderate Load - 50 users over 60s 2-36,text,true,,1469,543,37,37,http://localhost:5000/api/auth/login,103,0,0
1784906819671,1728,05 GET /api/dashboard/stats,200,OK,Moderate Load - 50 users over 60s 2-21,text,true,,1188,463,37,37,http://localhost:5000/api/dashboard/stats,1728,0,0
1784906819810,1594,05 GET /api/dashboard/stats,200,OK,Moderate Load - 50 users over 60s 2-22,text,true,,1188,463,37,37,http://localhost:5000/api/dashboard/stats,1594,0,0
1784906820544,963,07 GET /api/patients?search= (name search),200,OK,Moderate Load - 50 users over 60s 2-28,text,true,,1129,482,37,37,http://localhost:5000/api/patients?search=po&page=1&limit=20,963,0,0
1784906821308,204,01 POST /api/auth/login,200,OK,Moderate Load - 50 users over 60s 2-33,text,true,,1469,543,37,37,http://localhost:5000/api/auth/login,204,0,0
1784906821071,495,06 GET /api/patients (paginated list),200,OK,Moderate Load - 50 users over 60s 2-31,text,true,,10160,472,37,37,http://localhost:5000/api/patients?page=8&limit=20,495,0,0
1784906821590,3,03 GET /assets/index.js (main bundle),200,OK,Moderate Load - 50 users over 60s 2-32,text,true,,488575,459,37,37,http://localhost:5000/assets/index.js,2,0,0
1784906820763,919,09 GET /api/appointments (day view),200,OK,Moderate Load - 50 users over 60s 2-20,text,true,,1775,460,37,37,http://localhost:5000/api/appointments,919,0,0
1784906821777,5,02 GET / (index.html),200,OK,Moderate Load - 50 users over 60s 2-30,text,true,,1778,444,37,37,http://localhost:5000/,5,0,0
1784906821902,4,02 GET / (index.html),200,OK,Moderate Load - 50 users over 60s 2-36,text,true,,1778,444,37,37,http://localhost:5000/,4,0,0
1784906821528,387,06 GET /api/patients (paginated list),200,OK,Moderate Load - 50 users over 60s 2-46,text,true,,9985,473,37,37,http://localhost:5000/api/patients?page=14&limit=20,387,0,0
1784906821543,423,06 GET /api/patients (paginated list),200,OK,Moderate Load - 50 users over 60s 2-18,text,true,,10181,473,37,37,http://localhost:5000/api/patients?page=15&limit=20,423,0,0
1784906821214,771,07 GET /api/patients?search= (name search),200,OK,Moderate Load - 50 users over 60s 2-50,text,true,,1129,482,37,37,http://localhost:5000/api/patients?search=dw&page=1&limit=20,771,0,0
1784906822025,2,02 GET / (index.html),200,OK,Moderate Load - 50 users over 60s 2-33,text,true,,1778,444,37,37,http://localhost:5000/,2,0,0
1784906820871,1235,07 GET /api/patients?search= (name search),200,OK,Moderate Load - 50 users over 60s 2-47,text,true,,1129,482,37,37,http://localhost:5000/api/patients?search=kc&page=1&limit=20,1235,0,0
1784906822104,3,04 GET /assets/index.css,200,OK,Moderate Load - 50 users over 60s 2-32,text,true,,49971,460,37,37,http://localhost:5000/assets/index.css,2,0,0
1784906822197,103,01 POST /api/auth/login,200,OK,Moderate Load - 50 users over 60s 2-20,text,true,,1469,543,37,37,http://localhost:5000/api/auth/login,103,0,0
1784906810718,11585,08 GET /api/patients/{id} (record with history),200,OK,Moderate Load - 50 users over 60s 2-26,text,true,,10587,459,37,37,http://localhost:5000/api/patients/16,11585,0,0
1784906822290,20,03 GET /assets/index.js (main bundle),200,OK,Moderate Load - 50 users over 60s 2-30,text,true,,488575,459,37,37,http://localhost:5000/assets/index.js,19,0,0
1784906820809,1508,05 GET /api/dashboard/stats,200,OK,Moderate Load - 50 users over 60s 2-16,text,true,,1188,463,37,37,http://localhost:5000/api/dashboard/stats,1508,0,0
1784906821917,496,06 GET /api/patients (paginated list),200,OK,Moderate Load - 50 users over 60s 2-22,text,true,,9933,473,37,37,http://localhost:5000/api/patients?page=18&limit=20,496,0,0
1784906822415,5,03 GET /assets/index.js (main bundle),200,OK,Moderate Load - 50 users over 60s 2-36,text,true,,488575,459,37,37,http://localhost:5000/assets/index.js,4,0,0
1784906821902,585,06 GET /api/patients (paginated list),200,OK,Moderate Load - 50 users over 60s 2-21,text,true,,10080,473,37,37,http://localhost:5000/api/patients?page=31&limit=20,585,0,0
1784906822540,3,03 GET /assets/index.js (main bundle),200,OK,Moderate Load - 50 users over 60s 2-33,text,true,,488575,459,37,37,http://localhost:5000/assets/index.js,2,0,0
1784906822805,4,02 GET / (index.html),200,OK,Moderate Load - 50 users over 60s 2-20,text,true,,1778,444,37,37,http://localhost:5000/,4,0,0
1784906822820,4,04 GET /assets/index.css,200,OK,Moderate Load - 50 users over 60s 2-30,text,true,,49971,460,37,37,http://localhost:5000/assets/index.css,4,0,0
1784906822072,795,07 GET /api/patients?search= (name search),200,OK,Moderate Load - 50 users over 60s 2-31,text,true,,1129,482,37,37,http://localhost:5000/api/patients?search=kh&page=1&limit=20,795,0,0
1784906821373,1506,09 GET /api/appointments (day view),200,OK,Moderate Load - 50 users over 60s 2-34,text,true,,1775,460,37,37,http://localhost:5000/api/appointments,1506,0,0
1784906821777,1110,07 GET /api/patients?search= (name search),200,OK,Moderate Load - 50 users over 60s 2-19,text,true,,10104,482,37,37,http://localhost:5000/api/patients?search=gh&page=1&limit=20,1110,0,0
1784906822930,2,04 GET /assets/index.css,200,OK,Moderate Load - 50 users over 60s 2-36,text,true,,49971,460,37,37,http://localhost:5000/assets/index.css,2,0,0
1784906823056,1,04 GET /assets/index.css,200,OK,Moderate Load - 50 users over 60s 2-33,text,true,,49971,460,37,37,http://localhost:5000/assets/index.css,1,0,0
1784906815831,7447,10 POST /api/ai/pre-appointment/{id},200,OK,Moderate Load - 50 users over 60s 2-48,text,true,,2350,490,37,37,http://localhost:5000/api/ai/pre-appointment/148,7447,0,0
1784906823322,3,03 GET /assets/index.js (main bundle),200,OK,Moderate Load - 50 users over 60s 2-20,text,true,,488575,459,37,37,http://localhost:5000/assets/index.js,2,0,0
1784906821779,1571,05 GET /api/dashboard/stats,200,OK,Moderate Load - 50 users over 60s 2-49,text,true,,1188,463,37,37,http://localhost:5000/api/dashboard/stats,1571,0,0
1784906822415,956,07 GET /api/patients?search= (name search),200,OK,Moderate Load - 50 users over 60s 2-46,text,true,,1129,482,37,37,http://localhost:5000/api/patients?search=xd&page=1&limit=20,956,0,0
1784906823384,100,01 POST /api/auth/login,200,OK,Moderate Load - 50 users over 60s 2-34,text,true,,1469,543,37,37,http://localhost:5000/api/auth/login,100,0,0
1784906822820,671,06 GET /api/patients (paginated list),200,OK,Moderate Load - 50 users over 60s 2-16,text,true,,10158,473,37,37,http://localhost:5000/api/patients?page=38&limit=20,670,0,0
1784906822478,1205,07 GET /api/patients?search= (name search),200,OK,Moderate Load - 50 users over 60s 2-18,text,true,,1129,482,37,37,http://localhost:5000/api/patients?search=fp&page=1&limit=20,1205,0,0
1784906823789,98,01 POST /api/auth/login,200,OK,Moderate Load - 50 users over 60s 2-48,text,true,,1469,543,37,37,http://localhost:5000/api/auth/login,98,0,1
1784906823836,69,04 GET /assets/index.css,200,OK,Moderate Load - 50 users over 60s 2-20,text,true,,49971,460,37,37,http://localhost:5000/assets/index.css,69,0,0
1784906822805,1107,09 GET /api/appointments (day view),200,OK,Moderate Load - 50 users over 60s 2-26,text,true,,1775,460,37,37,http://localhost:5000/api/appointments,1107,0,0
1784906823990,1,02 GET / (index.html),200,OK,Moderate Load - 50 users over 60s 2-34,text,true,,1778,444,37,37,http://localhost:5000/,1,0,0
1784906822993,1140,07 GET /api/patients?search= (name search),200,OK,Moderate Load - 50 users over 60s 2-21,text,true,,1129,482,37,37,http://localhost:5000/api/patients?search=rb&page=1&limit=20,1140,0,0
1784906822914,1295,07 GET /api/patients?search= (name search),200,OK,Moderate Load - 50 users over 60s 2-22,text,true,,1129,482,37,37,http://localhost:5000/api/patients?search=kv&page=1&limit=20,1295,0,0
1784906822617,1594,05 GET /api/dashboard/stats,200,OK,Moderate Load - 50 users over 60s 2-32,text,true,,1188,463,37,37,http://localhost:5000/api/dashboard/stats,1594,0,0
1784906824398,2,02 GET / (index.html),200,OK,Moderate Load - 50 users over 60s 2-48,text,true,,1778,444,37,37,http://localhost:5000/,2,0,0
1784906824416,104,01 POST /api/auth/login,200,OK,Moderate Load - 50 users over 60s 2-26,text,true,,1469,543,37,37,http://localhost:5000/api/auth/login,104,0,0
1784906823851,673,06 GET /api/patients (paginated list),200,OK,Moderate Load - 50 users over 60s 2-49,text,true,,10066,473,37,37,http://localhost:5000/api/patients?page=46&limit=20,673,0,0
1784906824506,55,03 GET /assets/index.js (main bundle),200,OK,Moderate Load - 50 users over 60s 2-34,text,true,,488575,459,37,37,http://localhost:5000/assets/index.js,26,0,0
1784906813841,10925,08 GET /api/patients/{id} (record with history),200,OK,Moderate Load - 50 users over 60s 2-37,text,true,,10528,459,37,37,http://localhost:5000/api/patients/18,10925,0,0
1784906824911,3,03 GET /assets/index.js (main bundle),200,OK,Moderate Load - 50 users over 60s 2-48,text,true,,488575,459,37,37,http://localhost:5000/assets/index.js,2,0,0
1784906824005,924,07 GET /api/patients?search= (name search),200,OK,Moderate Load - 50 users over 60s 2-16,text,true,,1530,482,37,37,http://localhost:5000/api/patients?search=th&page=1&limit=20,924,0,0
1784906823446,1506,05 GET /api/dashboard/stats,200,OK,Moderate Load - 50 users over 60s 2-36,text,true,,1188,463,37,37,http://localhost:5000/api/dashboard/stats,1506,0,0
1784906825020,2,02 GET / (index.html),200,OK,Moderate Load - 50 users over 60s 2-26,text,true,,1778,444,37,37,http://localhost:5000/,2,0,0
1784906823338,1724,05 GET /api/dashboard/stats,200,OK,Moderate Load - 50 users over 60s 2-30,text,true,,1188,463,37,37,http://localhost:5000/api/dashboard/stats,1724,0,0
1784906825067,2,04 GET /assets/index.css,200,OK,Moderate Load - 50 users over 60s 2-34,text,true,,49971,460,37,37,http://localhost:5000/assets/index.css,2,0,0
1784906823570,1662,05 GET /api/dashboard/stats,200,OK,Moderate Load - 50 users over 60s 2-33,text,true,,1188,463,37,37,http://localhost:5000/api/dashboard/stats,1662,0,0
1784906824724,516,06 GET /api/patients (paginated list),200,OK,Moderate Load - 50 users over 60s 2-32,text,true,,10122,473,37,37,http://localhost:5000/api/patients?page=32&limit=20,516,0,0
1784906825424,2,04 GET /assets/index.css,200,OK,Moderate Load - 50 users over 60s 2-48,text,true,,49971,460,37,37,http://localhost:5000/assets/index.css,2,0,0
1784906825533,3,03 GET /assets/index.js (main bundle),200,OK,Moderate Load - 50 users over 60s 2-26,text,true,,488575,459,37,37,http://localhost:5000/assets/index.js,2,0,0
1784906814137,11674,08 GET /api/patients/{id} (record with history),200,OK,Moderate Load - 50 users over 60s 2-40,text,true,,11102,458,37,37,http://localhost:5000/api/patients/8,11674,0,0
1784906825455,484,06 GET /api/patients (paginated list),200,OK,Moderate Load - 50 users over 60s 2-36,text,true,,10302,473,37,37,http://localhost:5000/api/patients?page=16&limit=20,484,0,0
1784906824413,1609,05 GET /api/dashboard/stats,200,OK,Moderate Load - 50 users over 60s 2-20,text,true,,1188,463,37,37,http://localhost:5000/api/dashboard/stats,1609,0,0
1784906825565,471,06 GET /api/patients (paginated list),200,OK,Moderate Load - 50 users over 60s 2-30,text,true,,9999,472,37,37,http://localhost:5000/api/patients?page=6&limit=20,471,0,0
1784906826047,2,04 GET /assets/index.css,200,OK,Moderate Load - 50 users over 60s 2-26,text,true,,49971,460,37,37,http://localhost:5000/assets/index.css,2,0,0
1784906825736,475,06 GET /api/patients (paginated list),200,OK,Moderate Load - 50 users over 60s 2-33,text,true,,10091,473,37,37,http://localhost:5000/api/patients?page=13&limit=20,475,0,0
1784906814694,11527,08 GET /api/patients/{id} (record with history),200,OK,Moderate Load - 50 users over 60s 2-25,text,true,,11162,459,37,37,http://localhost:5000/api/patients/12,11527,0,0
1784906820934,5422,10 POST /api/ai/pre-appointment/{id},200,OK,Moderate Load - 50 users over 60s 2-35,text,true,,2202,489,37,37,http://localhost:5000/api/ai/pre-appointment/77,5422,0,0
1784906815532,10905,08 GET /api/patients/{id} (record with history),200,OK,Moderate Load - 50 users over 60s 2-38,text,true,,10561,459,37,37,http://localhost:5000/api/patients/41,10905,0,0
1784906825036,1436,07 GET /api/patients?search= (name search),200,OK,Moderate Load - 50 users over 60s 2-49,text,true,,1129,482,37,37,http://localhost:5000/api/patients?search=pz&page=1&limit=20,1436,0,0
1784906825271,1210,09 GET /api/appointments (day view),200,OK,Moderate Load - 50 users over 60s 2-37,text,true,,1775,460,37,37,http://localhost:5000/api/appointments,1210,0,0
1784906814184,12563,08 GET /api/patients/{id} (record with history),200,OK,Moderate Load - 50 users over 60s 2-27,text,true,,12416,459,37,37,http://localhost:5000/api/patients/10,12563,0,0
1784906826871,106,01 POST /api/auth/login,200,OK,Moderate Load - 50 users over 60s 2-35,text,true,,1469,543,37,37,http://localhost:5000/api/auth/login,106,0,0
1784906826982,110,01 POST /api/auth/login,200,OK,Moderate Load - 50 users over 60s 2-37,text,true,,1469,543,37,37,http://localhost:5000/api/auth/login,110,0,0
1784906826529,566,06 GET /api/patients (paginated list),200,OK,Moderate Load - 50 users over 60s 2-20,text,true,,9932,473,37,37,http://localhost:5000/api/patients?page=37&limit=20,566,0,0
1784906825580,1544,05 GET /api/dashboard/stats,200,OK,Moderate Load - 50 users over 60s 2-34,text,true,,1188,463,37,37,http://localhost:5000/api/dashboard/stats,1544,0,0
1784906826451,915,07 GET /api/patients?search= (name search),200,OK,Moderate Load - 50 users over 60s 2-36,text,true,,1129,482,37,37,http://localhost:5000/api/patients?search=jf&page=1&limit=20,915,0,0
1784906826327,1047,09 GET /api/appointments (day view),200,OK,Moderate Load - 50 users over 60s 2-40,text,true,,1775,460,37,37,http://localhost:5000/api/appointments,1047,0,0
1784906825751,1687,07 GET /api/patients?search= (name search),200,OK,Moderate Load - 50 users over 60s 2-32,text,true,,10059,482,37,37,http://localhost:5000/api/patients?search=er&page=1&limit=20,1687,0,0
1784906827478,2,02 GET / (index.html),200,OK,Moderate Load - 50 users over 60s 2-35,text,true,,1778,444,37,37,http://localhost:5000/,2,0,0
1784906814464,13048,08 GET /api/patients/{id} (record with history),200,OK,Moderate Load - 50 users over 60s 2-15,text,true,,12340,459,37,37,http://localhost:5000/api/patients/23,13048,0,0
1784906827599,4,02 GET / (index.html),200,OK,Moderate Load - 50 users over 60s 2-37,text,true,,1778,444,37,37,http://localhost:5000/,4,0,0
1784906826717,933,07 GET /api/patients?search= (name search),200,OK,Moderate Load - 50 users over 60s 2-33,text,true,,1129,482,37,37,http://localhost:5000/api/patients?search=uw&page=1&limit=20,933,0,0
1784906825939,1735,05 GET /api/dashboard/stats,200,OK,Moderate Load - 50 users over 60s 2-48,text,true,,1188,463,37,37,http://localhost:5000/api/dashboard/stats,1735,0,0
1784906826545,1240,07 GET /api/patients?search= (name search),200,OK,Moderate Load - 50 users over 60s 2-30,text,true,,1129,482,37,37,http://localhost:5000/api/patients?search=eh&page=1&limit=20,1240,0,0
1784906826732,1081,09 GET /api/appointments (day view),200,OK,Moderate Load - 50 users over 60s 2-25,text,true,,1775,460,37,37,http://localhost:5000/api/appointments,1081,0,0
1784906827880,111,01 POST /api/auth/login,200,OK,Moderate Load - 50 users over 60s 2-40,text,true,,1469,543,37,37,http://localhost:5000/api/auth/login,111,0,0
1784906827988,24,03 GET /assets/index.js (main bundle),200,OK,Moderate Load - 50 users over 60s 2-35,text,true,,488575,459,37,37,http://localhost:5000/assets/index.js,11,0,0
1784906826951,1072,09 GET /api/appointments (day view),200,OK,Moderate Load - 50 users over 60s 2-38,text,true,,1775,460,37,37,http://localhost:5000/api/appointments,1072,0,0
1784906826561,1544,05 GET /api/dashboard/stats,200,OK,Moderate Load - 50 users over 60s 2-26,text,true,,1188,463,37,37,http://localhost:5000/api/dashboard/stats,1544,0,0
1784906828111,3,03 GET /assets/index.js (main bundle),200,OK,Moderate Load - 50 users over 60s 2-37,text,true,,488575,459,37,37,http://localhost:5000/assets/index.js,2,0,0
1784906827261,984,09 GET /api/appointments (day view),200,OK,Moderate Load - 50 users over 60s 2-27,text,true,,1775,460,37,37,http://localhost:5000/api/appointments,984,0,0
1784906828316,103,01 POST /api/auth/login,200,OK,Moderate Load - 50 users over 60s 2-25,text,true,,1469,543,37,37,http://localhost:5000/api/auth/login,103,0,0
1784906827631,790,06 GET /api/patients (paginated list),200,OK,Moderate Load - 50 users over 60s 2-34,text,true,,10087,473,37,37,http://localhost:5000/api/patients?page=33&limit=20,790,0,0
1784906827599,825,07 GET /api/patients?search= (name search),200,OK,Moderate Load - 50 users over 60s 2-20,text,true,,1129,482,37,37,http://localhost:5000/api/patients?search=jj&page=1&limit=20,825,0,0
1784906828504,1,02 GET / (index.html),200,OK,Moderate Load - 50 users over 60s 2-40,text,true,,1778,444,37,37,http://localhost:5000/,1,0,0
1784906828520,2,04 GET /assets/index.css,200,OK,Moderate Load - 50 users over 60s 2-35,text,true,,49971,460,37,37,http://localhost:5000/assets/index.css,2,0,0
1784906828535,99,01 POST /api/auth/login,200,OK,Moderate Load - 50 users over 60s 2-38,text,true,,1469,543,37,37,http://localhost:5000/api/auth/login,99,0,0
1784906828175,461,06 GET /api/patients (paginated list),200,OK,Moderate Load - 50 users over 60s 2-48,text,true,,10117,473,37,37,http://localhost:5000/api/patients?page=17&limit=20,461,0,0
1784906828614,41,04 GET /assets/index.css,200,OK,Moderate Load - 50 users over 60s 2-37,text,true,,49971,460,37,37,http://localhost:5000/assets/index.css,41,0,0
1784906828753,100,01 POST /api/auth/login,200,OK,Moderate Load - 50 users over 60s 2-27,text,true,,1469,543,37,37,http://localhost:5000/api/auth/login,100,0,0
1784906828019,905,09 GET /api/appointments (day view),200,OK,Moderate Load - 50 users over 60s 2-15,text,true,,1775,460,37,37,http://localhost:5000/api/appointments,905,0,0
1784906828925,5,02 GET / (index.html),200,OK,Moderate Load - 50 users over 60s 2-25,text,true,,1778,444,36,36,http://localhost:5000/,5,0,0
1784906829019,4,03 GET /assets/index.js (main bundle),200,OK,Moderate Load - 50 users over 60s 2-40,text,true,,488575,459,36,36,http://localhost:5000/assets/index.js,2,0,0
1784906828614,446,06 GET /api/patients (paginated list),200,OK,Moderate Load - 50 users over 60s 2-26,text,true,,10093,473,36,36,http://localhost:5000/api/patients?page=45&limit=20,446,0,0
1784906829145,4,02 GET / (index.html),200,OK,Moderate Load - 50 users over 60s 2-38,text,true,,1778,444,36,36,http://localhost:5000/,4,0,0
1784906810436,18791,08 GET /api/patients/{id} (record with history),200,OK,Moderate Load - 50 users over 60s 2-24,text,true,,11760,459,36,36,http://localhost:5000/api/patients/14,18791,0,0
1784906829362,2,02 GET / (index.html),200,OK,Moderate Load - 50 users over 60s 2-27,text,true,,1778,444,36,36,http://localhost:5000/,2,0,0
1784906829439,3,03 GET /assets/index.js (main bundle),200,OK,Moderate Load - 50 users over 60s 2-25,text,true,,488575,459,36,36,http://localhost:5000/assets/index.js,2,0,0
1784906829533,2,04 GET /assets/index.css,200,OK,Moderate Load - 50 users over 60s 2-40,text,true,,49971,460,36,36,http://localhost:5000/assets/index.css,2,0,0
1784906816675,12906,08 GET /api/patients/{id} (record with history),200,OK,Moderate Load - 50 users over 60s 2-23,text,true,,12376,459,36,36,http://localhost:5000/api/patients/13,12906,0,0
1784906829656,3,03 GET /assets/index.js (main bundle),200,OK,Moderate Load - 50 users over 60s 2-38,text,true,,488575,459,36,36,http://localhost:5000/assets/index.js,2,0,0
1784906828925,861,07 GET /api/patients?search= (name search),200,OK,Moderate Load - 50 users over 60s 2-34,text,true,,1129,482,36,36,http://localhost:5000/api/patients?search=bm&page=1&limit=20,861,0,0
1784906829872,2,03 GET /assets/index.js (main bundle),200,OK,Moderate Load - 50 users over 60s 2-27,text,true,,488575,459,36,36,http://localhost:5000/assets/index.js,1,0,0
1784906817900,12026,08 GET /api/patients/{id} (record with history),200,OK,Moderate Load - 50 users over 60s 2-42,text,true,,11802,459,36,36,http://localhost:5000/api/patients/27,12026,0,0
1784906829948,2,04 GET /assets/index.css,200,OK,Moderate Load - 50 users over 60s 2-25,text,true,,49971,460,36,36,http://localhost:5000/assets/index.css,2,0,0
1784906829145,855,07 GET /api/patients?search= (name search),200,OK,Moderate Load - 50 users over 60s 2-48,text,true,,1129,482,36,36,http://localhost:5000/api/patients?search=fh&page=1&limit=20,855,0,0
1784906830166,2,04 GET /assets/index.css,200,OK,Moderate Load - 50 users over 60s 2-38,text,true,,49971,460,36,36,http://localhost:5000/assets/index.css,2,0,0
1784906830385,2,04 GET /assets/index.css,200,OK,Moderate Load - 50 users over 60s 2-27,text,true,,49971,460,36,36,http://localhost:5000/assets/index.css,2,0,0
1784906829160,1535,05 GET /api/dashboard/stats,200,OK,Moderate Load - 50 users over 60s 2-37,text,true,,1188,463,36,36,http://localhost:5000/api/dashboard/stats,1535,0,0
1784906829733,1042,09 GET /api/appointments (day view),200,OK,Moderate Load - 50 users over 60s 2-24,text,true,,1775,460,36,36,http://localhost:5000/api/appointments,1042,0,0
1784906829035,1815,05 GET /api/dashboard/stats,200,OK,Moderate Load - 50 users over 60s 2-35,text,true,,1188,463,36,36,http://localhost:5000/api/dashboard/stats,1814,0,0
1784906831287,101,01 POST /api/auth/login,200,OK,Moderate Load - 50 users over 60s 2-24,text,true,,1469,543,36,36,http://localhost:5000/api/auth/login,101,0,0
1784906830087,1303,09 GET /api/appointments (day view),200,OK,Moderate Load - 50 users over 60s 2-23,text,true,,1775,460,36,36,http://localhost:5000/api/appointments,1303,0,0
1784906829563,1829,07 GET /api/patients?search= (name search),200,OK,Moderate Load - 50 users over 60s 2-26,text,true,,10125,482,36,36,http://localhost:5000/api/patients?search=ai&page=1&limit=20,1829,0,0
1784906830433,1194,09 GET /api/appointments (day view),200,OK,Moderate Load - 50 users over 60s 2-42,text,true,,1775,460,36,36,http://localhost:5000/api/appointments,1194,0,0
1784906831209,492,06 GET /api/patients (paginated list),200,OK,Moderate Load - 50 users over 60s 2-37,text,true,,10137,473,36,36,http://localhost:5000/api/patients?page=35&limit=20,492,0,0
1784906821761,9961,08 GET /api/patients/{id} (record with history),200,OK,Moderate Load - 50 users over 60s 2-45,text,true,,9958,459,36,36,http://localhost:5000/api/patients/25,9961,0,0
1784906830041,1752,05 GET /api/dashboard/stats,200,OK,Moderate Load - 50 users over 60s 2-40,text,true,,1188,463,36,36,http://localhost:5000/api/dashboard/stats,1752,0,0
1784906831896,99,01 POST /api/auth/login,200,OK,Moderate Load - 50 users over 60s 2-23,text,true,,1469,543,36,36,http://localhost:5000/api/auth/login,99,0,0
1784906822010,9992,08 GET /api/patients/{id} (record with history),200,OK,Moderate Load - 50 users over 60s 2-28,text,true,,9935,459,36,36,http://localhost:5000/api/patients/15,9991,0,0
1784906831896,112,02 GET / (index.html),200,OK,Moderate Load - 50 users over 60s 2-24,text,true,,1778,444,36,36,http://localhost:5000/,112,0,0
1784906830463,1636,05 GET /api/dashboard/stats,200,OK,Moderate Load - 50 users over 60s 2-25,text,true,,1188,463,36,36,http://localhost:5000/api/dashboard/stats,1636,0,0
1784906831350,778,06 GET /api/patients (paginated list),200,OK,Moderate Load - 50 users over 60s 2-35,text,true,,9905,473,36,36,http://localhost:5000/api/patients?page=19&limit=20,778,0,0
1784906832129,109,01 POST /api/auth/login,200,OK,Moderate Load - 50 users over 60s 2-42,text,true,,1469,543,36,36,http://localhost:5000/api/auth/login,109,0,0
1784906830679,1565,05 GET /api/dashboard/stats,200,OK,Moderate Load - 50 users over 60s 2-38,text,true,,1188,463,36,36,http://localhost:5000/api/dashboard/stats,1565,0,0
1784906820576,11778,08 GET /api/patients/{id} (record with history),200,OK,Moderate Load - 50 users over 60s 2-41,text,true,,11802,459,36,36,http://localhost:5000/api/patients/27,11778,0,0
1784906832505,3,02 GET / (index.html),200,OK,Moderate Load - 50 users over 60s 2-23,text,true,,1778,444,36,36,http://localhost:5000/,3,0,0
1784906832520,3,03 GET /assets/index.js (main bundle),200,OK,Moderate Load - 50 users over 60s 2-24,text,true,,488575,459,36,36,http://localhost:5000/assets/index.js,2,0,0
1784906830897,1777,05 GET /api/dashboard/stats,200,OK,Moderate Load - 50 users over 60s 2-27,text,true,,1188,463,36,36,http://localhost:5000/api/dashboard/stats,1777,0,0
1784906832302,394,06 GET /api/patients (paginated list),200,OK,Moderate Load - 50 users over 60s 2-40,text,true,,9932,473,36,36,http://localhost:5000/api/patients?page=37&limit=20,394,0,0
1784906832740,2,02 GET / (index.html),200,OK,Moderate Load - 50 users over 60s 2-42,text,true,,1778,444,36,36,http://localhost:5000/,2,0,0
1784906833019,3,03 GET /assets/index.js (main bundle),200,OK,Moderate Load - 50 users over 60s 2-23,text,true,,488575,459,36,36,http://localhost:5000/assets/index.js,2,0,0
1784906833034,1,04 GET /assets/index.css,200,OK,Moderate Load - 50 users over 60s 2-24,text,true,,49971,460,36,36,http://localhost:5000/assets/index.css,1,0,0
1784906832614,458,06 GET /api/patients (paginated list),200,OK,Moderate Load - 50 users over 60s 2-25,text,true,,10087,473,36,36,http://localhost:5000/api/patients?page=33&limit=20,457,0,0
1784906832756,431,06 GET /api/patients (paginated list),200,OK,Moderate Load - 50 users over 60s 2-38,text,true,,10140,473,36,36,http://localhost:5000/api/patients?page=24&limit=20,431,0,0
1784906832223,1018,09 GET /api/appointments (day view),200,OK,Moderate Load - 50 users over 60s 2-45,text,true,,1775,460,36,36,http://localhost:5000/api/appointments,1018,0,0
1784906833255,3,03 GET /assets/index.js (main bundle),200,OK,Moderate Load - 50 users over 60s 2-42,text,true,,488575,459,36,36,http://localhost:5000/assets/index.js,2,0,0
1784906832505,925,09 GET /api/appointments (day view),200,OK,Moderate Load - 50 users over 60s 2-28,text,true,,1775,460,36,36,http://localhost:5000/api/appointments,925,0,0
1784906832629,835,07 GET /api/patients?search= (name search),200,OK,Moderate Load - 50 users over 60s 2-35,text,true,,1555,482,36,36,http://localhost:5000/api/patients?search=ob&page=1&limit=20,835,0,0
1784906833537,4,04 GET /assets/index.css,200,OK,Moderate Load - 50 users over 60s 2-23,text,true,,49971,460,36,36,http://localhost:5000/assets/index.css,4,0,0
1784906833176,440,06 GET /api/patients (paginated list),200,OK,Moderate Load - 50 users over 60s 2-27,text,true,,9932,473,36,36,http://localhost:5000/api/patients?page=40&limit=20,440,0,0
1784906832207,1495,07 GET /api/patients?search= (name search),200,OK,Moderate Load - 50 users over 60s 2-37,text,true,,10041,482,36,36,http://localhost:5000/api/patients?search=az&page=1&limit=20,1495,0,0
1784906833755,92,01 POST /api/auth/login,200,OK,Moderate Load - 50 users over 60s 2-45,text,true,,1469,543,36,36,http://localhost:5000/api/auth/login,92,0,0
1784906833771,88,04 GET /assets/index.css,200,OK,Moderate Load - 50 users over 60s 2-42,text,true,,49971,460,36,36,http://localhost:5000/assets/index.css,88,0,0
1784906817419,16519,08 GET /api/patients/{id} (record with history),200,OK,Moderate Load - 50 users over 60s 2-14,text,true,,10539,458,36,36,http://localhost:5000/api/patients/9,16519,0,0
1784906833944,108,01 POST /api/auth/login,200,OK,Moderate Load - 50 users over 60s 2-28,text,true,,1469,543,36,36,http://localhost:5000/api/auth/login,108,0,0
1784906833207,952,07 GET /api/patients?search= (name search),200,OK,Moderate Load - 50 users over 60s 2-40,text,true,,10064,482,36,36,http://localhost:5000/api/patients?search=fa&page=1&limit=20,952,0,0
1784906825439,8909,08 GET /api/patients/{id} (record with history),200,OK,Moderate Load - 50 users over 60s 2-16,text,true,,9354,459,36,36,http://localhost:5000/api/patients/22,8909,0,0
1784906834349,2,02 GET / (index.html),200,OK,Moderate Load - 50 users over 60s 2-45,text,true,,1778,444,36,36,http://localhost:5000/,2,0,0
1784906833583,836,07 GET /api/patients?search= (name search),200,OK,Moderate Load - 50 users over 60s 2-25,text,true,,10056,482,36,36,http://localhost:5000/api/patients?search=gu&page=1&limit=20,836,0,0
1784906833693,741,07 GET /api/patients?search= (name search),200,OK,Moderate Load - 50 users over 60s 2-38,text,true,,1129,482,36,36,http://localhost:5000/api/patients?search=gp&page=1&limit=20,741,0,0
1784906832862,1657,09 GET /api/appointments (day view),200,OK,Moderate Load - 50 users over 60s 2-41,text,true,,1775,460,36,36,http://localhost:5000/api/appointments,1657,0,0
1784906834567,2,02 GET / (index.html),200,OK,Moderate Load - 50 users over 60s 2-28,text,true,,1778,444,36,36,http://localhost:5000/,2,0,0
1784906818273,16452,08 GET /api/patients/{id} (record with history),200,OK,Moderate Load - 50 users over 60s 2-29,text,true,,10517,459,36,36,http://localhost:5000/api/patients/38,16452,0,0
1784906814555,20219,08 GET /api/patients/{id} (record with history),200,OK,Moderate Load - 50 users over 60s 2-39,text,true,,12370,459,36,36,http://localhost:5000/api/patients/21,20218,0,0
1784906834860,7,03 GET /assets/index.js (main bundle),200,OK,Moderate Load - 50 users over 60s 2-45,text,true,,488575,459,36,36,http://localhost:5000/assets/index.js,4,0,0
1784906834117,864,07 GET /api/patients?search= (name search),200,OK,Moderate Load - 50 users over 60s 2-27,text,true,,1129,482,36,36,http://localhost:5000/api/patients?search=uj&page=1&limit=20,864,0,0
1784906835031,103,01 POST /api/auth/login,200,OK,Moderate Load - 50 users over 60s 2-41,text,true,,1469,543,36,36,http://localhost:5000/api/auth/login,103,0,0
1784906833537,1598,05 GET /api/dashboard/stats,200,OK,Moderate Load - 50 users over 60s 2-24,text,true,,1188,463,36,36,http://localhost:5000/api/dashboard/stats,1598,0,0
1784906835078,79,03 GET /assets/index.js (main bundle),200,OK,Moderate Load - 50 users over 60s 2-28,text,true,,488575,459,36,36,http://localhost:5000/assets/index.js,62,0,0
1784906823368,11860,08 GET /api/patients/{id} (record with history),200,OK,Moderate Load - 50 users over 60s 2-31,text,true,,11718,459,36,36,http://localhost:5000/api/patients/24,11860,0,0
1784906823882,11384,08 GET /api/patients/{id} (record with history),200,OK,Moderate Load - 50 users over 60s 2-46,text,true,,11102,458,36,36,http://localhost:5000/api/patients/8,11384,0,0
1784906835371,2,04 GET /assets/index.css,200,OK,Moderate Load - 50 users over 60s 2-45,text,true,,49971,460,36,36,http://localhost:5000/assets/index.css,2,0,0
1784906834442,1118,09 GET /api/appointments (day view),200,OK,Moderate Load - 50 users over 60s 2-14,text,true,,1775,460,36,36,http://localhost:5000/api/appointments,1118,0,0
1784906835634,2,02 GET / (index.html),200,OK,Moderate Load - 50 users over 60s 2-41,text,true,,1778,444,35,35,http://localhost:5000/,2,0,0
1784906835665,2,04 GET /assets/index.css,200,OK,Moderate Load - 50 users over 60s 2-28,text,true,,49971,460,35,35,http://localhost:5000/assets/index.css,2,0,0
1784906834055,1783,05 GET /api/dashboard/stats,200,OK,Moderate Load - 50 users over 60s 2-23,text,true,,1188,463,35,35,http://localhost:5000/api/dashboard/stats,1783,0,0
1784906834365,1600,05 GET /api/dashboard/stats,200,OK,Moderate Load - 50 users over 60s 2-42,text,true,,1188,463,35,35,http://localhost:5000/api/dashboard/stats,1600,0,0
1784906823400,12706,08 GET /api/patients/{id} (record with history),200,OK,Moderate Load - 50 users over 60s 2-19,text,true,,12316,459,35,35,http://localhost:5000/api/patients/34,12706,0,0
1784906835637,481,06 GET /api/patients (paginated list),200,OK,Moderate Load - 50 users over 60s 2-24,text,true,,10158,473,35,35,http://localhost:5000/api/patients?page=38&limit=20,481,0,0
1784906836137,3,03 GET /assets/index.js (main bundle),200,OK,Moderate Load - 50 users over 60s 2-41,text,true,,488575,459,35,35,http://localhost:5000/assets/index.js,1,0,0
1784906835234,1120,09 GET /api/appointments (day view),200,OK,Moderate Load - 50 users over 60s 2-29,text,true,,1775,460,35,35,http://localhost:5000/api/appointments,1120,0,0
1784906835279,1103,09 GET /api/appointments (day view),200,OK,Moderate Load - 50 users over 60s 2-39,text,true,,1775,460,35,35,http://localhost:5000/api/appointments,1103,0,0
1784906836642,2,04 GET /assets/index.css,200,OK,Moderate Load - 50 users over 60s 2-41,text,true,,49971,460,35,35,http://localhost:5000/assets/index.css,2,0,0
1784906834860,1841,09 GET /api/appointments (day view),200,OK,Moderate Load - 50 users over 60s 2-16,text,true,,1775,460,35,35,http://localhost:5000/api/appointments,1841,0,0
1784906835727,1053,09 GET /api/appointments (day view),200,OK,Moderate Load - 50 users over 60s 2-31,text,true,,1775,460,34,34,http://localhost:5000/api/appointments,1053,0,0
1784906836350,432,06 GET /api/patients (paginated list),200,OK,Moderate Load - 50 users over 60s 2-23,text,true,,10158,473,34,34,http://localhost:5000/api/patients?page=38&limit=20,432,0,0
1784906835775,1014,09 GET /api/appointments (day view),200,OK,Moderate Load - 50 users over 60s 2-46,text,true,,1775,460,34,34,http://localhost:5000/api/appointments,1014,0,0
1784906836474,423,06 GET /api/patients (paginated list),200,OK,Moderate Load - 50 users over 60s 2-42,text,true,,9818,472,34,34,http://localhost:5000/api/patients?page=4&limit=20,423,0,0
1784906822617,14569,08 GET /api/patients/{id} (record with history),200,OK,Moderate Load - 50 users over 60s 2-47,text,true,,8721,459,34,34,http://localhost:5000/api/patients/48,14569,0,0
1784906817003,20235,08 GET /api/patients/{id} (record with history),200,OK,Moderate Load - 50 users over 60s 2-44,text,true,,11965,458,34,34,http://localhost:5000/api/patients/1,20235,0,0
1784906837283,102,01 POST /api/auth/login,200,OK,Moderate Load - 50 users over 60s 2-31,text,true,,1469,543,34,34,http://localhost:5000/api/auth/login,102,0,0
1784906817003,20386,08 GET /api/patients/{id} (record with history),200,OK,Moderate Load - 50 users over 60s 2-17,text,true,,12340,459,34,34,http://localhost:5000/api/patients/23,20386,0,0
1784906837299,194,01 POST /api/auth/login,200,OK,Moderate Load - 50 users over 60s 2-46,text,true,,1469,543,34,34,http://localhost:5000/api/auth/login,194,0,0
1784906835884,1613,05 GET /api/dashboard/stats,200,OK,Moderate Load - 50 users over 60s 2-45,text,true,,1188,463,34,34,http://localhost:5000/api/dashboard/stats,1613,0,0
1784906836627,879,07 GET /api/patients?search= (name search),200,OK,Moderate Load - 50 users over 60s 2-24,text,true,,9963,482,34,34,http://localhost:5000/api/patients?search=em&page=1&limit=20,879,0,0
1784906836613,1004,09 GET /api/appointments (day view),200,OK,Moderate Load - 50 users over 60s 2-19,text,true,,1775,460,34,34,http://localhost:5000/api/appointments,1004,0,0
1784906836179,1445,05 GET /api/dashboard/stats,200,OK,Moderate Load - 50 users over 60s 2-28,text,true,,1188,463,33,33,http://localhost:5000/api/dashboard/stats,1445,0,0
1784906837894,3,02 GET / (index.html),200,OK,Moderate Load - 50 users over 60s 2-31,text,true,,1778,444,33,33,http://localhost:5000/,3,0,0
1784906838004,4,02 GET / (index.html),200,OK,Moderate Load - 50 users over 60s 2-46,text,true,,1778,444,33,33,http://localhost:5000/,4,0,0
1784906828925,9249,08 GET /api/patients/{id} (record with history),200,OK,Moderate Load - 50 users over 60s 2-20,text,true,,9360,459,33,33,http://localhost:5000/api/patients/39,9249,0,0
1784906838409,2,03 GET /assets/index.js (main bundle),200,OK,Moderate Load - 50 users over 60s 2-31,text,true,,488575,459,33,33,http://localhost:5000/assets/index.js,1,0,0
1784906837283,1186,07 GET /api/patients?search= (name search),200,OK,Moderate Load - 50 users over 60s 2-23,text,true,,1129,482,33,33,http://localhost:5000/api/patients?search=tb&page=1&limit=20,1186,0,0
1784906838518,3,03 GET /assets/index.js (main bundle),200,OK,Moderate Load - 50 users over 60s 2-46,text,true,,488575,459,33,33,http://localhost:5000/assets/index.js,2,0,0
1784906838128,471,06 GET /api/patients (paginated list),200,OK,Moderate Load - 50 users over 60s 2-28,text,true,,10047,473,33,33,http://localhost:5000/api/patients?page=48&limit=20,471,0,0
1784906838004,621,06 GET /api/patients (paginated list),200,OK,Moderate Load - 50 users over 60s 2-45,text,true,,10038,473,33,33,http://localhost:5000/api/patients?page=25&limit=20,621,0,0
1784906837408,1249,07 GET /api/patients?search= (name search),200,OK,Moderate Load - 50 users over 60s 2-42,text,true,,1129,482,33,33,http://localhost:5000/api/patients?search=fh&page=1&limit=20,1249,0,0
1784906837690,1042,09 GET /api/appointments (day view),200,OK,Moderate Load - 50 users over 60s 2-47,text,true,,1775,460,33,33,http://localhost:5000/api/appointments,1042,0,0
1784906837158,1580,05 GET /api/dashboard/stats,200,OK,Moderate Load - 50 users over 60s 2-41,text,true,,1188,463,33,33,http://localhost:5000/api/dashboard/stats,1580,0,0
1784906837737,1075,09 GET /api/appointments (day view),200,OK,Moderate Load - 50 users over 60s 2-44,text,true,,1775,460,33,33,http://localhost:5000/api/appointments,1075,0,0
1784906838921,3,04 GET /assets/index.css,200,OK,Moderate Load - 50 users over 60s 2-31,text,true,,49971,460,33,33,http://localhost:5000/assets/index.css,3,0,0
1784906837894,1051,09 GET /api/appointments (day view),200,OK,Moderate Load - 50 users over 60s 2-17,text,true,,1775,460,33,33,http://localhost:5000/api/appointments,1051,0,0
1784906826982,11975,08 GET /api/patients/{id} (record with history),200,OK,Moderate Load - 50 users over 60s 2-49,text,true,,11965,458,32,32,http://localhost:5000/api/patients/1,11975,0,0
1784906839030,2,04 GET /assets/index.css,200,OK,Moderate Load - 50 users over 60s 2-46,text,true,,49971,460,32,32,http://localhost:5000/assets/index.css,2,0,0
1784906839234,104,01 POST /api/auth/login,200,OK,Moderate Load - 50 users over 60s 2-47,text,true,,1469,543,32,32,http://localhost:5000/api/auth/login,104,0,0
1784906839327,119,01 POST /api/auth/login,200,OK,Moderate Load - 50 users over 60s 2-44,text,true,,1469,543,32,32,http://localhost:5000/api/auth/login,119,0,0
1784906839250,416,06 GET /api/patients (paginated list),200,OK,Moderate Load - 50 users over 60s 2-41,text,true,,9951,472,32,32,http://localhost:5000/api/patients?page=3&limit=20,416,0,0
1784906822493,17303,08 GET /api/patients/{id} (record with history),200,OK,Moderate Load - 50 users over 60s 2-50,text,true,,10516,459,32,32,http://localhost:5000/api/patients/36,17303,0,0
1784906839841,2,02 GET / (index.html),200,OK,Moderate Load - 50 users over 60s 2-47,text,true,,1778,444,32,32,http://localhost:5000/,2,0,0
1784906839110,759,07 GET /api/patients?search= (name search),200,OK,Moderate Load - 50 users over 60s 2-28,text,true,,9971,482,32,32,http://localhost:5000/api/patients?search=ne&page=1&limit=20,759,0,0
1784906839949,2,02 GET / (index.html),200,OK,Moderate Load - 50 users over 60s 2-44,text,true,,1778,444,32,32,http://localhost:5000/,2,0,0
1784906827880,12077,08 GET /api/patients/{id} (record with history),200,OK,Moderate Load - 50 users over 60s 2-36,text,true,,12264,459,32,32,http://localhost:5000/api/patients/26,12077,0,0
1784906839141,830,07 GET /api/patients?search= (name search),200,OK,Moderate Load - 50 users over 60s 2-45,text,true,,10174,482,32,32,http://localhost:5000/api/patients?search=ca&page=1&limit=20,830,0,0
1784906828159,11988,08 GET /api/patients/{id} (record with history),200,OK,Moderate Load - 50 users over 60s 2-33,text,true,,11965,458,32,32,http://localhost:5000/api/patients/1,11988,0,0
1784906828300,11958,08 GET /api/patients/{id} (record with history),200,OK,Moderate Load - 50 users over 60s 2-30,text,true,,12416,459,32,32,http://localhost:5000/api/patients/10,11958,0,0
1784906838673,1652,09 GET /api/appointments (day view),200,OK,Moderate Load - 50 users over 60s 2-20,text,true,,1775,460,32,32,http://localhost:5000/api/appointments,1652,0,0
1784906839466,890,09 GET /api/appointments (day view),200,OK,Moderate Load - 50 users over 60s 2-49,text,true,,1775,460,31,31,http://localhost:5000/api/appointments,890,0,0
1784906840355,4,03 GET /assets/index.js (main bundle),200,OK,Moderate Load - 50 users over 60s 2-47,text,true,,488575,459,31,31,http://localhost:5000/assets/index.js,2,0,0
1784906840465,5,03 GET /assets/index.js (main bundle),200,OK,Moderate Load - 50 users over 60s 2-44,text,true,,488575,459,31,31,http://localhost:5000/assets/index.js,3,0,0
1784906821308,19235,08 GET /api/patients/{id} (record with history),200,OK,Moderate Load - 50 users over 60s 2-43,text,true,,11802,459,31,31,http://localhost:5000/api/patients/27,19235,0,0
1784906830509,10085,08 GET /api/patients/{id} (record with history),200,OK,Moderate Load - 50 users over 60s 2-48,text,true,,10521,459,31,31,http://localhost:5000/api/patients/47,10085,0,0
1784906840870,100,01 POST /api/auth/login,200,OK,Moderate Load - 50 users over 60s 2-49,text,true,,1469,543,31,31,http://localhost:5000/api/auth/login,100,0,0
1784906839435,1537,05 GET /api/dashboard/stats,200,OK,Moderate Load - 50 users over 60s 2-31,text,true,,1188,463,31,31,http://localhost:5000/api/dashboard/stats,1537,0,0
1784906840168,805,07 GET /api/patients?search= (name search),200,OK,Moderate Load - 50 users over 60s 2-41,text,true,,1129,482,31,31,http://localhost:5000/api/patients?search=mx&page=1&limit=20,805,0,0
1784906840870,106,04 GET /assets/index.css,200,OK,Moderate Load - 50 users over 60s 2-47,text,true,,49971,460,31,31,http://localhost:5000/assets/index.css,106,0,0
1784906840981,2,04 GET /assets/index.css,200,OK,Moderate Load - 50 users over 60s 2-44,text,true,,49971,460,31,31,http://localhost:5000/assets/index.css,1,0,0
1784906839543,1460,05 GET /api/dashboard/stats,200,OK,Moderate Load - 50 users over 60s 2-46,text,true,,1188,463,31,31,http://localhost:5000/api/dashboard/stats,1460,0,0
1784906840309,732,09 GET /api/appointments (day view),200,OK,Moderate Load - 50 users over 60s 2-50,text,true,,1775,460,31,31,http://localhost:5000/api/appointments,732,0,0
1784906840465,796,09 GET /api/appointments (day view),200,OK,Moderate Load - 50 users over 60s 2-36,text,true,,1775,460,31,31,http://localhost:5000/api/appointments,796,0,0
1784906840653,727,09 GET /api/appointments (day view),200,OK,Moderate Load - 50 users over 60s 2-33,text,true,,1775,460,31,31,http://localhost:5000/api/appointments,727,0,0
1784906841483,7,02 GET / (index.html),200,OK,Moderate Load - 50 users over 60s 2-49,text,true,,1778,444,31,31,http://localhost:5000/,7,0,0
1784906841544,106,01 POST /api/auth/login,200,OK,Moderate Load - 50 users over 60s 2-50,text,true,,1469,543,31,31,http://localhost:5000/api/auth/login,106,0,0
1784906836892,4778,10 POST /api/ai/pre-appointment/{id},200,OK,Moderate Load - 50 users over 60s 2-39,text,true,,2143,490,31,31,http://localhost:5000/api/ai/pre-appointment/507,4778,0,0
1784906830291,11429,08 GET /api/patients/{id} (record with history),200,OK,Moderate Load - 50 users over 60s 2-34,text,true,,12416,459,31,31,http://localhost:5000/api/patients/10,11429,0,0
1784906834210,7513,08 GET /api/patients/{id} (record with history),200,OK,Moderate Load - 50 users over 60s 2-37,text,true,,8692,459,31,31,http://localhost:5000/api/patients/35,7513,0,0
1784906841763,96,01 POST /api/auth/login,200,OK,Moderate Load - 50 users over 60s 2-36,text,true,,1469,543,31,31,http://localhost:5000/api/auth/login,96,0,0
1784906841483,379,06 GET /api/patients (paginated list),200,OK,Moderate Load - 50 users over 60s 2-31,text,true,,10085,473,31,31,http://localhost:5000/api/patients?page=20&limit=20,379,0,0
1784906841057,823,09 GET /api/appointments (day view),200,OK,Moderate Load - 50 users over 60s 2-43,text,true,,1775,460,31,31,http://localhost:5000/api/appointments,823,0,0
1784906841887,102,01 POST /api/auth/login,200,OK,Moderate Load - 50 users over 60s 2-33,text,true,,1469,543,31,31,http://localhost:5000/api/auth/login,102,0,0
1784906841996,3,03 GET /assets/index.js (main bundle),200,OK,Moderate Load - 50 users over 60s 2-49,text,true,,488575,459,31,31,http://localhost:5000/assets/index.js,2,0,0
1784906840761,1288,09 GET /api/appointments (day view),200,OK,Moderate Load - 50 users over 60s 2-30,text,true,,1775,460,31,31,http://localhost:5000/api/appointments,1288,0,0
1784906841513,565,06 GET /api/patients (paginated list),200,OK,Moderate Load - 50 users over 60s 2-46,text,true,,9951,472,31,31,http://localhost:5000/api/patients?page=3&limit=20,565,0,0
1784906842152,1,02 GET / (index.html),200,OK,Moderate Load - 50 users over 60s 2-50,text,true,,1778,444,31,31,http://localhost:5000/,1,0,0
1784906842182,99,01 POST /api/auth/login,200,OK,Moderate Load - 50 users over 60s 2-39,text,true,,1469,543,31,31,http://localhost:5000/api/auth/login,99,0,0
1784906831896,10388,08 GET /api/patients/{id} (record with history),200,OK,Moderate Load - 50 users over 60s 2-26,text,true,,11717,459,31,31,http://localhost:5000/api/patients/29,10388,0,0
1784906836861,5454,10 POST /api/ai/pre-appointment/{id},200,OK,Moderate Load - 50 users over 60s 2-29,text,true,,2106,490,31,31,http://localhost:5000/api/ai/pre-appointment/219,5454,0,0
1784906824194,18125,08 GET /api/patients/{id} (record with history),200,OK,Moderate Load - 50 users over 60s 2-18,text,true,,11143,459,31,31,http://localhost:5000/api/patients/50,18125,0,0
1784906841104,1225,09 GET /api/appointments (day view),200,OK,Moderate Load - 50 users over 60s 2-48,text,true,,1775,460,31,31,http://localhost:5000/api/appointments,1225,0,0
1784906842368,3,02 GET / (index.html),200,OK,Moderate Load - 50 users over 60s 2-36,text,true,,1778,444,31,31,http://localhost:5000/,3,0,0
1784906842383,99,01 POST /api/auth/login,200,OK,Moderate Load - 50 users over 60s 2-43,text,true,,1469,543,31,31,http://localhost:5000/api/auth/login,99,0,0
1784906841483,1001,05 GET /api/dashboard/stats,200,OK,Moderate Load - 50 users over 60s 2-47,text,true,,1188,463,31,31,http://localhost:5000/api/dashboard/stats,1001,0,0
1784906827943,14547,08 GET /api/patients/{id} (record with history),200,OK,Moderate Load - 50 users over 60s 2-32,text,true,,9904,459,31,31,http://localhost:5000/api/patients/37,14547,0,0
1784906842492,1,02 GET / (index.html),200,OK,Moderate Load - 50 users over 60s 2-33,text,true,,1778,444,31,31,http://localhost:5000/,1,0,0
1784906842507,3,04 GET /assets/index.css,200,OK,Moderate Load - 50 users over 60s 2-49,text,true,,49971,460,31,31,http://localhost:5000/assets/index.css,3,0,0
1784906842554,97,01 POST /api/auth/login,200,OK,Moderate Load - 50 users over 60s 2-30,text,true,,1469,543,31,31,http://localhost:5000/api/auth/login,97,0,0
1784906841498,1154,05 GET /api/dashboard/stats,200,OK,Moderate Load - 50 users over 60s 2-44,text,true,,1188,463,31,31,http://localhost:5000/api/dashboard/stats,1154,0,0
1784906842660,3,03 GET /assets/index.js (main bundle),200,OK,Moderate Load - 50 users over 60s 2-50,text,true,,488575,459,31,31,http://localhost:5000/assets/index.js,2,0,0
1784906842785,8,02 GET / (index.html),200,OK,Moderate Load - 50 users over 60s 2-39,text,true,,1778,444,31,31,http://localhost:5000/,8,0,0
1784906842229,579,09 GET /api/appointments (day view),200,OK,Moderate Load - 50 users over 60s 2-34,text,true,,1775,460,31,31,http://localhost:5000/api/appointments,579,0,0
1784906842832,100,01 POST /api/auth/login,200,OK,Moderate Load - 50 users over 60s 2-29,text,true,,1469,543,31,31,http://localhost:5000/api/auth/login,100,0,0
1784906842832,188,01 POST /api/auth/login,200,OK,Moderate Load - 50 users over 60s 2-48,text,true,,1469,543,31,31,http://localhost:5000/api/auth/login,188,0,0
1784906842368,656,07 GET /api/patients?search= (name search),200,OK,Moderate Load - 50 users over 60s 2-31,text,true,,1129,482,31,31,http://localhost:5000/api/patients?search=jh&page=1&limit=20,655,0,0
1784906842990,43,02 GET / (index.html),200,OK,Moderate Load - 50 users over 60s 2-43,text,true,,1778,444,31,31,http://localhost:5000/,43,0,0
1784906843005,41,03 GET /assets/index.js (main bundle),200,OK,Moderate Load - 50 users over 60s 2-33,text,true,,488575,459,31,31,http://localhost:5000/assets/index.js,32,0,0
1784906842880,207,03 GET /assets/index.js (main bundle),200,OK,Moderate Load - 50 users over 60s 2-36,text,true,,488575,459,31,31,http://localhost:5000/assets/index.js,205,0,0
1784906842229,893,09 GET /api/appointments (day view),200,OK,Moderate Load - 50 users over 60s 2-37,text,true,,1775,460,31,31,http://localhost:5000/api/appointments,892,0,0
1784906843161,3,02 GET / (index.html),200,OK,Moderate Load - 50 users over 60s 2-30,text,true,,1778,444,31,31,http://localhost:5000/,3,0,0
1784906843176,2,04 GET /assets/index.css,200,OK,Moderate Load - 50 users over 60s 2-50,text,true,,49971,460,31,31,http://localhost:5000/assets/index.css,2,0,0
1784906843301,3,03 GET /assets/index.js (main bundle),200,OK,Moderate Load - 50 users over 60s 2-39,text,true,,488575,459,31,31,http://localhost:5000/assets/index.js,2,0,0
1784906842832,520,09 GET /api/appointments (day view),200,OK,Moderate Load - 50 users over 60s 2-18,text,true,,1775,460,31,31,http://localhost:5000/api/appointments,520,0,0
1784906842785,568,09 GET /api/appointments (day view),200,OK,Moderate Load - 50 users over 60s 2-26,text,true,,1775,460,31,31,http://localhost:5000/api/appointments,568,0,0
1784906843440,2,02 GET / (index.html),200,OK,Moderate Load - 50 users over 60s 2-29,text,true,,1778,444,30,30,http://localhost:5000/,2,0,0
1784906843535,6,02 GET / (index.html),200,OK,Moderate Load - 50 users over 60s 2-48,text,true,,1778,444,30,30,http://localhost:5000/,6,0,0
1784906843535,7,03 GET /assets/index.js (main bundle),200,OK,Moderate Load - 50 users over 60s 2-43,text,true,,488575,459,30,30,http://localhost:5000/assets/index.js,6,0,0
1784906843550,2,04 GET /assets/index.css,200,OK,Moderate Load - 50 users over 60s 2-33,text,true,,49971,460,30,30,http://localhost:5000/assets/index.css,2,0,0
1784906842990,580,06 GET /api/patients (paginated list),200,OK,Moderate Load - 50 users over 60s 2-47,text,true,,10085,473,30,30,http://localhost:5000/api/patients?page=20&limit=20,580,0,0
1784906843596,2,04 GET /assets/index.css,200,OK,Moderate Load - 50 users over 60s 2-36,text,true,,49971,460,30,30,http://localhost:5000/assets/index.css,2,0,0
1784906834938,8678,08 GET /api/patients/{id} (record with history),200,OK,Moderate Load - 50 users over 60s 2-38,text,true,,11161,459,30,30,http://localhost:5000/api/patients/33,8678,0,0
1784906842584,1042,07 GET /api/patients?search= (name search),200,OK,Moderate Load - 50 users over 60s 2-46,text,true,,1129,482,30,30,http://localhost:5000/api/patients?search=ck&page=1&limit=20,1042,0,0
1784906843628,102,01 POST /api/auth/login,200,OK,Moderate Load - 50 users over 60s 2-37,text,true,,1469,543,30,30,http://localhost:5000/api/auth/login,101,0,0
1784906843161,571,06 GET /api/patients (paginated list),200,OK,Moderate Load - 50 users over 60s 2-44,text,true,,9970,473,30,30,http://localhost:5000/api/patients?page=34&limit=20,571,0,0
1784906824646,19094,08 GET /api/patients/{id} (record with history),200,OK,Moderate Load - 50 users over 60s 2-21,text,true,,12416,459,30,30,http://localhost:5000/api/patients/10,19094,0,0
1784906843673,106,03 GET /assets/index.js (main bundle),200,OK,Moderate Load - 50 users over 60s 2-30,text,true,,488575,459,30,30,http://localhost:5000/assets/index.js,99,0,0
1784906843814,2,04 GET /assets/index.css,200,OK,Moderate Load - 50 users over 60s 2-39,text,true,,49971,460,30,30,http://localhost:5000/assets/index.css,2,0,0
1784906824724,19102,08 GET /api/patients/{id} (record with history),200,OK,Moderate Load - 50 users over 60s 2-22,text,true,,12542,458,30,30,http://localhost:5000/api/patients/2,19102,0,0
1784906843021,805,05 GET /api/dashboard/stats,200,OK,Moderate Load - 50 users over 60s 2-49,text,true,,1188,463,30,30,http://localhost:5000/api/dashboard/stats,805,0,0
1784906843954,4,03 GET /assets/index.js (main bundle),200,OK,Moderate Load - 50 users over 60s 2-29,text,true,,488575,459,30,30,http://localhost:5000/assets/index.js,3,0,0
1784906843005,990,09 GET /api/appointments (day view),200,OK,Moderate Load - 50 users over 60s 2-32,text,true,,1775,460,30,30,http://localhost:5000/api/appointments,990,0,0
1784906844049,2,04 GET /assets/index.css,200,OK,Moderate Load - 50 users over 60s 2-43,text,true,,49971,460,30,30,http://localhost:5000/assets/index.css,2,0,0
1784906844049,3,03 GET /assets/index.js (main bundle),200,OK,Moderate Load - 50 users over 60s 2-48,text,true,,488575,459,30,30,http://localhost:5000/assets/index.js,2,0,0
1784906844235,3,02 GET / (index.html),200,OK,Moderate Load - 50 users over 60s 2-37,text,true,,1778,444,30,30,http://localhost:5000/,3,0,0
1784906844281,2,04 GET /assets/index.css,200,OK,Moderate Load - 50 users over 60s 2-30,text,true,,49971,460,30,30,http://localhost:5000/assets/index.css,2,0,0
1784906839171,5261,08 GET /api/patients/{id} (record with history),200,OK,Moderate Load - 50 users over 60s 2-42,text,true,,8745,459,30,30,http://localhost:5000/api/patients/11,5261,0,0
1784906844467,2,04 GET /assets/index.css,200,OK,Moderate Load - 50 users over 60s 2-29,text,true,,49971,460,30,30,http://localhost:5000/assets/index.css,2,0,0
1784906844498,98,01 POST /api/auth/login,200,OK,Moderate Load - 50 users over 60s 2-32,text,true,,1469,543,30,30,http://localhost:5000/api/auth/login,98,0,0
1784906844559,46,04 GET /assets/index.css,200,OK,Moderate Load - 50 users over 60s 2-48,text,true,,49971,460,30,30,http://localhost:5000/assets/index.css,46,0,0
1784906844328,318,06 GET /api/patients (paginated list),200,OK,Moderate Load - 50 users over 60s 2-49,text,true,,9818,472,30,30,http://localhost:5000/api/patients?page=4&limit=20,318,0,0
1784906843689,1040,05 GET /api/dashboard/stats,200,OK,Moderate Load - 50 users over 60s 2-50,text,true,,1188,463,30,30,http://localhost:5000/api/dashboard/stats,1040,0,0
1784906844745,3,03 GET /assets/index.js (main bundle),200,OK,Moderate Load - 50 users over 60s 2-37,text,true,,488575,459,30,30,http://localhost:5000/assets/index.js,2,0,0
1784906835495,9261,08 GET /api/patients/{id} (record with history),200,OK,Moderate Load - 50 users over 60s 2-27,text,true,,11969,458,30,30,http://localhost:5000/api/patients/3,9261,0,0
1784906844250,702,09 GET /api/appointments (day view),200,OK,Moderate Load - 50 users over 60s 2-21,text,true,,1775,460,30,30,http://localhost:5000/api/appointments,702,0,0
1784906844328,705,09 GET /api/appointments (day view),200,OK,Moderate Load - 50 users over 60s 2-22,text,true,,1775,460,29,29,http://localhost:5000/api/appointments,705,0,0
1784906845103,1,02 GET / (index.html),200,OK,Moderate Load - 50 users over 60s 2-32,text,true,,1778,444,28,28,http://localhost:5000/,1,0,0
1784906844080,1073,07 GET /api/patients?search= (name search),200,OK,Moderate Load - 50 users over 60s 2-47,text,true,,1129,482,28,28,http://localhost:5000/api/patients?search=pd&page=1&limit=20,1073,0,0
1784906845257,1,04 GET /assets/index.css,200,OK,Moderate Load - 50 users over 60s 2-37,text,true,,49971,460,28,28,http://localhost:5000/assets/index.css,1,0,0
1784906844064,1231,05 GET /api/dashboard/stats,200,OK,Moderate Load - 50 users over 60s 2-33,text,true,,1188,463,28,28,http://localhost:5000/api/dashboard/stats,1231,0,0
1784906844235,1146,07 GET /api/patients?search= (name search),200,OK,Moderate Load - 50 users over 60s 2-44,text,true,,1129,482,28,28,http://localhost:5000/api/patients?search=vl&page=1&limit=20,1146,0,0
1784906844111,1297,05 GET /api/dashboard/stats,200,OK,Moderate Load - 50 users over 60s 2-36,text,true,,1188,463,28,28,http://localhost:5000/api/dashboard/stats,1297,0,0
1784906844127,1287,09 GET /api/appointments (day view),200,OK,Moderate Load - 50 users over 60s 2-38,text,true,,1775,460,28,28,http://localhost:5000/api/appointments,1287,0,0
1784906844328,1108,05 GET /api/dashboard/stats,200,OK,Moderate Load - 50 users over 60s 2-39,text,true,,1188,463,28,28,http://localhost:5000/api/dashboard/stats,1107,0,0
1784906840371,5195,08 GET /api/patients/{id} (record with history),200,OK,Moderate Load - 50 users over 60s 2-28,text,true,,8721,459,28,28,http://localhost:5000/api/patients/48,5195,0,0
1784906845618,3,03 GET /assets/index.js (main bundle),200,OK,Moderate Load - 50 users over 60s 2-32,text,true,,488575,459,28,28,http://localhost:5000/assets/index.js,2,0,0
1784906845242,474,06 GET /api/patients (paginated list),200,OK,Moderate Load - 50 users over 60s 2-50,text,true,,9932,473,28,28,http://localhost:5000/api/patients?page=37&limit=20,474,0,0
1784906844559,1157,05 GET /api/dashboard/stats,200,OK,Moderate Load - 50 users over 60s 2-43,text,true,,1188,463,28,28,http://localhost:5000/api/dashboard/stats,1157,0,0
1784906845149,646,07 GET /api/patients?search= (name search),200,OK,Moderate Load - 50 users over 60s 2-49,text,true,,10021,482,28,28,http://localhost:5000/api/patients?search=ei&page=1&limit=20,646,0,0
1784906844791,1073,05 GET /api/dashboard/stats,200,OK,Moderate Load - 50 users over 60s 2-30,text,true,,1188,463,28,28,http://localhost:5000/api/dashboard/stats,1073,0,0
1784906845918,97,01 POST /api/auth/login,200,OK,Moderate Load - 50 users over 60s 2-38,text,true,,1469,543,28,28,http://localhost:5000/api/auth/login,97,0,0
1784906845272,767,09 GET /api/appointments (day view),200,OK,Moderate Load - 50 users over 60s 2-27,text,true,,1775,460,28,28,http://localhost:5000/api/appointments,767,0,0
1784906844947,1097,09 GET /api/appointments (day view),200,OK,Moderate Load - 50 users over 60s 2-42,text,true,,1775,460,27,27,http://localhost:5000/api/appointments,1097,0,0
1784906844979,1112,05 GET /api/dashboard/stats,200,OK,Moderate Load - 50 users over 60s 2-29,text,true,,1188,463,27,27,http://localhost:5000/api/dashboard/stats,1112,0,0
1784906846122,1,04 GET /assets/index.css,200,OK,Moderate Load - 50 users over 60s 2-32,text,true,,49971,460,27,27,http://localhost:5000/assets/index.css,1,0,0
1784906845118,1087,05 GET /api/dashboard/stats,200,OK,Moderate Load - 50 users over 60s 2-48,text,true,,1188,463,27,27,http://localhost:5000/api/dashboard/stats,1087,0,0
1784906845807,408,06 GET /api/patients (paginated list),200,OK,Moderate Load - 50 users over 60s 2-33,text,true,,10122,473,27,27,http://localhost:5000/api/patients?page=32&limit=20,408,0,0
1784906845918,335,06 GET /api/patients (paginated list),200,OK,Moderate Load - 50 users over 60s 2-36,text,true,,10080,473,27,27,http://localhost:5000/api/patients?page=31&limit=20,335,0,0
1784906834923,11390,08 GET /api/patients/{id} (record with history),200,OK,Moderate Load - 50 users over 60s 2-25,text,true,,9360,459,27,27,http://localhost:5000/api/patients/39,11390,0,0
1784906845948,371,06 GET /api/patients (paginated list),200,OK,Moderate Load - 50 users over 60s 2-39,text,true,,10044,473,27,27,http://localhost:5000/api/patients?page=22&limit=20,370,0,0
1784906846525,7,02 GET / (index.html),200,OK,Moderate Load - 50 users over 60s 2-38,text,true,,1778,444,27,27,http://localhost:5000/,7,0,0
1784906846557,95,01 POST /api/auth/login,200,OK,Moderate Load - 50 users over 60s 2-42,text,true,,1469,543,27,27,http://localhost:5000/api/auth/login,95,0,0
1784906846230,425,06 GET /api/patients (paginated list),200,OK,Moderate Load - 50 users over 60s 2-43,text,true,,10047,473,27,27,http://localhost:5000/api/patients?page=48&limit=20,425,0,0
1784906846370,291,06 GET /api/patients (paginated list),200,OK,Moderate Load - 50 users over 60s 2-30,text,true,,10081,472,27,27,http://localhost:5000/api/patients?page=9&limit=20,291,0,0
1784906838983,7679,08 GET /api/patients/{id} (record with history),200,OK,Moderate Load - 50 users over 60s 2-23,text,true,,11740,459,27,27,http://localhost:5000/api/patients/42,7679,0,0
1784906846230,496,07 GET /api/patients?search= (name search),200,OK,Moderate Load - 50 users over 60s 2-50,text,true,,1129,482,27,27,http://localhost:5000/api/patients?search=iz&page=1&limit=20,496,0,0
1784906845760,995,05 GET /api/dashboard/stats,200,OK,Moderate Load - 50 users over 60s 2-37,text,true,,1188,463,27,27,http://localhost:5000/api/dashboard/stats,995,0,0
1784906846605,337,06 GET /api/patients (paginated list),200,OK,Moderate Load - 50 users over 60s 2-29,text,true,,10032,473,27,27,http://localhost:5000/api/patients?page=49&limit=20,337,0,0
1784906846073,889,09 GET /api/appointments (day view),200,OK,Moderate Load - 50 users over 60s 2-28,text,true,,1775,460,27,27,http://localhost:5000/api/appointments,889,0,0
1784906846712,284,06 GET /api/patients (paginated list),200,OK,Moderate Load - 50 users over 60s 2-48,text,true,,10180,473,26,26,http://localhost:5000/api/patients?page=11&limit=20,284,0,0
1784906847039,3,03 GET /assets/index.js (main bundle),200,OK,Moderate Load - 50 users over 60s 2-38,text,true,,488575,459,26,26,http://localhost:5000/assets/index.js,2,0,0
1784906841483,5585,08 GET /api/patients/{id} (record with history),200,OK,Moderate Load - 50 users over 60s 2-41,text,true,,8692,459,26,26,http://localhost:5000/api/patients/35,5585,0,0
1784906847163,6,02 GET / (index.html),200,OK,Moderate Load - 50 users over 60s 2-42,text,true,,1778,444,26,26,http://localhost:5000/,6,0,0
1784906846728,542,07 GET /api/patients?search= (name search),200,OK,Moderate Load - 50 users over 60s 2-33,text,true,,1129,482,26,26,http://localhost:5000/api/patients?search=fm&page=1&limit=20,542,0,0
1784906846760,542,07 GET /api/patients?search= (name search),200,OK,Moderate Load - 50 users over 60s 2-36,text,true,,1129,482,26,26,http://localhost:5000/api/patients?search=fw&page=1&limit=20,542,0,0
1784906846823,572,09 GET /api/appointments (day view),200,OK,Moderate Load - 50 users over 60s 2-25,text,true,,1775,460,26,26,http://localhost:5000/api/appointments,572,0,0
1784906847257,259,06 GET /api/patients (paginated list),200,OK,Moderate Load - 50 users over 60s 2-37,text,true,,10066,473,25,25,http://localhost:5000/api/patients?page=46&limit=20,259,0,0
1784906846635,911,05 GET /api/dashboard/stats,200,OK,Moderate Load - 50 users over 60s 2-32,text,true,,1188,463,25,25,http://localhost:5000/api/dashboard/stats,911,0,0
1784906847553,2,04 GET /assets/index.css,200,OK,Moderate Load - 50 users over 60s 2-38,text,true,,49971,460,25,25,http://localhost:5000/assets/index.css,1,0,0
1784906846823,791,07 GET /api/patients?search= (name search),200,OK,Moderate Load - 50 users over 60s 2-39,text,true,,1129,482,25,25,http://localhost:5000/api/patients?search=if&page=1&limit=20,791,0,0
1784906847163,490,07 GET /api/patients?search= (name search),200,OK,Moderate Load - 50 users over 60s 2-43,text,true,,10021,482,25,25,http://localhost:5000/api/patients?search=ei&page=1&limit=20,490,0,0
1784906847677,3,03 GET /assets/index.js (main bundle),200,OK,Moderate Load - 50 users over 60s 2-42,text,true,,488575,459,25,25,http://localhost:5000/assets/index.js,2,0,0
1784906847178,549,09 GET /api/appointments (day view),200,OK,Moderate Load - 50 users over 60s 2-23,text,true,,1775,460,25,25,http://localhost:5000/api/appointments,549,0,2
1784906847443,443,07 GET /api/patients?search= (name search),200,OK,Moderate Load - 50 users over 60s 2-29,text,true,,9984,482,25,25,http://localhost:5000/api/patients?search=du&page=1&limit=20,443,0,0
1784906847506,408,07 GET /api/patients?search= (name search),200,OK,Moderate Load - 50 users over 60s 2-48,text,true,,9930,482,25,25,http://localhost:5000/api/patients?search=je&page=1&limit=20,408,0,0
1784906840481,7482,08 GET /api/patients/{id} (record with history),200,OK,Moderate Load - 50 users over 60s 2-45,text,true,,12316,459,25,25,http://localhost:5000/api/patients/34,7482,0,0
1784906847163,811,07 GET /api/patients?search= (name search),200,OK,Moderate Load - 50 users over 60s 2-30,text,true,,1129,482,25,25,http://localhost:5000/api/patients?search=zb&page=1&limit=20,811,0,0
1784906838020,10028,08 GET /api/patients/{id} (record with history),200,OK,Moderate Load - 50 users over 60s 2-24,text,true,,9360,459,25,25,http://localhost:5000/api/patients/39,10028,0,0
1784906847584,505,09 GET /api/appointments (day view),200,OK,Moderate Load - 50 users over 60s 2-41,text,true,,1775,460,25,25,http://localhost:5000/api/appointments,505,0,0
1784906843861,4246,10 POST /api/ai/pre-appointment/{id},200,OK,Moderate Load - 50 users over 60s 2-18,text,true,,2348,490,25,25,http://localhost:5000/api/ai/pre-appointment/288,4246,0,0
1784906848192,2,04 GET /assets/index.css,200,OK,Moderate Load - 50 users over 60s 2-42,text,true,,49971,460,24,24,http://localhost:5000/assets/index.css,2,0,0
1784906833976,14407,08 GET /api/patients/{id} (record with history),200,OK,Moderate Load - 50 users over 60s 2-35,text,true,,11979,458,24,24,http://localhost:5000/api/patients/6,14407,0,0
1784906848052,353,06 GET /api/patients (paginated list),200,OK,Moderate Load - 50 users over 60s 2-32,text,true,,10080,473,24,24,http://localhost:5000/api/patients?page=31&limit=20,353,0,0
1784906843317,5250,10 POST /api/ai/pre-appointment/{id},200,OK,Moderate Load - 50 users over 60s 2-34,text,true,,2284,490,24,24,http://localhost:5000/api/ai/pre-appointment/524,5250,0,0
1784906848600,113,01 POST /api/auth/login,200,OK,Moderate Load - 50 users over 60s 2-41,text,true,,1469,543,24,24,http://localhost:5000/api/auth/login,113,0,0
1784906848020,694,07 GET /api/patients?search= (name search),200,OK,Moderate Load - 50 users over 60s 2-37,text,true,,1129,482,24,24,http://localhost:5000/api/patients?search=ci&page=1&limit=20,694,0,0
1784906834660,14058,08 GET /api/patients/{id} (record with history),200,OK,Moderate Load - 50 users over 60s 2-40,text,true,,11965,458,24,24,http://localhost:5000/api/patients/1,14058,0,0
1784906849082,98,01 POST /api/auth/login,200,OK,Moderate Load - 50 users over 60s 2-34,text,true,,1469,543,24,24,http://localhost:5000/api/auth/login,98,0,0
1784906848067,1115,05 GET /api/dashboard/stats,200,OK,Moderate Load - 50 users over 60s 2-38,text,true,,1188,463,24,24,http://localhost:5000/api/dashboard/stats,1115,0,0
1784906848553,663,09 GET /api/appointments (day view),200,OK,Moderate Load - 50 users over 60s 2-24,text,true,,1775,460,24,24,http://localhost:5000/api/appointments,663,0,0
1784906848476,751,09 GET /api/appointments (day view),200,OK,Moderate Load - 50 users over 60s 2-45,text,true,,1775,460,23,23,http://localhost:5000/api/appointments,751,0,0
1784906849222,6,02 GET / (index.html),200,OK,Moderate Load - 50 users over 60s 2-41,text,true,,1778,444,23,23,http://localhost:5000/,6,0,0
1784906848912,549,07 GET /api/patients?search= (name search),200,OK,Moderate Load - 50 users over 60s 2-32,text,true,,1129,482,23,23,http://localhost:5000/api/patients?search=rf&page=1&limit=20,549,0,0
1784906848709,893,05 GET /api/dashboard/stats,200,OK,Moderate Load - 50 users over 60s 2-42,text,true,,1188,463,23,23,http://localhost:5000/api/dashboard/stats,893,0,0
1784906849692,4,02 GET / (index.html),200,OK,Moderate Load - 50 users over 60s 2-34,text,true,,1778,444,23,23,http://localhost:5000/,4,0,0
1784906849740,99,01 POST /api/auth/login,200,OK,Moderate Load - 50 users over 60s 2-45,text,true,,1469,543,23,23,http://localhost:5000/api/auth/login,99,0,0
1784906848897,960,09 GET /api/appointments (day view),200,OK,Moderate Load - 50 users over 60s 2-35,text,true,,1775,460,23,23,http://localhost:5000/api/appointments,960,0,0
1784906849740,135,03 GET /assets/index.js (main bundle),200,OK,Moderate Load - 50 users over 60s 2-41,text,true,,488575,459,23,23,http://localhost:5000/assets/index.js,104,0,0
1784906849222,699,09 GET /api/appointments (day view),200,OK,Moderate Load - 50 users over 60s 2-40,text,true,,1775,460,23,23,http://localhost:5000/api/appointments,699,0,0
1784906849692,295,06 GET /api/patients (paginated list),200,OK,Moderate Load - 50 users over 60s 2-38,text,true,,10047,473,23,23,http://localhost:5000/api/patients?page=48&limit=20,295,0,0
1784906843535,6613,08 GET /api/patients/{id} (record with history),200,OK,Moderate Load - 50 users over 60s 2-31,text,true,,8745,459,23,23,http://localhost:5000/api/patients/11,6613,0,0
1784906850208,3,03 GET /assets/index.js (main bundle),200,OK,Moderate Load - 50 users over 60s 2-34,text,true,,488575,459,23,23,http://localhost:5000/assets/index.js,2,0,0
1784906850349,1,02 GET / (index.html),200,OK,Moderate Load - 50 users over 60s 2-45,text,true,,1778,444,23,23,http://localhost:5000/,1,0,0
1784906850114,248,06 GET /api/patients (paginated list),200,OK,Moderate Load - 50 users over 60s 2-42,text,true,,10005,473,23,23,http://localhost:5000/api/patients?page=28&limit=20,248,0,0
1784906850364,101,01 POST /api/auth/login,200,OK,Moderate Load - 50 users over 60s 2-35,text,true,,1469,543,23,23,http://localhost:5000/api/auth/login,101,0,0
1784906850426,145,01 POST /api/auth/login,200,OK,Moderate Load - 50 users over 60s 2-40,text,true,,1469,543,23,23,http://localhost:5000/api/auth/login,145,0,0
1784906850380,197,04 GET /assets/index.css,200,OK,Moderate Load - 50 users over 60s 2-41,text,true,,49971,460,23,23,http://localhost:5000/assets/index.css,197,0,0
1784906848239,2344,10 POST /api/ai/pre-appointment/{id},200,OK,Moderate Load - 50 users over 60s 2-23,text,true,,2137,490,23,23,http://localhost:5000/api/ai/pre-appointment/253,2344,0,0
1784906850718,1,04 GET /assets/index.css,200,OK,Moderate Load - 50 users over 60s 2-34,text,true,,49971,460,22,22,http://localhost:5000/assets/index.css,1,0,0
1784906850859,2,03 GET /assets/index.js (main bundle),200,OK,Moderate Load - 50 users over 60s 2-45,text,true,,488575,459,22,22,http://localhost:5000/assets/index.js,1,0,0
1784906844129,6799,08 GET /api/patients/{id} (record with history),200,OK,Moderate Load - 50 users over 60s 2-46,text,true,,11102,458,22,22,http://localhost:5000/api/patients/8,6799,0,0
1784906850968,2,02 GET / (index.html),200,OK,Moderate Load - 50 users over 60s 2-35,text,true,,1778,444,22,22,http://localhost:5000/,1,0,0
1784906851077,4,02 GET / (index.html),200,OK,Moderate Load - 50 users over 60s 2-40,text,true,,1778,444,22,22,http://localhost:5000/,3,0,0
1784906850487,868,07 GET /api/patients?search= (name search),200,OK,Moderate Load - 50 users over 60s 2-38,text,true,,1129,482,22,22,http://localhost:5000/api/patients?search=sj&page=1&limit=20,868,0,0
1784906851374,2,04 GET /assets/index.css,200,OK,Moderate Load - 50 users over 60s 2-45,text,true,,49971,460,22,22,http://localhost:5000/assets/index.css,2,0,0
1784906851484,3,03 GET /assets/index.js (main bundle),200,OK,Moderate Load - 50 users over 60s 2-35,text,true,,488575,459,22,22,http://localhost:5000/assets/index.js,2,0,0
1784906850656,931,09 GET /api/appointments (day view),200,OK,Moderate Load - 50 users over 60s 2-31,text,true,,1775,460,22,22,http://localhost:5000/api/appointments,931,0,0
1784906851593,3,03 GET /assets/index.js (main bundle),200,OK,Moderate Load - 50 users over 60s 2-40,text,true,,488575,459,21,21,http://localhost:5000/assets/index.js,2,0,0
1784906850874,772,07 GET /api/patients?search= (name search),200,OK,Moderate Load - 50 users over 60s 2-42,text,true,,1129,482,21,21,http://localhost:5000/api/patients?search=gt&page=1&limit=20,772,0,0
1784906845665,6246,08 GET /api/patients/{id} (record with history),200,OK,Moderate Load - 50 users over 60s 2-47,text,true,,10547,458,21,21,http://localhost:5000/api/patients/5,6245,0,0
1784906851999,2,04 GET /assets/index.css,200,OK,Moderate Load - 50 users over 60s 2-35,text,true,,49971,460,21,21,http://localhost:5000/assets/index.css,2,0,0
1784906851077,951,05 GET /api/dashboard/stats,200,OK,Moderate Load - 50 users over 60s 2-41,text,true,,1188,463,21,21,http://localhost:5000/api/dashboard/stats,951,0,0
1784906852110,2,04 GET /assets/index.css,200,OK,Moderate Load - 50 users over 60s 2-40,text,true,,49971,460,21,21,http://localhost:5000/assets/index.css,2,0,0
1784906851437,783,09 GET /api/appointments (day view),200,OK,Moderate Load - 50 users over 60s 2-46,text,true,,1775,460,21,21,http://localhost:5000/api/appointments,783,0,0
1784906851234,1031,05 GET /api/dashboard/stats,200,OK,Moderate Load - 50 users over 60s 2-34,text,true,,1188,463,21,21,http://localhost:5000/api/dashboard/stats,1031,0,0
1784906851890,816,05 GET /api/dashboard/stats,200,OK,Moderate Load - 50 users over 60s 2-45,text,true,,1188,463,21,21,http://localhost:5000/api/dashboard/stats,816,0,0
1784906852736,100,01 POST /api/auth/login,200,OK,Moderate Load - 50 users over 60s 2-46,text,true,,1469,543,21,21,http://localhost:5000/api/auth/login,100,0,0
1784906852532,319,06 GET /api/patients (paginated list),200,OK,Moderate Load - 50 users over 60s 2-41,text,true,,9991,473,21,21,http://localhost:5000/api/patients?page=42&limit=20,319,0,0
1784906845887,7042,08 GET /api/patients/{id} (record with history),200,OK,Moderate Load - 50 users over 60s 2-44,text,true,,11742,459,21,21,http://localhost:5000/api/patients/20,7042,0,0
1784906852422,658,09 GET /api/appointments (day view),200,OK,Moderate Load - 50 users over 60s 2-47,text,true,,1775,460,21,21,http://localhost:5000/api/appointments,658,0,0
1784906852766,472,06 GET /api/patients (paginated list),200,OK,Moderate Load - 50 users over 60s 2-34,text,true,,9999,472,21,21,http://localhost:5000/api/patients?page=6&limit=20,472,0,0
1784906853343,2,02 GET / (index.html),200,OK,Moderate Load - 50 users over 60s 2-46,text,true,,1778,444,21,21,http://localhost:5000/,2,0,0
1784906853219,269,06 GET /api/patients (paginated list),200,OK,Moderate Load - 50 users over 60s 2-45,text,true,,10080,473,21,21,http://localhost:5000/api/patients?page=31&limit=20,269,0,0
1784906852517,989,05 GET /api/dashboard/stats,200,OK,Moderate Load - 50 users over 60s 2-35,text,true,,1188,463,21,21,http://localhost:5000/api/dashboard/stats,989,0,0
1784906852626,908,05 GET /api/dashboard/stats,200,OK,Moderate Load - 50 users over 60s 2-40,text,true,,1188,463,21,21,http://localhost:5000/api/dashboard/stats,908,0,0
1784906853593,96,01 POST /api/auth/login,200,OK,Moderate Load - 50 users over 60s 2-47,text,true,,1469,543,21,21,http://localhost:5000/api/auth/login,96,0,0
1784906853860,3,03 GET /assets/index.js (main bundle),200,OK,Moderate Load - 50 users over 60s 2-46,text,true,,488575,459,21,21,http://localhost:5000/assets/index.js,1,0,0
1784906853436,515,09 GET /api/appointments (day view),200,OK,Moderate Load - 50 users over 60s 2-44,text,true,,1775,460,21,21,http://localhost:5000/api/appointments,515,0,0
1784906853359,664,07 GET /api/patients?search= (name search),200,OK,Moderate Load - 50 users over 60s 2-41,text,true,,1129,482,21,21,http://localhost:5000/api/patients?search=bm&page=1&limit=20,664,0,0
1784906847804,6297,08 GET /api/patients/{id} (record with history),200,OK,Moderate Load - 50 users over 60s 2-36,text,true,,10521,459,21,21,http://localhost:5000/api/patients/47,6297,0,0
1784906854203,2,02 GET / (index.html),200,OK,Moderate Load - 50 users over 60s 2-47,text,true,,1778,444,21,21,http://localhost:5000/,2,0,0
1784906847241,7063,08 GET /api/patients/{id} (record with history),200,OK,Moderate Load - 50 users over 60s 2-50,text,true,,9360,459,21,21,http://localhost:5000/api/patients/39,7063,0,0
1784906854375,2,04 GET /assets/index.css,200,OK,Moderate Load - 50 users over 60s 2-46,text,true,,49971,460,21,21,http://localhost:5000/assets/index.css,2,0,0
1784906854016,407,06 GET /api/patients (paginated list),200,OK,Moderate Load - 50 users over 60s 2-35,text,true,,10179,473,21,21,http://localhost:5000/api/patients?page=47&limit=20,407,0,0
1784906854000,446,07 GET /api/patients?search= (name search),200,OK,Moderate Load - 50 users over 60s 2-45,text,true,,1129,482,21,21,http://localhost:5000/api/patients?search=rj&page=1&limit=20,446,0,0
1784906854452,98,01 POST /api/auth/login,200,OK,Moderate Load - 50 users over 60s 2-44,text,true,,1469,543,21,21,http://localhost:5000/api/auth/login,98,0,0
1784906853749,801,07 GET /api/patients?search= (name search),200,OK,Moderate Load - 50 users over 60s 2-34,text,true,,1129,482,21,21,http://localhost:5000/api/patients?search=kq&page=1&limit=20,801,0,0
1784906854047,505,06 GET /api/patients (paginated list),200,OK,Moderate Load - 50 users over 60s 2-40,text,true,,9933,473,21,21,http://localhost:5000/api/patients?page=18&limit=20,505,0,0
1784906848161,6393,08 GET /api/patients/{id} (record with history),200,OK,Moderate Load - 50 users over 60s 2-43,text,true,,10517,459,21,21,http://localhost:5000/api/patients/38,6393,0,0
1784906847786,6813,08 GET /api/patients/{id} (record with history),200,OK,Moderate Load - 50 users over 60s 2-33,text,true,,11702,459,21,21,http://localhost:5000/api/patients/49,6813,0,0
1784906854717,2,03 GET /assets/index.js (main bundle),200,OK,Moderate Load - 50 users over 60s 2-47,text,true,,488575,459,21,21,http://localhost:5000/assets/index.js,1,0,0
1784906855060,8,02 GET / (index.html),200,OK,Moderate Load - 50 users over 60s 2-44,text,true,,1778,444,21,21,http://localhost:5000/,8,0,0
1784906854608,598,09 GET /api/appointments (day view),200,OK,Moderate Load - 50 users over 60s 2-36,text,true,,1775,460,21,21,http://localhost:5000/api/appointments,598,0,0
1784906855234,2,04 GET /assets/index.css,200,OK,Moderate Load - 50 users over 60s 2-47,text,true,,49971,460,20,20,http://localhost:5000/assets/index.css,2,0,0
1784906848129,7162,08 GET /api/patients/{id} (record with history),200,OK,Moderate Load - 50 users over 60s 2-39,text,true,,11965,458,20,20,http://localhost:5000/api/patients/1,7162,0,0
1784906849222,6172,08 GET /api/patients/{id} (record with history),200,OK,Moderate Load - 50 users over 60s 2-37,text,true,,11102,458,20,20,http://localhost:5000/api/patients/8,6172,0,0
1784906854935,515,07 GET /api/patients?search= (name search),200,OK,Moderate Load - 50 users over 60s 2-35,text,true,,1129,482,20,20,http://localhost:5000/api/patients?search=kd&page=1&limit=20,515,0,0
1784906855060,499,07 GET /api/patients?search= (name search),200,OK,Moderate Load - 50 users over 60s 2-40,text,true,,1129,482,20,20,http://localhost:5000/api/patients?search=vu&page=1&limit=20,499,0,0
1784906854810,754,09 GET /api/appointments (day view),200,OK,Moderate Load - 50 users over 60s 2-50,text,true,,1775,460,20,20,http://localhost:5000/api/appointments,754,0,0
1784906855576,3,03 GET /assets/index.js (main bundle),200,OK,Moderate Load - 50 users over 60s 2-44,text,true,,488575,459,20,20,http://localhost:5000/assets/index.js,2,0,0
1784906848476,7133,08 GET /api/patients/{id} (record with history),200,OK,Moderate Load - 50 users over 60s 2-30,text,true,,12264,459,20,20,http://localhost:5000/api/patients/26,7133,0,0
1784906855060,577,09 GET /api/appointments (day view),200,OK,Moderate Load - 50 users over 60s 2-43,text,true,,1775,460,20,20,http://localhost:5000/api/appointments,577,0,0
1784906855107,564,09 GET /api/appointments (day view),200,OK,Moderate Load - 50 users over 60s 2-33,text,true,,1775,460,20,20,http://localhost:5000/api/appointments,564,0,0
1784906846308,9405,08 GET /api/patients/{id} (record with history),200,OK,Moderate Load - 50 users over 60s 2-49,text,true,,11965,458,19,19,http://localhost:5000/api/patients/1,9405,0,0
1784906854888,854,05 GET /api/dashboard/stats,200,OK,Moderate Load - 50 users over 60s 2-46,text,true,,1188,463,19,19,http://localhost:5000/api/dashboard/stats,854,0,0
1784906849974,6012,08 GET /api/patients/{id} (record with history),200,OK,Moderate Load - 50 users over 60s 2-32,text,true,,11189,459,19,19,http://localhost:5000/api/patients/19,6011,0,0
1784906855793,271,09 GET /api/appointments (day view),200,OK,Moderate Load - 50 users over 60s 2-39,text,true,,1775,460,19,19,http://localhost:5000/api/appointments,271,0,0
1784906856090,2,04 GET /assets/index.css,200,OK,Moderate Load - 50 users over 60s 2-44,text,true,,49971,460,19,19,http://localhost:5000/assets/index.css,2,0,0
1784906856152,99,01 POST /api/auth/login,200,OK,Moderate Load - 50 users over 60s 2-43,text,true,,1469,543,19,19,http://localhost:5000/api/auth/login,99,0,0
1784906855747,507,05 GET /api/dashboard/stats,200,OK,Moderate Load - 50 users over 60s 2-47,text,true,,1188,463,19,19,http://localhost:5000/api/dashboard/stats,507,0,0
1784906855903,454,09 GET /api/appointments (day view),200,OK,Moderate Load - 50 users over 60s 2-37,text,true,,1775,460,19,19,http://localhost:5000/api/appointments,454,0,0
1784906848429,8045,08 GET /api/patients/{id} (record with history),200,OK,Moderate Load - 50 users over 60s 2-48,text,true,,11760,459,18,18,http://localhost:5000/api/patients/14,8045,0,0
1784906856247,327,06 GET /api/patients (paginated list),200,OK,Moderate Load - 50 users over 60s 2-46,text,true,,10061,473,18,18,http://localhost:5000/api/patients?page=23&limit=20,327,0,0
1784906856575,91,01 POST /api/auth/login,200,OK,Moderate Load - 50 users over 60s 2-39,text,true,,1469,543,18,18,http://localhost:5000/api/auth/login,91,0,0
1784906856121,566,09 GET /api/appointments (day view),200,OK,Moderate Load - 50 users over 60s 2-30,text,true,,1775,460,18,18,http://localhost:5000/api/appointments,566,0,2
1784906856766,4,02 GET / (index.html),200,OK,Moderate Load - 50 users over 60s 2-43,text,true,,1778,444,17,17,http://localhost:5000/,4,0,0
1784906856215,564,09 GET /api/appointments (day view),200,OK,Moderate Load - 50 users over 60s 2-49,text,true,,1775,460,17,17,http://localhost:5000/api/appointments,564,0,0
1784906856766,230,06 GET /api/patients (paginated list),200,OK,Moderate Load - 50 users over 60s 2-47,text,true,,10045,473,17,17,http://localhost:5000/api/patients?page=21&limit=20,230,0,0
1784906856498,499,09 GET /api/appointments (day view),200,OK,Moderate Load - 50 users over 60s 2-32,text,true,,1775,460,17,17,http://localhost:5000/api/appointments,499,0,0
1784906857167,2,02 GET / (index.html),200,OK,Moderate Load - 50 users over 60s 2-39,text,true,,1778,444,16,16,http://localhost:5000/,2,0,0
1784906848398,8839,08 GET /api/patients/{id} (record with history),200,OK,Moderate Load - 50 users over 60s 2-29,text,true,,12542,458,16,16,http://localhost:5000/api/patients/2,8839,0,0
1784906852157,5103,08 GET /api/patients/{id} (record with history),200,OK,Moderate Load - 50 users over 60s 2-42,text,true,,10539,458,16,16,http://localhost:5000/api/patients/9,5103,0,0
1784906857278,3,03 GET /assets/index.js (main bundle),200,OK,Moderate Load - 50 users over 60s 2-43,text,true,,488575,459,16,16,http://localhost:5000/assets/index.js,2,0,0
1784906857293,73,01 POST /api/auth/login,200,OK,Moderate Load - 50 users over 60s 2-49,text,true,,1469,543,16,16,http://localhost:5000/api/auth/login,73,0,0
1784906856607,764,05 GET /api/dashboard/stats,200,OK,Moderate Load - 50 users over 60s 2-44,text,true,,1188,463,16,16,http://localhost:5000/api/dashboard/stats,764,0,0
1784906856983,471,09 GET /api/appointments (day view),200,OK,Moderate Load - 50 users over 60s 2-48,text,true,,1775,460,16,16,http://localhost:5000/api/appointments,471,0,0
1784906857075,402,07 GET /api/patients?search= (name search),200,OK,Moderate Load - 50 users over 60s 2-46,text,true,,1129,482,16,16,http://localhost:5000/api/patients?search=wy&page=1&limit=20,402,0,0
1784906857683,3,03 GET /assets/index.js (main bundle),200,OK,Moderate Load - 50 users over 60s 2-39,text,true,,488575,459,16,16,http://localhost:5000/assets/index.js,2,0,0
1784906857793,1,04 GET /assets/index.css,200,OK,Moderate Load - 50 users over 60s 2-43,text,true,,49971,460,16,16,http://localhost:5000/assets/index.css,1,0,0
1784906857498,331,07 GET /api/patients?search= (name search),200,OK,Moderate Load - 50 users over 60s 2-47,text,true,,1129,482,16,16,http://localhost:5000/api/patients?search=vs&page=1&limit=20,331,0,0
1784906857869,2,02 GET / (index.html),200,OK,Moderate Load - 50 users over 60s 2-49,text,true,,1778,444,16,16,http://localhost:5000/,2,0,0
1784906857963,74,01 POST /api/auth/login,200,OK,Moderate Load - 50 users over 60s 2-48,text,true,,1469,543,16,16,http://localhost:5000/api/auth/login,74,0,0
1784906857885,155,06 GET /api/patients (paginated list),200,OK,Moderate Load - 50 users over 60s 2-44,text,true,,10028,473,16,16,http://localhost:5000/api/patients?page=27&limit=20,155,0,0
1784906857761,410,09 GET /api/appointments (day view),200,OK,Moderate Load - 50 users over 60s 2-42,text,true,,1775,460,16,16,http://localhost:5000/api/appointments,410,0,0
1784906857746,426,09 GET /api/appointments (day view),200,OK,Moderate Load - 50 users over 60s 2-29,text,true,,1775,460,15,15,http://localhost:5000/api/appointments,426,0,1
1784906858197,1,04 GET /assets/index.css,200,OK,Moderate Load - 50 users over 60s 2-39,text,true,,49971,460,14,14,http://localhost:5000/assets/index.css,1,0,0
1784906858385,3,03 GET /assets/index.js (main bundle),200,OK,Moderate Load - 50 users over 60s 2-49,text,true,,488575,459,14,14,http://localhost:5000/assets/index.js,1,0,0
1784906858540,4,02 GET / (index.html),200,OK,Moderate Load - 50 users over 60s 2-48,text,true,,1778,444,14,14,http://localhost:5000/,4,0,0
1784906851858,6754,08 GET /api/patients/{id} (record with history),200,OK,Moderate Load - 50 users over 60s 2-38,text,true,,11802,459,14,14,http://localhost:5000/api/patients/27,6754,0,0
1784906858306,523,05 GET /api/dashboard/stats,200,OK,Moderate Load - 50 users over 60s 2-43,text,true,,1188,463,14,14,http://localhost:5000/api/dashboard/stats,523,0,0
1784906858540,328,07 GET /api/patients?search= (name search),200,OK,Moderate Load - 50 users over 60s 2-44,text,true,,1129,482,14,14,http://localhost:5000/api/patients?search=vj&page=1&limit=20,328,0,0
1784906858900,1,04 GET /assets/index.css,200,OK,Moderate Load - 50 users over 60s 2-49,text,true,,49971,460,14,14,http://localhost:5000/assets/index.css,1,0,0
1784906859054,4,03 GET /assets/index.js (main bundle),200,OK,Moderate Load - 50 users over 60s 2-48,text,true,,488575,459,14,14,http://localhost:5000/assets/index.js,2,0,0
1784906854530,4668,08 GET /api/patients/{id} (record with history),200,OK,Moderate Load - 50 users over 60s 2-41,text,true,,10599,459,14,14,http://localhost:5000/api/patients/44,4668,0,0
1784906858712,538,05 GET /api/dashboard/stats,200,OK,Moderate Load - 50 users over 60s 2-39,text,true,,1188,463,14,14,http://localhost:5000/api/dashboard/stats,538,0,0
1784906855060,4190,08 GET /api/patients/{id} (record with history),200,OK,Moderate Load - 50 users over 60s 2-34,text,true,,9360,459,14,14,http://localhost:5000/api/patients/39,4190,0,0
1784906859335,158,06 GET /api/patients (paginated list),200,OK,Moderate Load - 50 users over 60s 2-43,text,true,,10066,473,14,14,http://localhost:5000/api/patients?page=46&limit=20,158,0,0
1784906859117,417,09 GET /api/appointments (day view),200,OK,Moderate Load - 50 users over 60s 2-38,text,true,,1775,460,14,14,http://localhost:5000/api/appointments,417,0,0
1784906859571,1,04 GET /assets/index.css,200,OK,Moderate Load - 50 users over 60s 2-48,text,true,,49971,460,14,14,http://localhost:5000/assets/index.css,1,0,0
1784906856074,3701,10 POST /api/ai/pre-appointment/{id},200,OK,Moderate Load - 50 users over 60s 2-50,text,true,,2351,490,14,14,http://localhost:5000/api/ai/pre-appointment/393,3701,0,0
1784906855966,3903,08 GET /api/patients/{id} (record with history),200,OK,Moderate Load - 50 users over 60s 2-35,text,true,,9354,459,14,14,http://localhost:5000/api/patients/22,3903,0,0
1784906859757,196,06 GET /api/patients (paginated list),200,OK,Moderate Load - 50 users over 60s 2-39,text,true,,9818,472,14,14,http://localhost:5000/api/patients?page=4&limit=20,195,0,0
1784906859413,547,05 GET /api/dashboard/stats,200,OK,Moderate Load - 50 users over 60s 2-49,text,true,,1188,463,14,14,http://localhost:5000/api/dashboard/stats,547,0,0
1784906859711,379,09 GET /api/appointments (day view),200,OK,Moderate Load - 50 users over 60s 2-41,text,true,,1775,460,14,14,http://localhost:5000/api/appointments,379,0,0
1784906854950,5224,08 GET /api/patients/{id} (record with history),200,OK,Moderate Load - 50 users over 60s 2-45,text,true,,11740,459,13,13,http://localhost:5000/api/patients/42,5224,0,0
1784906859757,425,09 GET /api/appointments (day view),200,OK,Moderate Load - 50 users over 60s 2-34,text,true,,1775,460,13,13,http://localhost:5000/api/appointments,425,0,0
1784906860285,68,01 POST /api/auth/login,200,OK,Moderate Load - 50 users over 60s 2-50,text,true,,1469,543,12,12,http://localhost:5000/api/auth/login,68,0,0
1784906860006,355,07 GET /api/patients?search= (name search),200,OK,Moderate Load - 50 users over 60s 2-43,text,true,,1129,482,12,12,http://localhost:5000/api/patients?search=kd&page=1&limit=20,355,0,0
1784906856074,4434,08 GET /api/patients/{id} (record with history),200,OK,Moderate Load - 50 users over 60s 2-40,text,true,,10493,459,12,12,http://localhost:5000/api/patients/28,4434,0,0
1784906860472,154,06 GET /api/patients (paginated list),200,OK,Moderate Load - 50 users over 60s 2-49,text,true,,10044,473,12,12,http://localhost:5000/api/patients?page=22&limit=20,154,0,0
1784906860084,551,05 GET /api/dashboard/stats,200,OK,Moderate Load - 50 users over 60s 2-48,text,true,,1188,463,12,12,http://localhost:5000/api/dashboard/stats,551,0,0
1784906860456,350,07 GET /api/patients?search= (name search),200,OK,Moderate Load - 50 users over 60s 2-39,text,true,,1129,482,12,12,http://localhost:5000/api/patients?search=qw&page=1&limit=20,350,0,0
1784906860860,2,02 GET / (index.html),200,OK,Moderate Load - 50 users over 60s 2-50,text,true,,1778,444,12,12,http://localhost:5000/,2,0,0
1784906860378,498,09 GET /api/appointments (day view),200,OK,Moderate Load - 50 users over 60s 2-35,text,true,,1775,460,12,12,http://localhost:5000/api/appointments,498,0,0
1784906860689,336,09 GET /api/appointments (day view),200,OK,Moderate Load - 50 users over 60s 2-45,text,true,,1775,460,11,11,http://localhost:5000/api/appointments,336,0,0
1784906861141,122,06 GET /api/patients (paginated list),200,OK,Moderate Load - 50 users over 60s 2-48,text,true,,10181,473,10,10,http://localhost:5000/api/patients?page=15&limit=20,122,0,0
1784906861374,3,03 GET /assets/index.js (main bundle),200,OK,Moderate Load - 50 users over 60s 2-50,text,true,,488575,459,10,10,http://localhost:5000/assets/index.js,2,0,0
1784906861018,369,09 GET /api/appointments (day view),200,OK,Moderate Load - 50 users over 60s 2-40,text,true,,1775,460,10,10,http://localhost:5000/api/appointments,369,0,0
1784906861141,365,07 GET /api/patients?search= (name search),200,OK,Moderate Load - 50 users over 60s 2-49,text,true,,1129,482,9,9,http://localhost:5000/api/patients?search=td&page=1&limit=20,365,0,0
1784906858337,3388,08 GET /api/patients/{id} (record with history),200,OK,Moderate Load - 50 users over 60s 2-47,text,true,,8757,459,9,9,http://localhost:5000/api/patients/43,3388,0,0
1784906861888,2,04 GET /assets/index.css,200,OK,Moderate Load - 50 users over 60s 2-50,text,true,,49971,460,9,9,http://localhost:5000/assets/index.css,2,0,0
1784906861778,326,07 GET /api/patients?search= (name search),200,OK,Moderate Load - 50 users over 60s 2-48,text,true,,1129,482,9,9,http://localhost:5000/api/patients?search=nh&page=1&limit=20,326,0,0
1784906862229,357,09 GET /api/appointments (day view),200,OK,Moderate Load - 50 users over 60s 2-47,text,true,,1775,460,9,9,http://localhost:5000/api/appointments,357,0,0
1784906862398,545,05 GET /api/dashboard/stats,200,OK,Moderate Load - 50 users over 60s 2-50,text,true,,1188,463,8,8,http://localhost:5000/api/dashboard/stats,545,0,0
1784906860037,3141,10 POST /api/ai/pre-appointment/{id},200,OK,Moderate Load - 50 users over 60s 2-38,text,true,,2305,490,8,8,http://localhost:5000/api/ai/pre-appointment/192,3141,0,0
1784906857979,5370,08 GET /api/patients/{id} (record with history),200,OK,Moderate Load - 50 users over 60s 2-46,text,true,,12340,459,7,7,http://localhost:5000/api/patients/23,5370,0,0
1784906863454,159,06 GET /api/patients (paginated list),200,OK,Moderate Load - 50 users over 60s 2-50,text,true,,10302,473,7,7,http://localhost:5000/api/patients?page=16&limit=20,159,0,0
1784906863860,394,09 GET /api/appointments (day view),200,OK,Moderate Load - 50 users over 60s 2-46,text,true,,1775,460,7,7,http://localhost:5000/api/appointments,394,0,0
1784906864128,308,07 GET /api/patients?search= (name search),200,OK,Moderate Load - 50 users over 60s 2-50,text,true,,1129,482,6,6,http://localhost:5000/api/patients?search=xw&page=1&limit=20,308,0,0
1784906859382,5329,08 GET /api/patients/{id} (record with history),200,OK,Moderate Load - 50 users over 60s 2-44,text,true,,11740,459,6,6,http://localhost:5000/api/patients/42,5329,0,0
1784906865215,353,09 GET /api/appointments (day view),200,OK,Moderate Load - 50 users over 60s 2-44,text,true,,1775,460,6,6,http://localhost:5000/api/appointments,353,0,0
1784906861312,4407,08 GET /api/patients/{id} (record with history),200,OK,Moderate Load - 50 users over 60s 2-39,text,true,,10561,459,5,5,http://localhost:5000/api/patients/41,4407,0,0
1784906860876,4986,08 GET /api/patients/{id} (record with history),200,OK,Moderate Load - 50 users over 60s 2-43,text,true,,11718,459,5,5,http://localhost:5000/api/patients/24,4986,0,0
1784906866227,365,09 GET /api/appointments (day view),200,OK,Moderate Load - 50 users over 60s 2-39,text,true,,1775,460,5,5,http://localhost:5000/api/appointments,365,0,0
1784906866367,360,09 GET /api/appointments (day view),200,OK,Moderate Load - 50 users over 60s 2-43,text,true,,1775,460,4,4,http://localhost:5000/api/appointments,360,0,0
1784906862011,4833,08 GET /api/patients/{id} (record with history),200,OK,Moderate Load - 50 users over 60s 2-49,text,true,,11155,459,4,4,http://localhost:5000/api/patients/30,4833,0,0
1784906862617,5040,08 GET /api/patients/{id} (record with history),200,OK,Moderate Load - 50 users over 60s 2-48,text,true,,11760,459,4,4,http://localhost:5000/api/patients/14,5040,0,0
1784906867349,348,09 GET /api/appointments (day view),200,OK,Moderate Load - 50 users over 60s 2-49,text,true,,1775,460,4,4,http://localhost:5000/api/appointments,348,0,0
1784906868172,388,09 GET /api/appointments (day view),200,OK,Moderate Load - 50 users over 60s 2-48,text,true,,1775,460,3,3,http://localhost:5000/api/appointments,388,0,0
1784906864950,4690,08 GET /api/patients/{id} (record with history),200,OK,Moderate Load - 50 users over 60s 2-50,text,true,,11161,459,2,2,http://localhost:5000/api/patients/33,4689,0,0
1784906870149,374,09 GET /api/appointments (day view),200,OK,Moderate Load - 50 users over 60s 2-50,text,true,,1775,460,2,2,http://localhost:5000/api/appointments,374,0,0
1784906867239,3602,10 POST /api/ai/pre-appointment/{id},200,OK,Moderate Load - 50 users over 60s 2-43,text,true,,2527,489,1,1,http://localhost:5000/api/ai/pre-appointment/43,3602,0,0
